Symbol,Date,Open,High,Low,Close,Volume
HDFCBANK,2025-10-07,842.847201,851.383174,834.542009,843.075730,70859506
HDFCBANK,2025-10-08,843.249972,860.582504,834.477107,851.721504,25953393
HDFCBANK,2025-10-09,844.967572,870.745123,838.906924,864.544060,143389419
HDFCBANK,2025-10-10,864.759268,874.830312,852.988753,863.039771,31685173
HDFCBANK,2025-10-13,863.270351,902.994104,852.226810,891.588301,88199544
HDFCBANK,2025-10-14,893.002680,906.934180,881.818979,895.716492,44022462
HDFCBANK,2025-10-15,905.122249,917.201997,846.925922,858.381873,50550901
HDFCBANK,2025-10-16,860.423937,862.936782,852.057371,854.553070,45940737
HDFCBANK,2025-10-17,867.089876,876.678072,846.462981,855.927747,82174213
HDFCBANK,2025-10-20,856.584384,869.403492,826.311058,838.864988,76773085
HDFCBANK,2025-10-21,840.869193,852.762856,826.649118,838.509403,126984846
HDFCBANK,2025-10-22,836.876174,866.579462,824.647968,854.099592,144915348
HDFCBANK,2025-10-23,854.500217,882.287480,841.189671,868.754888,143459748
HDFCBANK,2025-10-24,875.706426,884.871134,870.491755,879.633080,15299476
HDFCBANK,2025-10-27,879.845450,885.540304,856.638842,862.219611,79224043
HDFCBANK,2025-10-28,860.474223,871.969859,840.862747,852.248489,59617518
HDFCBANK,2025-10-29,852.801427,877.031940,841.679788,865.741545,14348218
HDFCBANK,2025-10-30,862.028481,871.778212,846.008460,855.686462,107393600
HDFCBANK,2025-10-31,852.827039,890.498733,846.759672,884.208108,11034672
HDFCBANK,2025-11-03,886.199995,906.550562,861.850306,882.106880,104387922
HDFCBANK,2025-11-04,883.646715,899.397562,845.848203,861.198922,109374364
HDFCBANK,2025-11-05,865.136114,881.844967,823.484817,839.702456,118519062
HDFCBANK,2025-11-06,844.214759,895.218250,832.268597,882.727114,29132811
HDFCBANK,2025-11-07,873.371129,877.770180,859.645109,863.996943,75916706
HDFCBANK,2025-11-10,864.324242,893.439943,851.557003,880.434730,49496551
HDFCBANK,2025-11-11,873.330964,921.975760,850.325490,898.312225,86713204
HDFCBANK,2025-11-12,904.842144,906.666502,893.638614,895.444024,145949128
HDFCBANK,2025-11-13,885.224977,909.791677,879.176603,903.617634,16535895
HDFCBANK,2025-11-14,902.682020,911.696431,888.469883,897.431864,25612805
HDFCBANK,2025-11-17,898.282362,925.474086,889.989965,917.008818,10558645
HDFCBANK,2025-11-18,913.700257,930.257107,904.449118,920.932740,77181168
HDFCBANK,2025-11-19,915.461551,955.947532,902.983245,943.092597,27671188
HDFCBANK,2025-11-20,946.753689,960.314861,922.431055,935.835841,87346283
HDFCBANK,2025-11-21,926.724740,983.179459,918.884215,974.931085,13622251
HDFCBANK,2025-11-24,985.393053,1002.416040,971.273797,988.255765,130559091
HDFCBANK,2025-11-25,990.467929,995.645941,947.341299,952.319878,132067375
HDFCBANK,2025-11-26,945.458128,988.658114,930.447800,973.207234,140442625
HDFCBANK,2025-11-27,976.094227,982.535023,954.644825,960.985928,119331670
HDFCBANK,2025-11-28,954.726497,979.739035,942.716494,967.567498,34772318
HDFCBANK,2025-12-01,962.719027,982.249600,951.768416,971.202492,83552651
HDFCBANK,2025-12-02,968.759660,999.743674,957.245395,988.000719,9214884
HDFCBANK,2025-12-03,973.226368,988.328608,953.220519,968.245467,115211418
HDFCBANK,2025-12-04,959.162249,990.787079,943.118813,974.487308,68538116
HDFCBANK,2025-12-05,971.579091,991.230968,966.303146,985.877379,8916464
HDFCBANK,2025-12-08,979.296899,993.340740,958.214238,972.155669,94134690
HDFCBANK,2025-12-09,971.146746,992.034779,954.089977,974.911881,108354815
HDFCBANK,2025-12-10,977.134248,988.522247,970.304070,981.660431,26170116
HDFCBANK,2025-12-11,982.979863,1008.452929,968.831693,994.144071,44285937
HDFCBANK,2025-12-12,992.131565,1030.552200,976.255189,1014.320746,94710683
HDFCBANK,2025-12-15,1020.610288,1032.630292,1007.631943,1019.640526,120323361
HDFCBANK,2025-12-16,1004.042404,1023.651228,997.637436,1017.162565,20812041
HDFCBANK,2025-12-17,1023.231162,1056.870270,1007.346141,1040.713841,107593742
HDFCBANK,2025-12-18,1050.442993,1064.310325,1003.892256,1017.322348,50878917
HDFCBANK,2025-12-19,1029.638697,1031.596935,1017.950204,1019.889901,78231348
HDFCBANK,2025-12-22,1018.906255,1032.254928,999.655900,1012.926229,119516459
HDFCBANK,2025-12-23,1013.337807,1034.441105,1000.685539,1021.684620,144785599
HDFCBANK,2025-12-24,1017.022309,1034.943172,1005.161662,1023.012664,126732764
HDFCBANK,2025-12-25,1028.800451,1040.256299,1011.049177,1022.434135,28873813
HDFCBANK,2025-12-26,1021.411798,1039.946342,990.294791,1008.596794,32449958
HDFCBANK,2025-12-29,1009.376181,1055.715333,993.867515,1039.740136,39604551
HDFCBANK,2025-12-30,1037.314003,1052.338922,977.153135,991.514676,49751714
HDFCBANK,2025-12-31,989.453381,1024.135200,976.831518,1011.235476,35638010
HDFCBANK,2026-01-01,1017.399716,1030.586621,1004.937719,1018.115852,81608467
HDFCBANK,2026-01-02,1020.957582,1035.124798,997.192781,1011.224943,16413203
HDFCBANK,2026-01-05,1000.505480,1044.056013,987.464063,1030.622032,145610911
HDFCBANK,2026-01-06,1033.145888,1046.500567,987.738102,1000.673030,38813760
HDFCBANK,2026-01-07,997.941199,1018.041242,964.235028,984.055390,36495186
HDFCBANK,2026-01-08,984.582047,1018.976941,968.142654,1002.242671,89320854
HDFCBANK,2026-01-09,995.455255,1004.510261,982.082473,991.097843,143978748
HDFCBANK,2026-01-12,992.603264,995.898236,952.497431,955.669801,13583885
HDFCBANK,2026-01-13,946.830509,959.744155,925.071850,937.863192,68365293
HDFCBANK,2026-01-14,930.971366,962.508945,915.925849,947.201137,78811662
HDFCBANK,2026-01-15,953.618743,989.060806,942.129982,977.286901,127949530
HDFCBANK,2026-01-16,970.069844,984.788126,955.046967,969.760556,60521125
HDFCBANK,2026-01-19,968.735735,991.210598,960.487826,982.842582,32308658
HDFCBANK,2026-01-20,978.129021,1021.981803,966.708061,1010.186530,22479341
HDFCBANK,2026-01-21,1015.619643,1025.797488,995.705979,1005.785271,34575500
HDFCBANK,2026-01-22,1012.019340,1020.151197,966.348101,974.175875,124479075
HDFCBANK,2026-01-23,984.680176,996.870427,964.571931,976.662929,65709206
HDFCBANK,2026-01-26,981.809675,988.800108,955.043535,961.892156,53050278
HDFCBANK,2026-01-27,966.175512,982.055870,940.698853,956.418847,64997497
HDFCBANK,2026-01-28,966.001464,977.165613,947.315839,958.392046,135249182
HDFCBANK,2026-01-29,952.798123,976.595590,942.588913,966.242326,60726292
HDFCBANK,2026-01-30,984.488924,990.488795,955.844937,961.705959,44330869
HDFCBANK,2026-02-02,963.518725,978.917486,917.724887,932.629990,45306699
HDFCBANK,2026-02-03,933.727120,950.542731,919.941652,936.713178,20860323
HDFCBANK,2026-02-04,944.721795,959.627307,936.014269,950.863176,5883930
HDFCBANK,2026-02-05,960.200546,967.972917,943.601547,951.301887,1878495
HDFCBANK,2026-02-06,947.117624,958.557315,923.519945,934.810992,84620668
HDFCBANK,2026-02-09,926.024856,935.202840,867.451956,876.135479,22225700
HDFCBANK,2026-02-10,862.724645,877.681053,847.262700,862.210188,95620307
HDFCBANK,2026-02-11,860.207202,866.198239,848.185756,854.134499,139940627
HDFCBANK,2026-02-12,849.990941,883.439659,841.445354,874.646194,147438789
HDFCBANK,2026-02-13,871.638375,877.659056,837.263938,843.087409,11759750
HDFCBANK,2026-02-16,836.937773,848.532138,790.638751,801.745587,57425765
HDFCBANK,2026-02-17,799.382247,829.306309,781.304406,810.966493,40078022
HDFCBANK,2026-02-18,812.774681,818.507002,798.945452,804.620262,112590476
HDFCBANK,2026-02-19,800.931659,816.538494,790.976958,806.514405,55141329
HDFCBANK,2026-02-20,811.106713,816.960227,789.344127,795.081996,111204787
HDFCBANK,2026-02-23,793.378132,806.679145,754.514297,767.379440,31668538
HDFCBANK,2026-02-24,771.839160,778.218643,760.120450,766.455435,62883153
HDFCBANK,2026-02-25,773.845364,789.646373,757.730444,773.524910,4725158
HDFCBANK,2026-02-26,775.597494,791.974521,733.923748,749.755103,129613120
HDFCBANK,2026-02-27,749.150405,758.590883,729.806177,739.120259,64305592
HDFCBANK,2026-03-02,738.129315,751.927795,714.894155,728.512867,22987036
HDFCBANK,2026-03-03,730.837454,741.932337,712.858908,723.847679,140491897
HDFCBANK,2026-03-04,723.654247,745.042695,714.950819,736.188516,21945579
HDFCBANK,2026-03-05,739.229812,757.834435,711.770166,730.146176,55937881
HDFCBANK,2026-03-06,729.089403,734.100542,721.717071,726.711869,25970586
HDFCBANK,2026-03-09,723.896595,734.431208,702.221868,712.591969,124278729
HDFCBANK,2026-03-10,705.859046,727.045373,699.169257,720.219482,141149514
HDFCBANK,2026-03-11,716.711356,722.676060,709.159074,715.110455,76760138
HDFCBANK,2026-03-12,706.401977,733.559862,701.840298,728.853202,94243477
HDFCBANK,2026-03-13,723.654087,734.094485,714.083860,724.512900,143142034
HDFCBANK,2026-03-16,727.182414,731.411955,707.254070,711.391766,103084448
HDFCBANK,2026-03-17,708.502981,718.693649,686.177948,696.191537,46877012
HDFCBANK,2026-03-18,692.011159,719.655975,690.424390,718.009592,118851128
HDFCBANK,2026-03-19,718.476156,719.228722,700.789268,701.524078,148371320
HDFCBANK,2026-03-20,696.632707,705.118273,686.607530,695.074111,65169837
HDFCBANK,2026-03-23,700.770088,706.714823,658.155747,663.786747,135430556
HDFCBANK,2026-03-24,670.979261,686.722767,660.078132,675.744224,64786581
HDFCBANK,2026-03-25,676.436207,703.882871,661.685992,688.861708,48130020
HDFCBANK,2026-03-26,690.630235,720.972139,682.676091,712.763086,147324321
HDFCBANK,2026-03-27,716.399465,726.934805,700.132535,710.582329,80423880
HDFCBANK,2026-03-30,708.961312,715.895380,697.202355,704.088766,76324020
HDFCBANK,2026-03-31,704.312805,715.439758,683.754769,694.730336,100637329
HDFCBANK,2026-04-01,690.126869,698.979561,677.973387,686.783187,39339599
HDFCBANK,2026-04-02,680.685004,693.369688,675.274577,687.901897,56009313
HDFCBANK,2026-04-03,684.568443,695.595576,673.545838,684.572899,122833086
HDFCBANK,2026-04-06,681.762005,709.595247,672.317711,699.899696,112798092
HDFCBANK,2026-04-07,698.261387,734.359456,688.154613,723.881846,48885510
HDFCBANK,2026-04-08,727.429238,749.086356,721.738942,743.272130,69362227
HDFCBANK,2026-04-09,742.374245,763.142464,734.750304,755.384908,16468574
HDFCBANK,2026-04-10,756.182059,769.249552,741.897286,754.943374,6095546
HDFCBANK,2026-04-13,746.739818,768.610963,740.849073,762.595141,115056046
HDFCBANK,2026-04-14,767.771092,773.919477,719.715948,725.526030,76775607
HDFCBANK,2026-04-15,720.849500,732.377686,706.930343,718.419671,47712728
HDFCBANK,2026-04-16,716.945149,718.233928,692.238548,693.485156,141311280
HDFCBANK,2026-04-17,697.552267,705.189926,686.861807,694.465670,136541095
HDFCBANK,2026-04-20,701.736285,714.038860,696.991612,709.243429,54586946
HDFCBANK,2026-04-21,707.308547,708.166288,702.236979,703.089603,45901440
HDFCBANK,2026-04-22,711.088255,726.644031,706.993781,722.483940,17933239
HDFCBANK,2026-04-23,720.684276,747.938533,713.692195,740.751757,47103955
HDFCBANK,2026-04-24,742.336591,783.728831,730.824869,771.760816,91174968
HDFCBANK,2026-04-27,769.041840,774.280903,753.470953,758.639147,124896879
HDFCBANK,2026-04-28,765.002629,793.599485,755.487773,783.850209,128430536
HDFCBANK,2026-04-29,794.253033,800.229904,785.300588,791.254897,9355748
HDFCBANK,2026-04-30,792.778289,843.793849,783.150961,833.669942,138592429
HDFCBANK,2026-05-01,837.008108,881.868167,832.735759,877.389697,74897413
HDFCBANK,2026-05-04,874.548773,903.448573,865.542437,894.239457,14540623
HDFCBANK,2026-05-05,897.519008,909.619407,878.939898,890.951757,99953834
HDFCBANK,2026-05-06,886.135656,904.526778,858.154094,876.341955,27254155
HDFCBANK,2026-05-07,879.417516,898.776891,870.402875,889.657285,99426632
HDFCBANK,2026-05-08,879.275070,904.330557,873.422564,898.351080,118185794
HDFCBANK,2026-05-11,900.842900,911.580670,865.956390,876.402842,34353808
HDFCBANK,2026-05-12,873.986153,939.652442,854.570537,919.231695,147485346
HDFCBANK,2026-05-13,920.916018,931.404381,906.313081,916.754044,79269030
HDFCBANK,2026-05-14,915.674054,926.369555,903.186755,913.861080,58648836
HDFCBANK,2026-05-15,910.748273,924.683345,894.214705,908.109401,116847225
HDFCBANK,2026-05-18,897.207388,926.226439,884.593503,913.385111,33894457
HDFCBANK,2026-05-19,916.191943,929.601180,888.422635,901.618579,17087224
HDFCBANK,2026-05-20,906.575146,914.937710,897.718524,906.076488,72817487
HDFCBANK,2026-05-21,920.448885,933.679397,882.489756,895.359636,121145180
HDFCBANK,2026-05-22,904.698169,918.052154,886.028564,899.302911,111804954
HDFCBANK,2026-05-25,903.109014,920.469372,836.479005,852.873695,106346916
HDFCBANK,2026-05-26,847.701089,857.791792,822.159327,832.063891,140170594
HDFCBANK,2026-05-27,835.136280,862.481975,831.450811,858.692552,139408478
HDFCBANK,2026-05-28,862.869846,917.256093,853.540780,907.445094,35041991
HDFCBANK,2026-05-29,903.773613,921.612935,899.598996,917.375489,34335011
HDFCBANK,2026-06-01,926.736849,968.148010,911.759490,952.750239,120605102
HDFCBANK,2026-06-02,954.440634,1024.044725,946.979497,1016.101566,30295022
HDFCBANK,2026-06-03,1011.460095,1053.731944,1001.282850,1043.234983,21550789
HDFCBANK,2026-06-04,1040.866054,1046.568966,1022.590349,1028.223996,148747708
HDFCBANK,2026-06-05,1030.637147,1057.796283,1012.207800,1039.213577,126928480
HDFCBANK,2026-06-08,1040.711334,1056.871926,1029.287111,1045.396275,85976964
HDFCBANK,2026-06-09,1053.221719,1066.125575,998.966643,1011.357588,143506265
HDFCBANK,2026-06-10,1011.584724,1025.355707,987.211587,1000.836248,38039371
HDFCBANK,2026-06-11,997.213180,1007.930589,986.889238,997.602615,98092863
HDFCBANK,2026-06-12,999.771234,1008.113940,989.167526,997.491207,53233615
HDFCBANK,2026-06-15,997.563059,1014.955636,962.233512,979.307807,36984804
HDFCBANK,2026-06-16,974.376314,986.956757,944.458347,956.812013,48612137
HDFCBANK,2026-06-17,955.032450,968.303579,943.168395,956.422259,122188317
HDFCBANK,2026-06-18,950.398927,961.857871,903.309761,914.333870,61579824
HDFCBANK,2026-06-19,909.982124,919.931189,896.363474,906.271976,111917433
HDFCBANK,2026-06-22,907.513195,923.401408,895.224698,911.064819,10051790
HDFCBANK,2026-06-23,918.209325,936.534752,896.254639,914.506160,68923033
HDFCBANK,2026-06-24,912.641187,927.691863,896.485098,911.517239,71674227
HDFCBANK,2026-06-25,917.441687,928.144474,862.961198,873.147250,78084142
HDFCBANK,2026-06-26,867.151060,874.828479,849.569276,857.158222,69613758
HDFCBANK,2026-06-29,849.959572,906.187094,838.961807,894.611570,102209836
HDFCBANK,2026-06-30,886.101487,899.979685,867.935216,881.745185,91376569
HDFCBANK,2026-07-01,894.168692,903.082100,846.210631,854.730909,9516783
HDFCBANK,2026-07-02,854.943095,859.859718,854.463196,859.377331,39001951
HDFCBANK,2026-07-03,858.392225,897.448747,854.130805,893.015443,70216018
HDFCBANK,2026-07-06,890.850209,916.907926,874.220387,900.105335,112279114
HDFCBANK,2026-07-07,896.956495,921.943524,884.765456,909.580899,4132936
HDFCBANK,2026-07-08,908.561982,945.345484,895.849561,932.300912,36103812
HDFCBANK,2026-07-09,935.246286,960.411086,923.028883,948.026729,59759256
HDFCBANK,2026-07-10,955.093062,968.664432,952.216067,965.755320,9707185
HDFCBANK,2026-07-13,964.872742,976.969218,945.025943,957.024020,2249117
HDFCBANK,2026-07-14,953.406268,975.097006,945.388307,966.965018,8352741
HDFCBANK,2026-07-15,964.995826,977.662956,935.693987,948.139855,31127341
HDFCBANK,2026-07-16,961.260090,969.305511,932.194665,940.062669,79549567
HDFCBANK,2026-07-17,942.822411,958.213588,935.702503,951.031686,118102509
HDFCBANK,2026-07-20,954.394977,970.199558,883.731390,898.612220,104051136
HDFCBANK,2026-07-21,898.423960,914.993213,888.840858,905.336379,58337615
HDFCBANK,2026-07-22,905.659964,921.467223,885.001155,900.722232,97076219
HDFCBANK,2026-07-23,895.516053,929.142445,878.539323,911.855952,50418539
HDFCBANK,2026-07-24,910.579206,935.333960,907.392317,932.071850,101457778
HDFCBANK,2026-07-27,928.042922,932.576958,897.904820,902.313150,127407283
HDFCBANK,2026-07-28,899.781509,901.459176,881.353960,883.000339,59096084
HDFCBANK,2026-07-29,883.879771,904.571561,874.606558,895.179793,78455965
HDFCBANK,2026-07-30,893.944156,916.962804,883.560969,906.434541,133320115
HDFCBANK,2026-07-31,911.945747,932.346964,899.659131,919.952475,44303247
HDFCBANK,2026-08-03,920.604417,946.196895,909.526779,934.946676,4539411
HDFCBANK,2026-08-04,932.961951,950.768502,919.776530,937.518681,143192283
HDFCBANK,2026-08-05,948.901063,967.001312,941.094014,959.110267,148024078
HDFCBANK,2026-08-06,958.832320,974.441612,947.426110,962.985991,36592192
HDFCBANK,2026-08-07,973.323904,978.638294,953.556267,958.791309,80939229
HDFCBANK,2026-08-10,962.146466,977.073358,939.758183,954.567494,107058264
HDFCBANK,2026-08-11,953.330117,962.115626,933.637899,942.321961,34258993
HDFCBANK,2026-08-12,935.177692,990.357550,920.390056,974.941148,103722943
HDFCBANK,2026-08-13,982.235513,999.903957,972.404349,989.995128,55961283
HDFCBANK,2026-08-14,997.984887,1018.565541,983.271058,1003.766472,88947551
HDFCBANK,2026-08-17,1001.980663,1016.788737,969.433596,983.975577,24415130
HDFCBANK,2026-08-18,974.648172,1005.732948,964.183321,995.049052,122843729
HDFCBANK,2026-08-19,983.589298,1001.716088,943.415035,961.127878,122723501
HDFCBANK,2026-08-20,962.366045,972.051122,937.593022,947.124713,92178558
HDFCBANK,2026-08-21,944.168149,966.929278,939.920998,962.599218,98186438
HDFCBANK,2026-08-24,947.837429,953.918838,934.417788,940.451810,4956511
HDFCBANK,2026-08-25,940.336239,948.350191,893.496273,901.176489,74790779
HDFCBANK,2026-08-26,890.418876,900.452339,856.139344,865.896482,126726018
HDFCBANK,2026-08-27,862.135057,875.622949,851.797470,865.248035,22349430
HDFCBANK,2026-08-28,864.102155,877.572301,828.138271,841.252219,100780878
HDFCBANK,2026-08-31,833.410314,866.009324,823.270773,855.599818,27980019
HDFCBANK,2026-09-01,850.523539,869.793468,847.003245,866.208255,133272142
HDFCBANK,2026-09-02,869.480702,882.847303,814.759762,827.480692,145667243
HDFCBANK,2026-09-03,825.079863,858.679361,813.132736,846.423184,72837313
HDFCBANK,2026-09-04,849.423588,865.528021,844.298063,860.336646,74611616
HDFCBANK,2026-09-07,862.421093,878.984911,855.248131,871.734488,13165197
HDFCBANK,2026-09-08,877.315135,892.062612,866.768909,881.466483,52929596
HDFCBANK,2026-09-09,879.026962,892.031151,838.420218,851.009928,25204468
HDFCBANK,2026-09-10,850.526844,866.888843,839.801340,856.093146,81208573
HDFCBANK,2026-09-11,853.762680,877.675003,834.766361,858.571683,17913484
HDFCBANK,2026-09-14,859.475490,873.043045,823.333703,836.539189,94288516
HDFCBANK,2026-09-15,831.423481,841.153212,827.922620,837.626234,47679945
HDFCBANK,2026-09-16,844.154559,889.341568,830.165561,874.843996,114246626
HDFCBANK,2026-09-17,879.108591,884.484557,875.007896,880.377942,56208511
HDFCBANK,2026-09-18,876.963640,888.528683,856.387244,867.831860,46645618
HDFCBANK,2026-09-21,868.230173,894.235690,856.244336,882.058947,58087376
HDFCBANK,2026-09-22,887.866862,893.322141,882.460707,887.915688,84556398
HDFCBANK,2026-09-23,888.129070,896.580552,866.058415,874.379051,91542495
ICICIBANK,2025-10-07,999.276986,1009.500469,976.771351,986.867877,58817175
ICICIBANK,2025-10-08,1003.122271,1011.664115,975.115737,983.490410,118112651
ICICIBANK,2025-10-09,984.643891,1010.788880,964.605143,990.628341,67715789
ICICIBANK,2025-10-10,990.042394,1015.040398,983.663927,1008.542740,49048340
ICICIBANK,2025-10-13,996.734265,1031.022893,990.433057,1024.545865,87757234
ICICIBANK,2025-10-14,1028.069629,1032.935239,999.384794,1004.137138,108651076
ICICIBANK,2025-10-15,1007.078104,1010.537155,963.644805,966.966082,68696249
ICICIBANK,2025-10-16,961.918574,981.727637,941.343746,961.136709,15416248
ICICIBANK,2025-10-17,958.392801,985.160471,947.627497,974.217415,108066489
ICICIBANK,2025-10-20,976.502735,989.111315,955.746632,968.248636,109910792
ICICIBANK,2025-10-21,973.179633,980.785266,920.007821,927.254539,61531727
ICICIBANK,2025-10-22,929.514144,945.959414,910.354727,926.751113,59051271
ICICIBANK,2025-10-23,915.293426,984.152095,896.098603,963.937152,125048348
ICICIBANK,2025-10-24,960.127861,969.289130,944.403234,953.501274,65782858
ICICIBANK,2025-10-27,957.177583,974.189168,938.304498,955.282400,45465506
ICICIBANK,2025-10-28,952.903346,967.617851,936.436686,951.123711,124785446
ICICIBANK,2025-10-29,952.163646,1014.330291,937.670172,999.122035,52159766
ICICIBANK,2025-10-30,998.404529,1011.406509,975.693885,988.567764,113038929
ICICIBANK,2025-10-31,988.779354,998.562391,979.529073,989.307172,84492003
ICICIBANK,2025-11-03,987.548444,1019.406243,969.977534,1001.585578,140245483
ICICIBANK,2025-11-04,997.072517,1013.691487,989.594180,1006.145103,100479401
ICICIBANK,2025-11-05,1004.118637,1025.632731,958.140574,979.119031,87607319
ICICIBANK,2025-11-06,985.872661,997.134905,950.877674,961.865671,39415455
ICICIBANK,2025-11-07,954.536872,969.634976,910.356267,924.986975,102539975
ICICIBANK,2025-11-10,921.465852,938.988928,881.606297,898.696377,5748770
ICICIBANK,2025-11-11,901.870469,918.065979,867.024041,882.878500,112872748
ICICIBANK,2025-11-12,885.511004,910.778548,874.719589,899.812841,134003883
ICICIBANK,2025-11-13,917.403030,927.812125,903.675005,914.046010,119067380
ICICIBANK,2025-11-14,914.360533,945.441144,904.397598,935.250589,61014827
ICICIBANK,2025-11-17,932.793142,985.403659,922.240590,974.380634,88721526
ICICIBANK,2025-11-18,972.704899,977.390799,917.603502,922.045355,84508750
ICICIBANK,2025-11-19,919.926405,938.208014,910.800848,928.992522,121005680
ICICIBANK,2025-11-20,933.484525,945.087867,888.438660,899.621074,57658703
ICICIBANK,2025-11-21,897.717714,904.167378,883.410673,889.803478,41737499
ICICIBANK,2025-11-24,889.190904,900.664707,879.250555,890.707404,45186476
ICICIBANK,2025-11-25,892.753388,930.128853,880.772462,917.811639,52142805
ICICIBANK,2025-11-26,916.040151,931.368460,901.775412,917.087412,81531378
ICICIBANK,2025-11-27,917.685001,967.016486,910.430520,959.431987,102129374
ICICIBANK,2025-11-28,963.369665,973.301946,953.114057,963.042970,3900106
ICICIBANK,2025-12-01,958.370425,994.694351,945.142159,981.151639,99396893
ICICIBANK,2025-12-02,984.319904,997.806682,948.538056,961.715112,81053979
ICICIBANK,2025-12-03,966.077991,996.870259,954.074619,984.636303,95343243
ICICIBANK,2025-12-04,990.041243,1023.698802,981.915476,1015.365188,19803324
ICICIBANK,2025-12-05,1014.367126,1032.231429,1003.278930,1021.069964,40864233
ICICIBANK,2025-12-08,1025.824219,1034.872782,967.500977,976.111032,112271090
ICICIBANK,2025-12-09,977.268530,1002.105041,968.062173,992.752814,62801155
ICICIBANK,2025-12-10,999.581436,1046.374614,988.727867,1035.135000,127926446
ICICIBANK,2025-12-11,1041.270094,1054.539330,1016.725173,1029.848865,9454936
ICICIBANK,2025-12-12,1031.277871,1040.884675,980.742461,989.964412,141543973
ICICIBANK,2025-12-15,977.850132,980.355978,965.170174,967.649880,30154293
ICICIBANK,2025-12-16,963.999091,988.599034,948.027138,972.486458,31841761
ICICIBANK,2025-12-17,962.792079,1017.027111,946.614897,1000.221034,33176293
ICICIBANK,2025-12-18,993.571906,993.635547,990.853103,990.916573,98509052
ICICIBANK,2025-12-19,985.311327,1055.270989,972.351051,1041.570706,41634601
ICICIBANK,2025-12-22,1037.190820,1071.257344,1028.148046,1061.998285,134202002
ICICIBANK,2025-12-23,1064.016993,1102.535493,1046.629417,1084.808160,46340226
ICICIBANK,2025-12-24,1089.747955,1108.615815,1052.080530,1070.617160,129874129
ICICIBANK,2025-12-25,1081.089475,1088.845008,1059.646094,1067.302723,3369164
ICICIBANK,2025-12-26,1061.751480,1079.135234,1036.628087,1053.883013,144857518
ICICIBANK,2025-12-29,1054.589144,1069.609641,1020.540403,1035.285964,149587168
ICICIBANK,2025-12-30,1036.188685,1055.694203,987.462621,1006.407530,108878946
ICICIBANK,2025-12-31,1007.149525,1043.885343,992.124380,1028.541069,136736315
ICICIBANK,2026-01-01,1032.265256,1049.033566,991.608268,1007.982118,94459250
ICICIBANK,2026-01-02,1008.101355,1023.007747,999.943296,1014.795516,42786292
ICICIBANK,2026-01-05,1003.141234,1035.626977,989.618835,1021.852350,108893561
ICICIBANK,2026-01-06,1022.851253,1049.925552,1012.201794,1039.106847,7064181
ICICIBANK,2026-01-07,1036.790761,1050.914797,1013.051257,1027.042494,50151980
ICICIBANK,2026-01-08,1026.956952,1038.463976,998.571374,1009.887131,5421659
ICICIBANK,2026-01-09,1002.366004,1044.678756,987.074501,1028.981227,5759769
ICICIBANK,2026-01-12,1031.742042,1041.019977,1005.479238,1014.603050,70175347
ICICIBANK,2026-01-13,1012.800112,1054.089976,1001.348283,1042.304537,144063816
ICICIBANK,2026-01-14,1042.896383,1059.760735,1011.349392,1027.972413,57930308
ICICIBANK,2026-01-15,1021.287453,1034.148035,1017.777734,1030.606291,27902703
ICICIBANK,2026-01-16,1025.527886,1041.789832,1010.192460,1026.440755,40159577
ICICIBANK,2026-01-19,1026.333715,1057.783011,1015.840501,1047.077711,127015602
ICICIBANK,2026-01-20,1053.640980,1069.441868,1010.846166,1026.236077,130443662
ICICIBANK,2026-01-21,1029.533718,1056.019616,1014.180643,1040.502960,145923589
ICICIBANK,2026-01-22,1037.406436,1052.434716,1010.139217,1024.987592,37148037
ICICIBANK,2026-01-23,1030.234409,1037.663463,1005.301070,1012.602984,40068711
ICICIBANK,2026-01-26,1011.731407,1023.408793,1000.659825,1012.330653,90157348
ICICIBANK,2026-01-27,1014.985348,1064.821811,1000.609103,1049.950322,83176842
ICICIBANK,2026-01-28,1054.049152,1073.148644,1044.827885,1063.841707,16511479
ICICIBANK,2026-01-29,1075.206055,1090.086384,1069.574296,1084.406435,59247546
ICICIBANK,2026-01-30,1090.450226,1107.037613,1079.825685,1096.355535,50600198
ICICIBANK,2026-02-02,1100.748560,1112.616313,1039.275272,1050.602372,22945595
ICICIBANK,2026-02-03,1060.216144,1080.418086,1023.395780,1043.274914,57498586
ICICIBANK,2026-02-04,1039.449933,1045.219243,1000.761091,1006.346667,15309200
ICICIBANK,2026-02-05,1000.966411,1016.725090,959.525254,974.873134,37685246
ICICIBANK,2026-02-06,972.668939,1018.132708,968.751343,1014.048448,61396080
ICICIBANK,2026-02-09,1004.820070,1027.254619,986.832650,1009.188991,10787266
ICICIBANK,2026-02-10,1012.862361,1029.078017,991.586650,1007.719978,111791195
ICICIBANK,2026-02-11,1008.358653,1023.324071,997.768816,1012.688759,61311395
ICICIBANK,2026-02-12,1005.735941,1039.517749,990.328508,1023.833076,104714726
ICICIBANK,2026-02-13,1019.789207,1029.364100,1003.220216,1012.728818,126085649
ICICIBANK,2026-02-16,1024.967987,1053.563288,1018.276003,1046.729226,73057398
ICICIBANK,2026-02-17,1049.366482,1069.774932,1040.462356,1060.774010,48309673
ICICIBANK,2026-02-18,1064.197055,1085.568472,1048.688937,1069.976138,135880255
ICICIBANK,2026-02-19,1070.095068,1119.516173,1064.852841,1114.058576,74614138
ICICIBANK,2026-02-20,1128.068292,1142.949437,1083.280484,1097.761835,91581721
ICICIBANK,2026-02-23,1103.216115,1131.991571,1042.129329,1070.039428,131811615
ICICIBANK,2026-02-24,1074.223015,1084.343123,1052.030072,1062.035362,63162487
ICICIBANK,2026-02-25,1065.554751,1072.979871,1057.150292,1064.568539,81592972
ICICIBANK,2026-02-26,1060.855210,1097.196951,1045.009561,1081.049665,78038130
ICICIBANK,2026-02-27,1069.626258,1112.031746,1066.932224,1109.237943,91054549
ICICIBANK,2026-03-02,1107.663477,1118.375801,1090.197092,1100.843460,1232225
ICICIBANK,2026-03-03,1098.763551,1125.447495,1077.123067,1103.709596,10782344
ICICIBANK,2026-03-04,1102.709476,1119.799089,1058.784792,1075.451972,126489047
ICICIBANK,2026-03-05,1072.822683,1089.175140,1034.772147,1050.788753,17912103
ICICIBANK,2026-03-06,1046.815493,1075.306814,1042.993741,1071.395325,91654613
ICICIBANK,2026-03-09,1074.859939,1083.156216,1030.050704,1038.062965,106349272
ICICIBANK,2026-03-10,1034.270937,1047.626529,1024.214714,1037.538536,36358284
ICICIBANK,2026-03-11,1037.827500,1060.479311,1012.588413,1035.182493,42907205
ICICIBANK,2026-03-12,1034.077673,1076.784662,1019.525295,1061.841568,10117953
ICICIBANK,2026-03-13,1056.630236,1069.093631,1020.042720,1032.218165,75063455
ICICIBANK,2026-03-16,1029.328617,1053.024019,1009.847586,1033.464708,33136571
ICICIBANK,2026-03-17,1027.982926,1035.222916,1016.037262,1023.243875,1195625
ICICIBANK,2026-03-18,1022.743694,1028.638621,1010.273918,1016.130729,120269412
ICICIBANK,2026-03-19,1020.158312,1034.087604,941.019271,954.045860,130762585
ICICIBANK,2026-03-20,948.604571,967.269686,926.036925,944.623711,61903717
ICICIBANK,2026-03-23,946.844660,956.849476,920.192105,930.019134,28349085
ICICIBANK,2026-03-24,924.428260,935.686527,886.260100,897.186601,131962498
ICICIBANK,2026-03-25,895.627078,921.485101,885.271317,910.952143,50147450
ICICIBANK,2026-03-26,903.223693,921.633349,857.531066,875.373067,117444026
ICICIBANK,2026-03-27,872.485623,894.140949,843.429937,864.896909,30827750
ICICIBANK,2026-03-30,866.442812,877.968396,843.996983,855.375345,121705409
ICICIBANK,2026-03-31,847.303697,889.427225,840.233210,882.066652,99664545
ICICIBANK,2026-04-01,878.494217,886.342913,876.383965,884.218910,52902901
ICICIBANK,2026-04-02,888.686830,891.898072,865.128093,868.265544,40496182
ICICIBANK,2026-04-03,857.590287,918.735531,841.372757,901.684159,2531262
ICICIBANK,2026-04-06,902.797365,920.594888,873.427854,890.992662,39731629
ICICIBANK,2026-04-07,894.457662,903.949944,838.354249,847.346573,127078184
ICICIBANK,2026-04-08,853.603272,878.335305,839.151747,863.712628,23164652
ICICIBANK,2026-04-09,864.336794,868.841992,850.512663,854.969034,132906131
ICICIBANK,2026-04-10,853.294122,869.788256,818.935796,835.077810,53253464
ICICIBANK,2026-04-13,838.828529,855.519837,791.950369,808.028813,52974682
ICICIBANK,2026-04-14,815.671567,822.838388,782.998443,789.939168,96088473
ICICIBANK,2026-04-15,794.773421,802.049253,783.490813,790.729625,3263081
ICICIBANK,2026-04-16,784.453623,809.766480,779.303248,804.484590,67257083
ICICIBANK,2026-04-17,808.051804,846.139568,802.070550,839.922406,115454116
ICICIBANK,2026-04-20,828.604229,886.429309,820.068693,877.391214,78334137
ICICIBANK,2026-04-21,884.314380,891.940697,877.207924,884.830097,134490064
ICICIBANK,2026-04-22,887.401435,940.577392,871.592961,924.114892,113430146
ICICIBANK,2026-04-23,923.489624,937.776336,903.872728,918.075684,74189507
ICICIBANK,2026-04-24,920.447391,932.338720,910.979625,922.846279,78881568
ICICIBANK,2026-04-27,921.734713,948.453209,909.981513,936.511586,84449846
ICICIBANK,2026-04-28,929.696187,939.479315,929.499643,939.280745,97214529
ICICIBANK,2026-04-29,944.631172,953.724433,921.041166,929.993522,43405457
ICICIBANK,2026-04-30,934.591477,951.246643,931.251499,947.859249,33871541
ICICIBANK,2026-05-01,949.507947,965.107362,936.646141,952.208969,97090115
ICICIBANK,2026-05-04,951.814524,962.493035,936.037992,946.658660,90202313
ICICIBANK,2026-05-05,945.085894,976.732198,941.991849,973.544983,87210707
ICICIBANK,2026-05-06,962.816544,988.666677,951.500199,977.181495,146382589
ICICIBANK,2026-05-07,972.048316,986.089021,958.484295,972.518440,58143014
ICICIBANK,2026-05-08,973.825970,992.034607,950.011915,968.113745,24624457
ICICIBANK,2026-05-11,972.219293,975.525241,896.377855,899.436310,15834368
ICICIBANK,2026-05-12,907.101873,914.559527,893.242309,900.646895,97858724
ICICIBANK,2026-05-13,914.472529,921.349924,858.486560,864.991829,38717795
ICICIBANK,2026-05-14,867.158306,876.005523,859.610653,868.446656,111679910
ICICIBANK,2026-05-15,872.693914,891.081095,843.150734,861.297806,1823955
ICICIBANK,2026-05-18,861.043993,873.883530,818.489856,830.879594,126837185
ICICIBANK,2026-05-19,835.441286,836.083072,825.724259,826.359068,7997844
ICICIBANK,2026-05-20,834.131130,842.560924,815.945350,824.275543,129243280
ICICIBANK,2026-05-21,825.703304,837.212001,806.526378,817.926684,116330403
ICICIBANK,2026-05-22,822.516017,836.211742,814.648248,828.288754,135811031
ICICIBANK,2026-05-25,831.383465,844.247616,812.531041,825.301078,30304521
ICICIBANK,2026-05-26,823.192751,830.408040,808.659776,815.810359,22381144
ICICIBANK,2026-05-27,816.199649,823.147410,808.435450,815.376201,35612789
ICICIBANK,2026-05-28,813.918758,849.104405,801.285411,836.126360,73474342
ICICIBANK,2026-05-29,836.375600,850.075931,796.118146,809.376211,84029549
ICICIBANK,2026-06-01,812.953785,836.974722,797.645229,821.505138,93763437
ICICIBANK,2026-06-02,824.939040,839.557904,790.390930,804.650254,101299778
ICICIBANK,2026-06-03,797.002692,807.848074,776.402351,787.113159,144721607
ICICIBANK,2026-06-04,786.530731,805.132584,776.012516,794.507694,61497747
ICICIBANK,2026-06-05,797.373608,808.148388,789.140767,799.889570,1381373
ICICIBANK,2026-06-08,802.836008,814.326474,792.950292,804.421238,22205868
ICICIBANK,2026-06-09,801.829586,814.364399,798.774031,811.272858,39541094
ICICIBANK,2026-06-10,808.517237,826.545573,776.647063,794.359714,138852122
ICICIBANK,2026-06-11,795.080287,819.893911,783.436454,808.059991,3019403
ICICIBANK,2026-06-12,812.864589,822.972153,785.584495,795.475839,77012588
ICICIBANK,2026-06-15,801.354123,808.791363,778.183061,785.472909,32726789
ICICIBANK,2026-06-16,783.946338,795.637060,765.865418,777.459402,131372145
ICICIBANK,2026-06-17,772.703599,787.489885,766.723772,781.442430,51745290
ICICIBANK,2026-06-18,782.848864,801.625284,772.671774,791.337837,135385694
ICICIBANK,2026-06-19,792.936690,797.093223,785.418427,789.557245,70611121
ICICIBANK,2026-06-22,781.759415,793.480607,762.127638,773.728419,130494724
ICICIBANK,2026-06-23,769.551902,798.013942,761.472929,789.723205,7741163
ICICIBANK,2026-06-24,792.973761,819.658611,782.211607,808.683250,128647148
ICICIBANK,2026-06-25,809.346274,820.223064,786.178874,796.888240,105073725
ICICIBANK,2026-06-26,788.844995,838.570076,777.946127,827.142086,137312677
ICICIBANK,2026-06-29,826.865019,835.412209,813.957628,822.459277,45784361
ICICIBANK,2026-06-30,823.974576,835.718881,794.317124,805.802416,100102038
ICICIBANK,2026-07-01,803.331954,813.031100,779.429875,788.955444,46298955
ICICIBANK,2026-07-02,785.619127,796.065343,756.320001,766.512155,99605313
ICICIBANK,2026-07-03,766.514562,775.866959,739.584812,748.720095,149191871
ICICIBANK,2026-07-06,736.743470,758.679766,727.122798,748.900344,26558075
ICICIBANK,2026-07-07,741.471630,781.435573,738.442705,778.256382,82351987
ICICIBANK,2026-07-08,778.529673,785.163859,761.201207,767.743479,72890133
ICICIBANK,2026-07-09,769.188305,795.362576,750.654126,776.648634,3584644
ICICIBANK,2026-07-10,775.524843,805.056745,763.289198,792.552451,70404396
ICICIBANK,2026-07-13,796.331081,840.699832,784.069025,827.950888,67284974
ICICIBANK,2026-07-14,829.245283,874.413256,817.323296,862.020070,149581224
ICICIBANK,2026-07-15,850.252659,864.631559,821.169598,835.295553,144857534
ICICIBANK,2026-07-16,836.677378,869.605810,825.281263,857.920351,116686053
ICICIBANK,2026-07-17,856.224605,885.168492,851.191555,879.995711,74174755
ICICIBANK,2026-07-20,880.254656,928.888862,865.234613,913.304873,144011914
ICICIBANK,2026-07-21,913.461425,920.434468,906.919338,913.889316,54008270
ICICIBANK,2026-07-22,912.623543,946.448267,894.241587,927.761406,62442424
ICICIBANK,2026-07-23,911.956808,923.319697,866.582946,877.516716,56909280
ICICIBANK,2026-07-24,876.833371,884.514633,855.408578,862.968379,27941259
ICICIBANK,2026-07-27,865.977528,869.426669,839.964046,843.322955,42384371
ICICIBANK,2026-07-28,847.635361,858.537694,836.897864,847.798135,35372648
ICICIBANK,2026-07-29,856.519784,861.127331,819.275674,823.706708,48215098
ICICIBANK,2026-07-30,825.090023,833.204876,797.029389,804.946125,111717328
ICICIBANK,2026-07-31,804.230093,819.547219,787.449536,802.738249,101905040
ICICIBANK,2026-08-03,804.580644,812.801477,795.894650,804.110680,62739052
ICICIBANK,2026-08-04,799.439150,813.432265,792.001786,805.934473,137308346
ICICIBANK,2026-08-05,799.891310,843.818677,780.107860,823.452496,106313581
ICICIBANK,2026-08-06,817.864289,843.599120,804.017062,829.553976,68042397
ICICIBANK,2026-08-07,831.253804,848.741116,822.885194,840.281619,90881801
ICICIBANK,2026-08-10,845.956144,851.454973,820.327084,825.694208,62271590
ICICIBANK,2026-08-11,822.284903,839.243730,804.883339,821.832843,49897074
ICICIBANK,2026-08-12,830.681963,833.483231,814.598583,817.354909,58362547
ICICIBANK,2026-08-13,818.008463,860.004793,811.678329,853.400777,18075269
ICICIBANK,2026-08-14,848.483407,859.439520,825.592823,836.392815,48247081
ICICIBANK,2026-08-17,838.106915,852.773644,814.000339,828.498929,136817509
ICICIBANK,2026-08-18,828.563417,836.747552,801.581950,809.578562,40233359
ICICIBANK,2026-08-19,805.108050,824.633933,797.946114,817.362982,71219453
ICICIBANK,2026-08-20,823.588957,841.485752,811.181180,828.996507,120938300
ICICIBANK,2026-08-21,831.777670,838.534695,803.098550,809.676030,49204504
ICICIBANK,2026-08-24,810.998596,822.358186,792.254012,803.508692,71355848
ICICIBANK,2026-08-25,802.714474,847.338089,788.850055,832.951419,133651048
ICICIBANK,2026-08-26,838.145317,847.296005,805.729224,814.623102,40747286
ICICIBANK,2026-08-27,809.871780,825.748774,783.201001,798.862159,77538003
ICICIBANK,2026-08-28,794.095962,804.843191,777.160269,787.822596,74773138
ICICIBANK,2026-08-31,775.976105,791.576934,764.692219,780.231173,54752129
ICICIBANK,2026-09-01,779.062527,792.212672,734.759992,747.375274,142765421
ICICIBANK,2026-09-02,751.220284,762.988490,725.817791,737.369011,46679329
ICICIBANK,2026-09-03,737.053977,765.041258,726.992407,754.738279,73282577
ICICIBANK,2026-09-04,758.098256,762.010361,727.084679,730.856203,30502800
ICICIBANK,2026-09-07,726.788324,747.205239,716.961137,737.236775,128314167
ICICIBANK,2026-09-08,741.696353,741.955381,691.886104,692.127821,106647928
ICICIBANK,2026-09-09,683.259628,695.461416,654.199517,666.094772,72113712
ICICIBANK,2026-09-10,665.776703,674.126803,644.351367,652.535397,92871304
ICICIBANK,2026-09-11,653.294901,657.374076,624.338671,628.261538,24340717
ICICIBANK,2026-09-14,629.744353,643.710896,620.488290,634.386600,25624738
ICICIBANK,2026-09-15,639.014532,642.422212,628.788835,632.159962,121214218
ICICIBANK,2026-09-16,636.074584,646.336669,614.202674,624.274381,134224729
ICICIBANK,2026-09-17,621.046738,628.693163,605.989777,613.543826,97170977
ICICIBANK,2026-09-18,617.849754,626.236018,599.034452,607.277212,116671044
ICICIBANK,2026-09-21,602.407896,607.888555,581.728186,587.069296,110832005
ICICIBANK,2026-09-22,586.168573,594.453155,571.521066,579.714429,38332695
ICICIBANK,2026-09-23,578.706605,583.472148,568.408488,573.128094,78713642
SBIN,2025-10-07,748.381581,761.134919,740.607759,753.309904,23079335
SBIN,2025-10-08,751.209076,774.780708,743.224912,766.632616,140474291
SBIN,2025-10-09,771.274202,778.210750,753.481289,760.319313,129099546
SBIN,2025-10-10,755.703823,778.063758,746.685638,768.888237,106628403
SBIN,2025-10-13,773.592151,800.411473,761.810947,788.404685,71941577
SBIN,2025-10-14,791.350328,795.654620,787.284036,791.587111,142796538
SBIN,2025-10-15,796.947315,798.660372,771.005078,772.665942,60297123
SBIN,2025-10-16,775.121887,777.047175,768.232779,770.145707,107700557
SBIN,2025-10-17,766.137667,804.057738,754.708641,792.239335,83180268
SBIN,2025-10-20,789.043829,801.535957,785.613804,798.066710,54738300
SBIN,2025-10-21,794.648429,835.884650,784.915893,825.770937,70022408
SBIN,2025-10-22,824.537286,854.867662,815.694419,845.796794,96755128
SBIN,2025-10-23,850.800840,868.269786,834.510994,851.957788,24986991
SBIN,2025-10-24,843.924449,859.977664,843.497744,859.543062,99952401
SBIN,2025-10-27,852.151704,858.394193,841.387199,847.596317,119676839
SBIN,2025-10-28,848.295797,859.527860,842.970817,854.166030,80478260
SBIN,2025-10-29,852.983500,908.911201,843.872418,899.305336,85727168
SBIN,2025-10-30,893.874391,918.264410,878.084102,902.324844,82640835
SBIN,2025-10-31,906.440913,919.782028,849.569722,862.260585,140162449
SBIN,2025-11-03,858.998862,864.205960,836.599346,841.701590,148470977
SBIN,2025-11-04,850.515006,854.702755,816.569761,820.610265,9969975
SBIN,2025-11-05,819.120200,845.573578,806.503212,832.746699,65194434
SBIN,2025-11-06,832.248570,850.343316,823.144064,841.141523,19107459
SBIN,2025-11-07,842.291410,854.374470,813.029274,824.862306,74097273
SBIN,2025-11-10,821.836315,845.920163,807.585230,831.501479,126990334
SBIN,2025-11-11,831.754904,845.532720,822.726253,836.453071,8153030
SBIN,2025-11-12,833.097301,839.062784,827.072325,833.037378,17083359
SBIN,2025-11-13,839.810731,853.711732,822.254941,836.094428,27232224
SBIN,2025-11-14,831.212436,848.227121,814.589836,831.596834,43900778
SBIN,2025-11-17,831.747174,855.100915,819.316900,842.509797,5730569
SBIN,2025-11-18,838.207618,885.618883,829.504318,876.517799,136198650
SBIN,2025-11-19,877.130990,887.452096,866.652365,876.971595,44128084
SBIN,2025-11-20,873.729145,891.695974,869.360462,887.259638,115427934
SBIN,2025-11-21,888.250665,912.162644,877.074460,900.828185,4580933
SBIN,2025-11-24,900.544912,901.979347,891.332616,892.754643,10972208
SBIN,2025-11-25,889.752675,904.954486,876.511890,891.684947,105895094
SBIN,2025-11-26,895.607120,911.896776,882.550706,898.793905,136845769
SBIN,2025-11-27,910.727568,925.682423,888.602432,903.437580,99010108
SBIN,2025-11-28,901.365845,913.911066,895.475101,907.977115,51799605
SBIN,2025-12-01,909.361937,925.161647,895.031078,910.808000,11633329
SBIN,2025-12-02,915.536478,970.761655,901.177845,955.771997,7378742
SBIN,2025-12-03,958.089562,979.383431,904.972779,925.543296,96112058
SBIN,2025-12-04,931.327616,957.902129,919.826411,946.217049,44594377
SBIN,2025-12-05,948.309655,966.926884,936.905465,955.436982,35193998
SBIN,2025-12-08,948.247499,965.501489,936.476117,953.662880,67455057
SBIN,2025-12-09,959.924598,967.632017,929.410060,936.932874,28661009
SBIN,2025-12-10,934.590741,945.767750,909.830637,920.843237,12894077
SBIN,2025-12-11,922.018482,964.674698,911.329650,953.619520,56380222
SBIN,2025-12-12,952.349541,983.187740,942.711809,973.337609,115863058
SBIN,2025-12-15,981.023716,987.933619,971.914118,978.808417,17652659
SBIN,2025-12-16,980.611635,988.098059,953.845800,961.183904,92598037
SBIN,2025-12-17,964.234734,967.064807,946.754405,949.541353,117620636
SBIN,2025-12-18,949.950802,961.324775,921.044820,932.206334,8405410
SBIN,2025-12-19,935.772439,954.884923,915.021089,934.099403,89278770
SBIN,2025-12-22,932.773724,991.902285,930.880700,989.893340,94322103
SBIN,2025-12-23,989.641135,996.890023,943.073859,950.032624,4058064
SBIN,2025-12-24,949.841379,980.143860,935.179451,965.244172,47204917
SBIN,2025-12-25,974.883190,988.465898,945.528382,958.888238,76998984
SBIN,2025-12-26,957.001299,991.508738,938.527699,972.731489,122244424
SBIN,2025-12-29,975.127922,979.164584,953.493613,957.457125,14697164
SBIN,2025-12-30,959.848304,986.285397,952.836203,979.132418,92324776
SBIN,2025-12-31,978.278291,1006.362134,965.463410,993.349825,92309948
SBIN,2026-01-01,997.463306,1011.489717,978.901248,992.862968,62563655
SBIN,2026-01-02,1003.500458,1023.440228,952.763868,972.079294,52537052
SBIN,2026-01-05,971.188036,1002.840102,966.115312,997.629270,81974030
SBIN,2026-01-06,1002.107593,1013.893761,981.733087,993.417042,67190586
SBIN,2026-01-07,996.408449,1015.167936,953.349511,971.642731,23481011
SBIN,2026-01-08,965.005678,973.411379,948.418096,956.751902,112154249
SBIN,2026-01-09,957.548410,968.275151,937.212231,947.830104,125952058
SBIN,2026-01-12,944.888033,982.860340,937.126600,974.852771,57894434
SBIN,2026-01-13,967.781436,981.368126,938.295613,951.655916,8840513
SBIN,2026-01-14,938.914452,983.139301,928.090758,971.934951,12689525
SBIN,2026-01-15,976.636886,988.659119,950.676904,962.525427,137526278
SBIN,2026-01-16,961.102119,982.570287,957.553662,978.955913,15815075
SBIN,2026-01-19,978.882894,1015.332927,963.693987,999.819161,53612494
SBIN,2026-01-20,1000.923608,1052.303116,981.077746,1031.844175,117993080
SBIN,2026-01-21,1021.840299,1061.069220,1006.810318,1045.688463,71953113
SBIN,2026-01-22,1035.283840,1051.718613,1015.705587,1032.089653,58036187
SBIN,2026-01-23,1043.796548,1077.445501,1029.228096,1062.614405,38815327
SBIN,2026-01-26,1048.641919,1094.457310,1029.612830,1074.950809,89325969
SBIN,2026-01-27,1076.538476,1090.805787,1046.157326,1060.208213,3614723
SBIN,2026-01-28,1059.602700,1071.964698,1051.901931,1064.230297,95497945
SBIN,2026-01-29,1071.611018,1136.544613,1060.238762,1124.609917,36824235
SBIN,2026-01-30,1134.805015,1146.494140,1113.188972,1124.774779,87519543
SBIN,2026-02-02,1119.868906,1131.837849,1073.558000,1085.155938,90918973
SBIN,2026-02-03,1088.739620,1089.160620,1085.431897,1085.851781,113530800
SBIN,2026-02-04,1091.250047,1098.488898,1046.647855,1053.637200,100045598
SBIN,2026-02-05,1053.293701,1061.403351,1036.885619,1044.930881,36476984
SBIN,2026-02-06,1041.669873,1124.980194,1029.843773,1112.351642,43222942
SBIN,2026-02-09,1106.711787,1151.637265,1082.937267,1127.417934,25370370
SBIN,2026-02-10,1129.099100,1150.862296,1128.335088,1150.084084,32927727
SBIN,2026-02-11,1152.666361,1167.446583,1124.346482,1138.950835,31233022
SBIN,2026-02-12,1145.762171,1151.653139,1131.300836,1137.147512,64807206
SBIN,2026-02-13,1137.902374,1152.172687,1091.878983,1105.746026,36969822
SBIN,2026-02-16,1102.567150,1120.734254,1088.046964,1106.166663,103136977
SBIN,2026-02-17,1113.922626,1143.628448,1105.591668,1135.138815,14258398
SBIN,2026-02-18,1141.630154,1173.426030,1129.912193,1161.504079,104514577
SBIN,2026-02-19,1157.453409,1206.748768,1141.032677,1189.868169,80861820
SBIN,2026-02-20,1192.172985,1206.947849,1145.638978,1160.015306,34469676
SBIN,2026-02-23,1174.195518,1178.088128,1169.043384,1172.931805,38296386
SBIN,2026-02-24,1175.338671,1195.378365,1155.271942,1175.311167,79432996
SBIN,2026-02-25,1177.316643,1227.295158,1168.181074,1217.845102,146861402
SBIN,2026-02-26,1221.060719,1281.678320,1203.393217,1263.398237,129744485
SBIN,2026-02-27,1263.318611,1281.140239,1252.653193,1270.414912,19831768
SBIN,2026-03-02,1275.783280,1294.996855,1268.128597,1287.273232,12740792
SBIN,2026-03-03,1282.354100,1298.436479,1227.451285,1243.040621,28436912
SBIN,2026-03-04,1248.485177,1265.919118,1180.350976,1197.066908,88309743
SBIN,2026-03-05,1200.303001,1216.849498,1159.899642,1176.112668,19826637
SBIN,2026-03-06,1166.472216,1186.031389,1153.683695,1173.169443,140525387
SBIN,2026-03-09,1173.542212,1236.637093,1155.928852,1218.351208,83791450
SBIN,2026-03-10,1218.415103,1251.260217,1206.494935,1239.137317,33586661
SBIN,2026-03-11,1239.213872,1290.032456,1224.358694,1274.751270,17791777
SBIN,2026-03-12,1279.455750,1297.420996,1214.976198,1232.279021,53572736
SBIN,2026-03-13,1222.122871,1232.081896,1209.937500,1219.878234,137750480
SBIN,2026-03-16,1233.227943,1259.926738,1150.491304,1175.950061,17567780
SBIN,2026-03-17,1178.535012,1200.473327,1098.990753,1119.836400,145122546
SBIN,2026-03-18,1111.937704,1146.372298,1104.078813,1138.326895,45159553
SBIN,2026-03-19,1137.541030,1157.782141,1090.711344,1110.470773,37507319
SBIN,2026-03-20,1115.688592,1135.496024,1086.824064,1106.467794,48784178
SBIN,2026-03-23,1110.534399,1131.035638,1095.432965,1115.861761,40736983
SBIN,2026-03-24,1109.280341,1124.142200,1077.689621,1092.324307,44250237
SBIN,2026-03-25,1088.734936,1111.239517,1039.703382,1061.648066,14691428
SBIN,2026-03-26,1074.085086,1100.688327,1040.904021,1067.340203,81743704
SBIN,2026-03-27,1070.176637,1106.558961,1052.851393,1088.930114,93204248
SBIN,2026-03-30,1085.935719,1102.448637,1058.187002,1074.526429,149663111
SBIN,2026-03-31,1066.879238,1080.124828,1052.921258,1066.157893,24147882
SBIN,2026-04-01,1066.541706,1115.294165,1051.805332,1100.094197,94976677
SBIN,2026-04-02,1096.708107,1138.028069,1083.035829,1124.015360,70188598
SBIN,2026-04-03,1131.179946,1148.053519,1124.205363,1141.018276,103061309
SBIN,2026-04-06,1139.990910,1165.995238,1120.281613,1146.178956,65389222
SBIN,2026-04-07,1150.915403,1193.975430,1133.921036,1176.601779,91325595
SBIN,2026-04-08,1181.250902,1219.596479,1169.850149,1207.938156,42569065
SBIN,2026-04-09,1209.156360,1274.987238,1198.409736,1263.755353,46797492
SBIN,2026-04-10,1262.626915,1273.005426,1248.568128,1258.916137,71241770
SBIN,2026-04-13,1269.747089,1289.505446,1268.469134,1288.208910,52654082
SBIN,2026-04-14,1287.074699,1310.055229,1273.371795,1296.254592,71114434
SBIN,2026-04-15,1297.271645,1335.371844,1291.650513,1329.610586,143655022
SBIN,2026-04-16,1327.047524,1364.337378,1315.455709,1352.523034,22697526
SBIN,2026-04-17,1352.571902,1378.697854,1280.468303,1305.688669,60088766
SBIN,2026-04-20,1309.749717,1319.314430,1291.612442,1301.114093,114477513
SBIN,2026-04-21,1308.402943,1340.446849,1288.353537,1320.216418,51587287
SBIN,2026-04-22,1319.650636,1330.887041,1261.260708,1272.092168,57076896
SBIN,2026-04-23,1264.806385,1323.874305,1242.073773,1300.500162,16717323
SBIN,2026-04-24,1294.460140,1309.626407,1224.188673,1238.701657,85088293
SBIN,2026-04-27,1241.176656,1267.602386,1203.147991,1229.321309,147180812
SBIN,2026-04-28,1227.890287,1254.149010,1178.361014,1204.111216,129469035
SBIN,2026-04-29,1206.061885,1220.120809,1175.199437,1189.060174,12393676
SBIN,2026-04-30,1189.033922,1225.579411,1175.313945,1211.599060,10628539
SBIN,2026-05-01,1215.164089,1251.136890,1190.554816,1226.302053,60501723
SBIN,2026-05-04,1223.131065,1258.236090,1219.378314,1254.387439,140384090
SBIN,2026-05-05,1248.188402,1259.568417,1209.886593,1221.018897,14738772
SBIN,2026-05-06,1226.987713,1244.815235,1179.801507,1197.196173,13354708
SBIN,2026-05-07,1194.582098,1226.677007,1186.481173,1218.414465,144525074
SBIN,2026-05-08,1218.848708,1285.900560,1205.671549,1272.147183,23683076
SBIN,2026-05-11,1270.480533,1288.051830,1228.778627,1246.011506,53114587
SBIN,2026-05-12,1249.587415,1269.906167,1178.394491,1197.872337,114584617
SBIN,2026-05-13,1188.178597,1254.638598,1172.114431,1237.902169,97384779
SBIN,2026-05-14,1236.138089,1258.704435,1212.666909,1235.216430,143394325
SBIN,2026-05-15,1240.745323,1242.824463,1233.841433,1235.912474,9496022
SBIN,2026-05-18,1218.740988,1307.870146,1193.710140,1281.549323,41338803
SBIN,2026-05-19,1283.358900,1299.297708,1273.952723,1289.843999,147503008
SBIN,2026-05-20,1301.513520,1333.665226,1280.976048,1312.947332,37204702
SBIN,2026-05-21,1309.452808,1372.444964,1288.886767,1351.222890,98975863
SBIN,2026-05-22,1358.146853,1382.187664,1326.462628,1350.365703,92640091
SBIN,2026-05-25,1344.609207,1393.715729,1326.167216,1374.858848,131103983
SBIN,2026-05-26,1376.023867,1393.497068,1363.328559,1380.758082,141588274
SBIN,2026-05-27,1388.235075,1402.234101,1344.380529,1358.075424,93274944
SBIN,2026-05-28,1353.772056,1372.723951,1302.237325,1320.726607,122750685
SBIN,2026-05-29,1323.901323,1342.105343,1317.228902,1335.375095,106918464
SBIN,2026-06-01,1331.340970,1338.563016,1311.738442,1318.892962,26156347
SBIN,2026-06-02,1329.301319,1351.166047,1318.889023,1340.664742,115409130
SBIN,2026-06-03,1333.452240,1348.563455,1301.696505,1316.616936,16595662
SBIN,2026-06-04,1312.203489,1327.473440,1307.107739,1322.338333,1119909
SBIN,2026-06-05,1328.645596,1342.583915,1298.749203,1312.518337,103896144
SBIN,2026-06-08,1314.576357,1326.924037,1245.493981,1257.303705,135144225
SBIN,2026-06-09,1264.415722,1275.653186,1227.505924,1238.513180,104148028
SBIN,2026-06-10,1231.309119,1240.390026,1214.098505,1223.119009,68684743
SBIN,2026-06-11,1208.988937,1222.784380,1193.466348,1207.241856,127700654
SBIN,2026-06-12,1204.850344,1230.239445,1186.299394,1211.584806,109279253
SBIN,2026-06-15,1213.942500,1222.387529,1169.717422,1177.911796,87718927
SBIN,2026-06-16,1177.958081,1204.274043,1163.580044,1189.752050,67989355
SBIN,2026-06-17,1196.642390,1197.691016,1136.405089,1137.401802,118810157
SBIN,2026-06-18,1142.726140,1153.712995,1095.140270,1105.771824,65824000
SBIN,2026-06-19,1095.837234,1163.148575,1087.000568,1153.844151,27519265
SBIN,2026-06-22,1150.908398,1164.187969,1134.185949,1147.425331,143532441
SBIN,2026-06-23,1159.508242,1177.286426,1123.171398,1140.660601,140974711
SBIN,2026-06-24,1137.545953,1151.378222,1086.643750,1100.019710,52935879
SBIN,2026-06-25,1098.113036,1112.869185,1085.722715,1100.452468,113048412
SBIN,2026-06-26,1099.795020,1131.397488,1084.655192,1116.034113,80074136
SBIN,2026-06-29,1108.012303,1138.292548,1093.394170,1123.470473,129498493
SBIN,2026-06-30,1120.164387,1138.231709,1084.260363,1102.035277,40333493
SBIN,2026-07-01,1108.997117,1145.931145,1099.922622,1136.630536,37308965
SBIN,2026-07-02,1134.762339,1197.650008,1129.145337,1191.750916,1826368
SBIN,2026-07-03,1185.352191,1253.748626,1172.618648,1240.423484,92004981
SBIN,2026-07-06,1262.718338,1280.226612,1155.560089,1171.807840,68033860
SBIN,2026-07-07,1173.724612,1219.371686,1155.948640,1201.179906,53262653
SBIN,2026-07-08,1189.738527,1215.129206,1170.369740,1195.663954,34074793
SBIN,2026-07-09,1196.344184,1228.677574,1172.817722,1204.981262,47486029
SBIN,2026-07-10,1209.527028,1223.590776,1179.902622,1193.783310,12785812
SBIN,2026-07-13,1192.007439,1243.769178,1172.037962,1223.275868,147093787
SBIN,2026-07-14,1224.162431,1234.308629,1167.408845,1177.165520,136752564
SBIN,2026-07-15,1186.739547,1203.981333,1116.147325,1132.602571,11056756
SBIN,2026-07-16,1142.437146,1150.660579,1102.416998,1110.409894,3830647
SBIN,2026-07-17,1106.113381,1150.215251,1090.667907,1134.375138,125009935
SBIN,2026-07-20,1137.424700,1146.211740,1097.456829,1106.001110,82515022
SBIN,2026-07-21,1103.925086,1113.242481,1051.684164,1060.636190,90104014
SBIN,2026-07-22,1062.961515,1079.880476,1052.324475,1069.181196,117087286
SBIN,2026-07-23,1071.840322,1088.659427,1055.510477,1072.322240,143901747
SBIN,2026-07-24,1080.930424,1098.618270,1062.448411,1080.123045,64052161
SBIN,2026-07-27,1088.145332,1091.683886,1048.880254,1052.302249,149226988
SBIN,2026-07-28,1056.649586,1088.274255,1040.901839,1072.293361,145451483
SBIN,2026-07-29,1067.574150,1089.385350,1047.955303,1069.726940,88072999
SBIN,2026-07-30,1061.691672,1109.739784,1050.752542,1098.422200,116010678
SBIN,2026-07-31,1102.520145,1112.349657,1097.586624,1107.394326,71506738
SBIN,2026-08-03,1098.553490,1102.704021,1063.815856,1067.850385,111212757
SBIN,2026-08-04,1064.137715,1106.894789,1052.036404,1094.448782,133277644
SBIN,2026-08-05,1084.874512,1150.028032,1063.516606,1127.824569,121777550
SBIN,2026-08-06,1137.281095,1156.956410,1089.379802,1108.558202,91983765
SBIN,2026-08-07,1101.436244,1109.095540,1077.533638,1085.079189,62612999
SBIN,2026-08-10,1077.713954,1145.264730,1072.008320,1139.233400,107558711
SBIN,2026-08-11,1152.272340,1165.841148,1093.086147,1106.111377,2648445
SBIN,2026-08-12,1103.151978,1127.542021,1094.955212,1119.225821,76034030
SBIN,2026-08-13,1128.041106,1174.324268,1108.279830,1154.106375,105272198
SBIN,2026-08-14,1146.170874,1155.438126,1103.225773,1112.218507,19751548
SBIN,2026-08-17,1114.748467,1164.088191,1084.780400,1133.612984,8272393
SBIN,2026-08-18,1124.738391,1140.692825,1115.360047,1131.260101,35136589
SBIN,2026-08-19,1130.357389,1156.339353,1121.294189,1147.141577,84654555
SBIN,2026-08-20,1157.488099,1163.975916,1127.669923,1134.026235,61935146
SBIN,2026-08-21,1128.746494,1172.695661,1115.898112,1159.497248,41320967
SBIN,2026-08-24,1164.990421,1180.907750,1132.155648,1147.838632,34494970
SBIN,2026-08-25,1128.419701,1175.404186,1119.541644,1166.228660,27708223
SBIN,2026-08-26,1172.726728,1190.146650,1146.511985,1163.799298,112534675
SBIN,2026-08-27,1155.581695,1172.219895,1130.991792,1147.513830,28620255
SBIN,2026-08-28,1140.465401,1183.507221,1134.623703,1177.475947,139144742
SBIN,2026-08-31,1176.592619,1198.260736,1168.011294,1189.584655,117623614
SBIN,2026-09-01,1183.227683,1196.708059,1174.350850,1187.796947,96893930
SBIN,2026-09-02,1196.569981,1212.944245,1179.593696,1195.959607,85605689
SBIN,2026-09-03,1181.152229,1184.809612,1170.481557,1174.117156,135725660
SBIN,2026-09-04,1177.290120,1231.428236,1171.682533,1225.590588,105268711
SBIN,2026-09-07,1238.511485,1258.946648,1186.805310,1206.715852,8577005
SBIN,2026-09-08,1202.432655,1216.908593,1189.126214,1203.589351,101376663
SBIN,2026-09-09,1206.610229,1257.096101,1187.439292,1237.435407,82649006
SBIN,2026-09-10,1241.308827,1271.405288,1215.454771,1245.464673,133218623
SBIN,2026-09-11,1256.172486,1267.618813,1218.844333,1230.052654,94786722
SBIN,2026-09-14,1235.322046,1239.993906,1224.262388,1228.909998,25546203
SBIN,2026-09-15,1230.456539,1265.603173,1215.444339,1250.348283,31032015
SBIN,2026-09-16,1263.289625,1276.330660,1221.694339,1234.437532,37508562
SBIN,2026-09-17,1239.229474,1252.766303,1211.099490,1224.475149,129920575
SBIN,2026-09-18,1227.004417,1246.368838,1184.420730,1203.412831,11778809
SBIN,2026-09-21,1213.283038,1238.228906,1177.905346,1202.632228,74945666
SBIN,2026-09-22,1199.121993,1214.784511,1166.844621,1182.287250,13571610
SBIN,2026-09-23,1179.219672,1220.382602,1166.106226,1206.960663,69627761
PAYTM,2025-10-07,403.308799,415.034828,398.128137,409.771154,47204417
PAYTM,2025-10-08,409.298779,415.229415,405.536063,411.446950,123838033
PAYTM,2025-10-09,411.708653,442.674222,406.747027,437.402947,96103157
PAYTM,2025-10-10,439.069961,446.095977,426.065103,432.993889,46756350
PAYTM,2025-10-13,430.320661,445.637395,420.692629,435.884869,31913179
PAYTM,2025-10-14,438.261636,449.953949,437.015507,448.678202,144488126
PAYTM,2025-10-15,452.030100,461.820633,445.533464,455.277328,128751906
PAYTM,2025-10-16,455.232905,458.950794,441.888108,445.526727,127459100
PAYTM,2025-10-17,441.865760,456.955581,438.529751,453.531497,140436963
PAYTM,2025-10-20,458.360719,470.685422,453.956743,466.206067,143903668
PAYTM,2025-10-21,466.446990,475.739467,451.259161,460.431805,59511546
PAYTM,2025-10-22,462.212218,470.937027,455.328016,464.025813,123041765
PAYTM,2025-10-23,466.035021,471.487398,439.846012,445.052909,109628710
PAYTM,2025-10-24,441.152958,442.622739,437.088018,438.549123,38192128
PAYTM,2025-10-27,438.493059,448.409851,435.352052,445.220653,66460822
PAYTM,2025-10-28,448.139657,452.251177,440.779474,444.860912,118531968
PAYTM,2025-10-29,442.620560,448.271630,440.563732,446.198177,61985584
PAYTM,2025-10-30,449.180365,454.173375,432.150303,437.008007,61721004
PAYTM,2025-10-31,439.636667,450.001507,430.403866,440.745421,45098294
PAYTM,2025-11-03,439.190581,442.440056,437.537545,440.781033,83498347
PAYTM,2025-11-04,447.029369,454.125288,440.134977,447.227835,40794440
PAYTM,2025-11-05,445.073071,469.913560,438.218833,462.786531,74942487
PAYTM,2025-11-06,463.262124,474.766575,454.279925,465.736402,38670450
PAYTM,2025-11-07,463.229795,474.160458,456.360981,467.232294,81733288
PAYTM,2025-11-10,467.465596,481.723513,462.935689,477.100243,56670536
PAYTM,2025-11-11,470.244251,480.574771,452.884281,463.056907,49499827
PAYTM,2025-11-12,465.827287,472.728352,462.050898,468.926836,44335640
PAYTM,2025-11-13,471.159895,482.695697,464.259711,475.728604,60597749
PAYTM,2025-11-14,476.819668,489.304176,466.713595,479.148739,76964656
PAYTM,2025-11-17,476.230016,495.645243,464.457365,483.688221,33134760
PAYTM,2025-11-18,475.166152,505.075005,469.693950,499.324585,65825539
PAYTM,2025-11-19,501.106708,509.683033,473.706091,481.954632,33435033
PAYTM,2025-11-20,482.254975,487.618879,468.027725,473.291936,58978064
PAYTM,2025-11-21,474.772350,483.086572,463.615671,471.879230,3339155
PAYTM,2025-11-24,468.211424,470.609379,455.640070,457.985654,22438723
PAYTM,2025-11-25,456.430947,472.646748,450.916558,467.004613,118596411
PAYTM,2025-11-26,463.747918,468.229732,455.722706,460.169941,59323080
PAYTM,2025-11-27,466.841843,474.131225,449.695698,456.828732,10788528
PAYTM,2025-11-28,458.493861,462.517261,453.213234,457.225504,66930620
PAYTM,2025-12-01,454.691965,470.483195,448.554209,464.216865,88764576
PAYTM,2025-12-02,467.069971,472.596951,463.327874,468.840667,116230239
PAYTM,2025-12-03,469.585824,480.579257,450.624903,461.427339,46082042
PAYTM,2025-12-04,456.854456,469.722928,450.337465,463.116609,129995830
PAYTM,2025-12-05,461.487256,471.260787,449.782373,459.514115,115305184
PAYTM,2025-12-08,459.454056,464.509969,449.678928,454.682332,105440456
PAYTM,2025-12-09,454.509646,459.368192,444.513311,449.316342,72497638
PAYTM,2025-12-10,450.457500,465.138319,442.361147,456.925709,13224377
PAYTM,2025-12-11,459.865761,467.157597,442.191126,449.315675,66329986
PAYTM,2025-12-12,453.574692,466.901769,444.242344,457.488885,58001875
PAYTM,2025-12-15,454.248830,482.751377,447.376906,475.557100,127204873
PAYTM,2025-12-16,472.742416,503.214856,464.676621,494.773179,121209476
PAYTM,2025-12-17,495.816910,512.430633,485.513105,501.998368,73500049
PAYTM,2025-12-18,501.429762,508.806839,491.404857,498.742397,63111064
PAYTM,2025-12-19,494.472145,526.634410,487.406762,519.215476,61762438
PAYTM,2025-12-22,519.303258,524.928509,507.856236,513.417734,37531375
PAYTM,2025-12-23,513.988012,524.220110,506.640160,516.831607,84243601
PAYTM,2025-12-24,515.706623,519.254745,510.068629,513.602273,74473582
PAYTM,2025-12-25,516.087179,520.487186,508.164900,512.534619,56827364
PAYTM,2025-12-26,513.168546,524.048709,499.973141,510.803153,26483584
PAYTM,2025-12-29,509.202260,514.533896,504.912114,510.235048,92786874
PAYTM,2025-12-30,508.443054,545.353725,502.684717,539.246525,99168024
PAYTM,2025-12-31,540.109700,545.735557,518.272484,523.727704,114655224
PAYTM,2026-01-01,526.262361,552.422694,518.304456,544.193640,52043292
PAYTM,2026-01-02,548.613172,567.985254,540.659194,559.868098,67658011
PAYTM,2026-01-05,565.403854,575.799604,556.887359,567.255223,128403700
PAYTM,2026-01-06,568.379674,584.508642,561.540325,577.558839,97445445
PAYTM,2026-01-07,585.155755,589.114914,576.441969,580.368739,149189361
PAYTM,2026-01-08,580.079600,598.226334,573.713820,591.732674,5856132
PAYTM,2026-01-09,594.665172,611.533665,588.143276,604.899526,97125029
PAYTM,2026-01-12,602.731081,626.579168,591.103076,614.719872,35064942
PAYTM,2026-01-13,611.308809,633.746046,610.505257,632.914095,11937315
PAYTM,2026-01-14,626.806557,635.666417,596.424117,604.975396,59485603
PAYTM,2026-01-15,605.250540,612.000445,571.522062,577.967701,50240050
PAYTM,2026-01-16,579.400439,618.157082,572.159493,610.527136,137389095
PAYTM,2026-01-19,612.325363,619.285772,583.928063,590.641993,49867092
PAYTM,2026-01-20,590.170967,605.926241,584.665784,600.326328,44069805
PAYTM,2026-01-21,601.546639,609.673871,582.868474,590.851204,106699405
PAYTM,2026-01-22,591.746534,601.073834,584.569913,593.871443,4077041
PAYTM,2026-01-23,587.822700,607.683593,580.618277,600.325930,108923824
PAYTM,2026-01-26,607.743402,616.491883,597.176859,605.898786,147201536
PAYTM,2026-01-27,603.069992,641.395261,597.916585,635.960792,3856453
PAYTM,2026-01-28,634.574200,640.812824,616.971054,623.096842,80580669
PAYTM,2026-01-29,625.440417,669.486222,611.800345,655.197191,25075903
PAYTM,2026-01-30,655.242934,668.829024,649.817503,663.336577,76727476
PAYTM,2026-02-02,665.643093,672.710995,644.236664,651.150683,114390539
PAYTM,2026-02-03,649.081291,658.636601,636.536052,646.046690,10272864
PAYTM,2026-02-04,638.091689,648.454854,614.228322,624.368612,76630501
PAYTM,2026-02-05,624.525617,643.483567,617.920130,636.748797,8620272
PAYTM,2026-02-06,634.903072,664.732030,628.652050,658.251132,130593644
PAYTM,2026-02-09,660.674716,667.069131,641.767223,648.039345,57886149
PAYTM,2026-02-10,650.564428,659.780315,638.196617,647.367212,66127945
PAYTM,2026-02-11,648.690254,667.074969,642.405201,660.673809,7348786
PAYTM,2026-02-12,661.465847,670.831397,660.685720,670.041156,71033612
PAYTM,2026-02-13,667.834735,677.857454,644.731455,654.554872,122179310
PAYTM,2026-02-16,647.638921,667.191892,633.562255,652.998729,137714054
PAYTM,2026-02-17,649.012582,674.172232,637.027146,661.947916,54702526
PAYTM,2026-02-18,669.052304,675.863192,666.824755,673.620433,137668575
PAYTM,2026-02-19,673.495613,687.654268,661.762352,675.879477,129998117
PAYTM,2026-02-20,674.613915,681.155822,650.260561,656.628054,72420607
PAYTM,2026-02-23,648.209877,685.090434,639.810403,676.326624,132391523
PAYTM,2026-02-24,677.301127,689.314496,667.484441,679.466426,6756600
PAYTM,2026-02-25,683.798050,699.043762,672.532196,687.713401,36620187
PAYTM,2026-02-26,690.319758,702.986724,657.664794,669.958136,5144686
PAYTM,2026-02-27,675.818136,687.308365,646.984976,658.175241,124062360
PAYTM,2026-03-02,656.554178,670.018294,647.558415,660.962135,78111688
PAYTM,2026-03-03,665.499924,672.732773,651.406098,658.563560,68754562
PAYTM,2026-03-04,654.820263,665.122854,635.279754,645.434677,75453026
PAYTM,2026-03-05,646.261632,657.102822,641.806656,652.604125,120035413
PAYTM,2026-03-06,652.517091,655.986910,623.755103,627.089709,133876896
PAYTM,2026-03-09,621.650166,645.506731,616.771699,640.480491,88919278
PAYTM,2026-03-10,639.617787,640.621765,609.629554,610.587965,92237591
PAYTM,2026-03-11,614.209969,629.905061,606.230499,621.826639,74067688
PAYTM,2026-03-12,616.757210,619.821379,605.283609,608.305789,4386804
PAYTM,2026-03-13,612.454652,622.811994,601.750303,612.101675,105492707
PAYTM,2026-03-16,614.976630,646.000516,602.225941,632.878653,71567316
PAYTM,2026-03-17,638.469822,684.484143,628.075372,673.519081,55389252
PAYTM,2026-03-18,679.520442,688.452064,669.325552,678.240349,100698993
PAYTM,2026-03-19,688.069330,694.572937,661.198071,667.507327,36885695
PAYTM,2026-03-20,670.141111,706.905936,661.893140,698.311253,132087626
PAYTM,2026-03-23,700.649656,702.497218,683.292476,685.099032,47679206
PAYTM,2026-03-24,686.557571,695.272095,669.380876,677.986609,107136461
PAYTM,2026-03-25,681.668661,697.670281,672.876924,688.786739,16372092
PAYTM,2026-03-26,694.726596,701.693926,650.521527,657.111621,100693519
PAYTM,2026-03-27,655.671182,665.025907,648.761465,658.090693,120091075
PAYTM,2026-03-30,661.247361,673.281496,655.738992,667.719215,21759102
PAYTM,2026-03-31,672.916225,674.535353,650.595693,652.164891,131319106
PAYTM,2026-04-01,645.523802,658.120205,634.326688,646.899233,87225303
PAYTM,2026-04-02,645.057737,656.845877,630.552051,642.289604,55118821
PAYTM,2026-04-03,641.832356,646.125042,635.713008,639.993395,67556644
PAYTM,2026-04-06,640.814010,675.455377,630.790987,665.053226,79076571
PAYTM,2026-04-07,669.618534,683.079312,633.018642,646.004731,85035168
PAYTM,2026-04-08,640.965221,658.518592,626.586250,644.069971,135065205
PAYTM,2026-04-09,641.343436,646.963094,630.143005,635.713330,69083758
PAYTM,2026-04-10,633.945937,636.898523,613.753090,616.625004,76609045
PAYTM,2026-04-13,613.324522,621.707884,596.138288,604.399659,129844069
PAYTM,2026-04-14,599.782162,610.900445,593.054530,604.124111,43585685
PAYTM,2026-04-15,599.741913,614.206245,590.032118,604.420701,135192130
PAYTM,2026-04-16,604.221893,610.851775,580.380096,586.819023,31861248
PAYTM,2026-04-17,587.407912,600.527261,582.722138,595.774744,35435561
PAYTM,2026-04-20,596.292257,614.872878,591.922346,610.399582,60247975
PAYTM,2026-04-21,610.725453,614.399589,601.652731,605.294192,75883008
PAYTM,2026-04-22,605.586217,608.479753,586.379323,589.194538,74156862
PAYTM,2026-04-23,594.491239,603.992014,583.076336,592.546023,88398179
PAYTM,2026-04-24,593.924591,614.047441,584.098837,604.054106,110409675
PAYTM,2026-04-27,597.854035,619.132957,590.550528,611.660783,111568109
PAYTM,2026-04-28,608.730611,614.788879,585.385239,591.269732,92023308
PAYTM,2026-04-29,594.286342,601.065456,592.185781,598.948416,28410791
PAYTM,2026-04-30,596.427652,610.340499,588.320739,602.155727,136187299
PAYTM,2026-05-01,612.396297,618.151156,584.589581,590.135247,103983965
PAYTM,2026-05-04,588.800040,612.337104,583.344821,606.715895,55018078
PAYTM,2026-05-05,608.595185,623.075395,601.427441,615.822531,4871558
PAYTM,2026-05-06,616.520614,637.096098,610.775526,631.214087,48804241
PAYTM,2026-05-07,635.900765,647.598438,612.506131,623.984601,123708482
PAYTM,2026-05-08,623.469351,653.171220,612.799912,642.181559,4995961
PAYTM,2026-05-11,640.476428,679.644727,628.098565,666.758928,96339892
PAYTM,2026-05-12,672.281976,683.882873,642.139654,653.414982,20572907
PAYTM,2026-05-13,657.962230,664.600348,644.414166,650.981860,81591604
PAYTM,2026-05-14,649.216283,660.854611,642.289985,653.878572,47636212
PAYTM,2026-05-15,652.507633,682.853967,646.289114,676.407676,85050092
PAYTM,2026-05-18,677.112736,691.525267,669.348808,683.685968,143596084
PAYTM,2026-05-19,682.408881,691.391462,667.795756,676.703233,56931107
PAYTM,2026-05-20,687.261724,724.635943,671.566780,708.456966,95661036
PAYTM,2026-05-21,712.801518,729.461799,680.975557,697.272888,78035308
PAYTM,2026-05-22,698.995485,704.417681,691.432023,696.837478,79768602
PAYTM,2026-05-25,699.632795,712.665469,690.832612,703.812710,55297823
PAYTM,2026-05-26,700.766355,706.798198,685.057706,691.005533,11552009
PAYTM,2026-05-27,687.508895,701.542914,661.700173,675.488828,87854777
PAYTM,2026-05-28,674.510912,678.659218,656.817276,660.881763,92980509
PAYTM,2026-05-29,659.036278,681.258909,658.745669,680.958633,107457372
PAYTM,2026-06-01,678.536255,703.371750,672.802798,697.478239,88242749
PAYTM,2026-06-02,696.185240,720.317195,690.554392,714.537908,9444123
PAYTM,2026-06-03,720.762717,731.785178,698.859763,709.713247,110728188
PAYTM,2026-06-04,720.455502,727.411697,703.927299,710.790173,149128291
PAYTM,2026-06-05,707.727032,733.179439,699.801133,725.059433,15058935
PAYTM,2026-06-08,725.759681,736.679697,693.260221,703.850586,78164588
PAYTM,2026-06-09,705.447169,712.099854,692.717586,699.312418,72730631
PAYTM,2026-06-10,697.591068,716.494235,686.942669,705.721725,28259311
PAYTM,2026-06-11,714.156937,726.615810,683.894130,696.036889,36318066
PAYTM,2026-06-12,696.610733,707.859966,687.842637,699.061029,32558640
PAYTM,2026-06-15,702.046930,704.797787,691.994858,694.716994,133132247
PAYTM,2026-06-16,696.820490,704.838338,679.675243,687.586846,73235686
PAYTM,2026-06-17,686.443278,690.935610,661.217468,665.573218,78877270
PAYTM,2026-06-18,659.539197,663.719510,655.263748,659.443454,38068169
PAYTM,2026-06-19,656.790906,660.947329,651.557021,655.706582,128976512
PAYTM,2026-06-22,654.475218,668.425007,648.417638,662.295049,93888447
PAYTM,2026-06-23,654.173562,674.473026,647.285912,667.445638,1452477
PAYTM,2026-06-24,663.916501,665.662108,658.254770,659.990054,18453471
PAYTM,2026-06-25,667.223491,680.763025,623.040960,635.945796,132940606
PAYTM,2026-06-26,637.497859,642.843534,614.504403,619.700843,32639444
PAYTM,2026-06-29,629.704093,633.188391,622.483529,625.947038,66493271
PAYTM,2026-06-30,624.636555,656.966847,620.990959,653.154808,87653148
PAYTM,2026-07-01,653.113167,653.829424,652.054214,652.770095,60257618
PAYTM,2026-07-02,654.315171,657.341210,624.713368,627.615930,49182849
PAYTM,2026-07-03,625.844408,631.529203,613.463527,619.086940,12506984
PAYTM,2026-07-06,619.699610,644.986806,610.841582,635.897247,41467013
PAYTM,2026-07-07,640.343146,652.956709,632.081834,644.639962,73077945
PAYTM,2026-07-08,642.887091,647.264311,621.673830,625.935633,94574571
PAYTM,2026-07-09,627.657434,634.905546,612.236286,619.388914,115914449
PAYTM,2026-07-10,624.391064,631.521320,616.116042,623.233075,109817985
PAYTM,2026-07-13,626.665969,632.295664,590.869071,596.225301,48740054
PAYTM,2026-07-14,604.464190,612.515376,573.735483,581.480536,103070372
PAYTM,2026-07-15,576.268865,585.476610,564.823391,573.994801,16935648
PAYTM,2026-07-16,572.385727,579.908602,542.972802,550.204144,31201807
PAYTM,2026-07-17,552.884581,561.117634,542.626847,550.829294,9739657
PAYTM,2026-07-20,551.876303,564.550014,546.904872,559.509820,25351648
PAYTM,2026-07-21,563.065542,563.618064,547.660351,548.198284,108929304
PAYTM,2026-07-22,550.308491,558.571823,538.942269,547.158298,35234745
PAYTM,2026-07-23,542.421068,544.798624,528.880200,531.208610,133862308
PAYTM,2026-07-24,533.376605,554.013611,525.402631,545.853113,56290644
PAYTM,2026-07-27,557.108059,564.855611,532.052352,539.555808,74109692
PAYTM,2026-07-28,535.429141,552.775486,524.862197,542.077337,67847956
PAYTM,2026-07-29,544.359936,552.300406,534.869723,542.787253,21563055
PAYTM,2026-07-30,549.041560,558.584996,517.638875,526.795632,44173796
PAYTM,2026-07-31,527.602890,532.814133,500.487778,505.480514,22595008
PAYTM,2026-08-03,506.847506,526.692046,502.609838,522.324973,112734089
PAYTM,2026-08-04,522.920947,526.962647,513.736210,517.737850,120039230
PAYTM,2026-08-05,511.636871,521.124524,504.831589,514.284032,70546133
PAYTM,2026-08-06,513.886594,519.502356,510.354356,515.955894,95659455
PAYTM,2026-08-07,510.017847,532.387909,503.094089,525.257267,42424657
PAYTM,2026-08-10,533.281585,537.004813,508.484333,512.059394,105499904
PAYTM,2026-08-11,512.776821,514.445063,504.806233,506.453904,36174521
PAYTM,2026-08-12,506.146712,527.140117,497.266183,518.050728,43865407
PAYTM,2026-08-13,513.620824,521.288421,508.780241,516.421444,7564857
PAYTM,2026-08-14,519.396987,531.816602,511.070833,523.425864,32836921
PAYTM,2026-08-17,517.575627,520.168435,495.787137,498.283299,100520427
PAYTM,2026-08-18,494.461632,504.998332,478.982196,489.411275,82776014
PAYTM,2026-08-19,485.674689,511.699691,478.473782,504.223764,88657068
PAYTM,2026-08-20,509.585095,530.948207,507.340654,528.619929,84044030
PAYTM,2026-08-21,529.535116,549.417837,522.868370,542.586773,120691052
PAYTM,2026-08-24,543.129940,551.526566,531.538489,539.884947,133560666
PAYTM,2026-08-25,538.280830,549.170985,520.226009,530.968219,69826942
PAYTM,2026-08-26,534.576476,539.752100,517.717273,522.778674,96066960
PAYTM,2026-08-27,525.466657,530.820111,507.402024,512.624644,13940224
PAYTM,2026-08-28,506.089459,513.421377,498.155164,505.478226,80180117
PAYTM,2026-08-31,509.173323,516.246581,498.374065,505.394834,12294844
PAYTM,2026-09-01,500.732433,514.142022,493.303154,506.625310,71371686
PAYTM,2026-09-02,506.095279,511.944990,488.953440,494.671105,133513107
PAYTM,2026-09-03,490.641493,506.747353,483.888889,499.867770,68950768
PAYTM,2026-09-04,496.892011,532.172351,486.392392,521.159937,111887329
PAYTM,2026-09-07,519.873368,527.428777,499.241507,506.604070,32158380
PAYTM,2026-09-08,511.917785,518.405343,491.877003,498.190596,124051224
PAYTM,2026-09-09,497.351332,509.186013,492.663495,504.431443,89398641
PAYTM,2026-09-10,501.926256,514.287259,492.583081,504.888934,111048231
PAYTM,2026-09-11,503.918544,510.993747,483.957367,490.849070,149412737
PAYTM,2026-09-14,496.590460,500.561124,487.799213,491.731022,58588454
PAYTM,2026-09-15,493.503454,497.223095,482.263054,485.925578,129474895
PAYTM,2026-09-16,486.686466,508.533057,477.540409,499.152727,38686853
PAYTM,2026-09-17,507.284035,510.654049,495.889558,499.205906,94985170
PAYTM,2026-09-18,496.512875,506.883682,484.221039,494.550865,138188799
PAYTM,2026-09-21,494.738817,508.049047,488.642909,501.865331,141932189
PAYTM,2026-09-22,496.549735,511.261219,489.108106,503.712249,2259693
PAYTM,2026-09-23,505.270815,519.372317,499.521343,513.528876,67846933
BAJFINANCE,2025-10-07,6573.022679,6673.178992,6485.322062,6585.314373,89174523
BAJFINANCE,2025-10-08,6601.120084,6651.609327,6508.755335,6558.921821,62685633
BAJFINANCE,2025-10-09,6516.765280,6652.444628,6460.973430,6595.974644,106697813
BAJFINANCE,2025-10-10,6619.620543,6808.147655,6468.425966,6656.119430,101279086
BAJFINANCE,2025-10-13,6656.835306,6744.139668,6427.846254,6513.267728,77397837
BAJFINANCE,2025-10-14,6509.287822,6550.258368,6387.408825,6427.866894,121283561
BAJFINANCE,2025-10-15,6399.893203,6513.122578,6348.975820,6461.713356,71749443
BAJFINANCE,2025-10-16,6495.354773,6600.007954,6172.919194,6274.006003,57261435
BAJFINANCE,2025-10-17,6255.812359,6421.470985,6182.803321,6347.393145,46912276
BAJFINANCE,2025-10-20,6334.905961,6425.458300,6281.202642,6371.445224,84125511
BAJFINANCE,2025-10-21,6396.539015,6514.153699,6248.050509,6365.086876,13069231
BAJFINANCE,2025-10-22,6356.989876,6473.750438,6176.908193,6292.483958,127636635
BAJFINANCE,2025-10-23,6260.603664,6330.015973,6152.840814,6221.823157,38460576
BAJFINANCE,2025-10-24,6247.716458,6310.069917,5968.746472,6028.916260,95404805
BAJFINANCE,2025-10-27,6017.155861,6138.323942,5816.126980,5935.653845,105769767
BAJFINANCE,2025-10-28,5988.672572,6078.680631,5772.988875,5861.079242,14192265
BAJFINANCE,2025-10-29,5859.406194,5952.164196,5786.700273,5879.212510,10002792
BAJFINANCE,2025-10-30,5917.637168,6211.239198,5840.724000,6131.545799,131612318
BAJFINANCE,2025-10-31,6101.924659,6158.182789,5954.635351,6010.046388,132958974
BAJFINANCE,2025-11-03,5984.009281,6177.100980,5906.074339,6097.685533,49186139
BAJFINANCE,2025-11-04,6150.659106,6214.044396,5813.414895,5873.948560,75677369
BAJFINANCE,2025-11-05,5858.161218,5956.139789,5726.095123,5823.493879,44394078
BAJFINANCE,2025-11-06,5774.887370,5806.724347,5503.178544,5533.685776,90515212
BAJFINANCE,2025-11-07,5524.443348,5704.293177,5452.653615,5631.117224,105014296
BAJFINANCE,2025-11-10,5594.187464,5725.980286,5530.860935,5661.887390,124034005
BAJFINANCE,2025-11-11,5684.952475,5771.972584,5522.476649,5608.323795,109929218
BAJFINANCE,2025-11-12,5626.272331,5677.416592,5367.272176,5416.509640,21676615
BAJFINANCE,2025-11-13,5399.726318,5532.691665,5373.753105,5506.206273,28596980
BAJFINANCE,2025-11-14,5498.889994,5720.610085,5437.984528,5657.942955,116011129
BAJFINANCE,2025-11-17,5662.287329,5673.502407,5618.267071,5629.417044,125573167
BAJFINANCE,2025-11-18,5582.791838,5763.467352,5515.556693,5694.882271,64613339
BAJFINANCE,2025-11-19,5701.257914,5744.230882,5406.252521,5447.311379,29252207
BAJFINANCE,2025-11-20,5438.967367,5555.283414,5183.028682,5296.293551,61684800
BAJFINANCE,2025-11-21,5367.194540,5433.577239,5143.152194,5207.560503,9522254
BAJFINANCE,2025-11-24,5206.266181,5286.205280,5084.779677,5164.070893,31240339
BAJFINANCE,2025-11-25,5137.889657,5208.071191,4834.532808,4901.485150,143953809
BAJFINANCE,2025-11-26,4869.197643,5023.579852,4840.456819,4994.101771,95974304
BAJFINANCE,2025-11-27,5041.582680,5092.816835,4948.603527,4999.409101,32000511
BAJFINANCE,2025-11-28,5022.958653,5106.255953,4800.146702,4881.091373,20499355
BAJFINANCE,2025-12-01,4882.576545,4905.184201,4869.355255,4891.937563,41857994
BAJFINANCE,2025-12-02,4867.948658,4898.384583,4808.150524,4838.401713,18308317
BAJFINANCE,2025-12-03,4862.398986,4982.706574,4752.477182,4872.555174,45875696
BAJFINANCE,2025-12-04,4819.827067,5213.649253,4767.081240,5157.211259,63169351
BAJFINANCE,2025-12-05,5107.221490,5276.253753,5058.593030,5226.489680,144337082
BAJFINANCE,2025-12-08,5198.749107,5349.076125,5131.231611,5280.496949,111635951
BAJFINANCE,2025-12-09,5280.460758,5446.292041,5222.647685,5387.309139,73195091
BAJFINANCE,2025-12-10,5336.527379,5438.137874,5254.016422,5355.336105,47902243
BAJFINANCE,2025-12-11,5372.500007,5490.627975,5322.080555,5439.579005,134030577
BAJFINANCE,2025-12-12,5440.711179,5715.552288,5404.366566,5677.625061,125096051
BAJFINANCE,2025-12-15,5631.391733,5661.228013,5488.882148,5518.118282,146600951
BAJFINANCE,2025-12-16,5478.626781,5680.899151,5389.269976,5589.730241,46904900
BAJFINANCE,2025-12-17,5558.046254,5690.241707,5474.520891,5605.995768,90283236
BAJFINANCE,2025-12-18,5591.470514,5813.823418,5500.758613,5721.009964,11880643
BAJFINANCE,2025-12-19,5742.725377,5915.773276,5687.372741,5859.297035,110111584
BAJFINANCE,2025-12-22,5846.803693,5956.324522,5781.912799,5890.943739,20523255
BAJFINANCE,2025-12-23,5913.059061,6121.016194,5845.803843,6052.178629,134383985
BAJFINANCE,2025-12-24,5974.454353,6305.521250,5872.373748,6199.593871,122875484
BAJFINANCE,2025-12-25,6230.864571,6342.352618,6185.550523,6296.560794,127590283
BAJFINANCE,2025-12-26,6228.507160,6285.833145,6156.979769,6214.173832,35262337
BAJFINANCE,2025-12-29,6180.903174,6247.317970,6088.479704,6154.611997,93252252
BAJFINANCE,2025-12-30,6178.415509,6300.662308,5922.390771,6041.937194,62136297
BAJFINANCE,2025-12-31,5997.757720,6173.088301,5967.417467,6142.018292,18633806
BAJFINANCE,2026-01-01,6101.236553,6169.674176,5998.676989,6066.727523,130941454
BAJFINANCE,2026-01-02,6042.129605,6110.704508,5909.985494,5977.830639,53477525
BAJFINANCE,2026-01-05,6006.630975,6150.977689,5937.009576,6080.500092,31616863
BAJFINANCE,2026-01-06,6130.777310,6174.386431,5965.276894,6008.012772,48450892
BAJFINANCE,2026-01-07,6054.350652,6087.011994,5831.843929,5863.475559,56042625
BAJFINANCE,2026-01-08,5844.817325,5909.091598,5670.154276,5733.201129,52592884
BAJFINANCE,2026-01-09,5744.096127,5864.668381,5552.732655,5671.787095,28008078
BAJFINANCE,2026-01-12,5653.023976,5752.569690,5269.225831,5363.676340,23016675
BAJFINANCE,2026-01-13,5414.544381,5424.399469,5410.875392,5420.726290,72769899
BAJFINANCE,2026-01-14,5375.944911,5453.253814,5205.501432,5281.451470,67011653
BAJFINANCE,2026-01-15,5218.764173,5312.054705,5034.040687,5125.667016,20010979
BAJFINANCE,2026-01-16,5164.363975,5218.775178,4945.619809,4998.281181,23821121
BAJFINANCE,2026-01-19,5017.794027,5045.518854,4972.328215,4999.954473,143190066
BAJFINANCE,2026-01-20,4928.108945,5141.539285,4833.617361,5044.810073,104027593
BAJFINANCE,2026-01-21,5073.895096,5251.405821,4961.417819,5137.518158,62041140
BAJFINANCE,2026-01-22,5141.230276,5203.079672,4958.236597,5018.610872,87168163
BAJFINANCE,2026-01-23,5081.415692,5154.528448,4832.733617,4903.283357,134575801
BAJFINANCE,2026-01-26,4950.554159,5115.399622,4887.805677,5051.373253,66865568
BAJFINANCE,2026-01-27,5058.707075,5081.222522,5001.978986,5024.341477,19070172
BAJFINANCE,2026-01-28,4992.090015,5100.716337,4905.107392,5013.363051,120447939
BAJFINANCE,2026-01-29,5011.755845,5116.468869,4950.025295,5054.215339,67362562
BAJFINANCE,2026-01-30,5018.344283,5156.903094,4935.527560,5073.181405,48136263
BAJFINANCE,2026-02-02,5040.322640,5075.437916,4985.424985,5020.401474,138309627
BAJFINANCE,2026-02-03,5052.347250,5090.757654,5036.991070,5075.331616,117556264
BAJFINANCE,2026-02-04,5041.584800,5192.652490,5015.443202,5165.866467,36382693
BAJFINANCE,2026-02-05,5141.412220,5215.969606,4903.515427,4975.669319,38640106
BAJFINANCE,2026-02-06,4987.148242,5053.758901,4804.475868,4869.515367,53814489
BAJFINANCE,2026-02-09,4831.225119,4986.350879,4768.084817,4922.023908,34184626
BAJFINANCE,2026-02-10,4888.063961,4999.983965,4672.485837,4781.976807,110908836
BAJFINANCE,2026-02-11,4751.521402,4829.240907,4704.851946,4782.269443,22721938
BAJFINANCE,2026-02-12,4801.146362,4890.151924,4646.598152,4734.365708,16577203
BAJFINANCE,2026-02-13,4763.698058,4843.689558,4626.936545,4705.958487,80042858
BAJFINANCE,2026-02-16,4671.450386,4753.614603,4588.952996,4671.111249,14725767
BAJFINANCE,2026-02-17,4639.694371,4688.724574,4587.674937,4636.673214,146661665
BAJFINANCE,2026-02-18,4647.770013,4684.528158,4575.440508,4611.915085,50344297
BAJFINANCE,2026-02-19,4615.993940,4680.752737,4403.330318,4465.984600,144685926
BAJFINANCE,2026-02-20,4483.908497,4631.059800,4417.396465,4563.369090,105421162
BAJFINANCE,2026-02-23,4568.542204,4754.373599,4514.472091,4698.762292,125661022
BAJFINANCE,2026-02-24,4703.269675,4950.290004,4606.667908,4850.660926,55544217
BAJFINANCE,2026-02-25,4830.352493,5028.758016,4785.727957,4982.725800,70338484
BAJFINANCE,2026-02-26,4980.980956,5031.953269,4811.474842,4861.221611,117355172
BAJFINANCE,2026-02-27,4871.902579,4923.156239,4752.389416,4802.917334,39679893
BAJFINANCE,2026-03-02,4775.513472,4949.563325,4745.155846,4918.298027,88627553
BAJFINANCE,2026-03-03,4917.128357,5026.243400,4877.009579,4985.566237,84685643
BAJFINANCE,2026-03-04,4984.583420,5055.974336,4878.625090,4949.513725,70842360
BAJFINANCE,2026-03-05,4944.103893,5025.694457,4643.777304,4721.697586,11113847
BAJFINANCE,2026-03-06,4718.765178,4825.289390,4551.925615,4657.056786,139216914
BAJFINANCE,2026-03-09,4660.092810,4664.870728,4527.840155,4532.487241,143272727
BAJFINANCE,2026-03-10,4552.679551,4687.335398,4482.724890,4616.401609,61811151
BAJFINANCE,2026-03-11,4605.660512,4704.210743,4494.713364,4592.992529,91350738
BAJFINANCE,2026-03-12,4570.535100,4694.653315,4502.872224,4626.166859,72195352
BAJFINANCE,2026-03-13,4627.356777,4731.208745,4554.251486,4657.625258,46986177
BAJFINANCE,2026-03-16,4626.325444,4713.564403,4453.972643,4539.575758,109454478
BAJFINANCE,2026-03-17,4520.580015,4667.031717,4475.494390,4620.945110,2972673
BAJFINANCE,2026-03-18,4563.330161,4654.419445,4453.012584,4543.710233,18450750
BAJFINANCE,2026-03-19,4524.613810,4577.382207,4458.903586,4511.519267,116282088
BAJFINANCE,2026-03-20,4476.553263,4602.027542,4427.983967,4552.632806,27443133
BAJFINANCE,2026-03-23,4549.849848,4622.777639,4515.160441,4587.798897,127531595
BAJFINANCE,2026-03-24,4541.401800,4701.534803,4457.282530,4616.033155,73267437
BAJFINANCE,2026-03-25,4635.827999,4720.530143,4576.968753,4661.346893,2112172
BAJFINANCE,2026-03-26,4679.129158,4731.891850,4633.582249,4686.275378,71764333
BAJFINANCE,2026-03-27,4713.566572,4742.079358,4613.835990,4641.915352,66539047
BAJFINANCE,2026-03-30,4664.630752,4723.725993,4418.687832,4475.385565,38488780
BAJFINANCE,2026-03-31,4514.504711,4536.477737,4407.019281,4428.574064,78032561
BAJFINANCE,2026-04-01,4412.876422,4479.813560,4328.167250,4394.830659,90452454
BAJFINANCE,2026-04-02,4398.848738,4475.672383,4355.232232,4431.729847,100722460
BAJFINANCE,2026-04-03,4392.054389,4581.992419,4320.215307,4508.252727,9880820
BAJFINANCE,2026-04-06,4476.768461,4580.907742,4445.472112,4549.105695,107077179
BAJFINANCE,2026-04-07,4557.710129,4580.088689,4426.946600,4448.790360,68795305
BAJFINANCE,2026-04-08,4411.547773,4731.477653,4322.678140,4638.045279,74517789
BAJFINANCE,2026-04-09,4581.456072,4675.682393,4469.289902,4563.139509,24497839
BAJFINANCE,2026-04-10,4544.304720,4584.012303,4447.596779,4486.801909,31538893
BAJFINANCE,2026-04-13,4458.115394,4521.749992,4381.410023,4444.855348,130200136
BAJFINANCE,2026-04-14,4465.448614,4512.021508,4192.191147,4236.374891,99854713
BAJFINANCE,2026-04-15,4198.992159,4415.712497,4157.858989,4372.875967,73433713
BAJFINANCE,2026-04-16,4360.854295,4547.031653,4304.737603,4489.262568,126684450
BAJFINANCE,2026-04-17,4445.876912,4526.536794,4337.793994,4417.947157,31980222
BAJFINANCE,2026-04-20,4421.480350,4478.931396,4278.790250,4335.119151,64436853
BAJFINANCE,2026-04-21,4309.308797,4346.207237,4286.071831,4322.897000,15259795
BAJFINANCE,2026-04-22,4331.334276,4350.251073,4287.656111,4306.464290,142266535
BAJFINANCE,2026-04-23,4320.256652,4366.976556,4160.228840,4205.710019,80967758
BAJFINANCE,2026-04-24,4241.415636,4274.878181,4078.818796,4111.254438,142279663
BAJFINANCE,2026-04-27,4084.868581,4328.147932,4078.077599,4320.964446,15117161
BAJFINANCE,2026-04-28,4373.470700,4432.887509,4300.869134,4360.104351,146073505
BAJFINANCE,2026-04-29,4376.825816,4391.281474,4350.037630,4364.452422,119714462
BAJFINANCE,2026-04-30,4376.882084,4384.683652,4286.257554,4293.911230,76381998
BAJFINANCE,2026-05-01,4321.200012,4404.191781,4146.701607,4227.901511,19164042
BAJFINANCE,2026-05-04,4221.628552,4269.854445,4101.019501,4148.408968,16762377
BAJFINANCE,2026-05-05,4102.661980,4189.121341,4008.978761,4095.282609,77716583
BAJFINANCE,2026-05-06,4109.578479,4289.439458,4058.020937,4236.292203,146512591
BAJFINANCE,2026-05-07,4255.890703,4287.698909,4059.160281,4089.726590,134830864
BAJFINANCE,2026-05-08,4086.620820,4351.295997,4001.329759,4262.337586,107161693
BAJFINANCE,2026-05-11,4265.261042,4356.611992,4212.106622,4302.987419,70580809
BAJFINANCE,2026-05-12,4265.068608,4328.855704,4224.516201,4288.084462,82204244
BAJFINANCE,2026-05-13,4253.332445,4522.987351,4215.718782,4483.339656,54040216
BAJFINANCE,2026-05-14,4484.384577,4586.585423,4420.948366,4522.608495,76823693
BAJFINANCE,2026-05-15,4512.453091,4559.141028,4396.524912,4442.488967,63144357
BAJFINANCE,2026-05-18,4400.172782,4705.565428,4340.685396,4642.797912,97251274
BAJFINANCE,2026-05-19,4629.733754,4720.387813,4519.911340,4610.182570,50931647
BAJFINANCE,2026-05-20,4619.437503,4756.214585,4599.662065,4735.940407,13722496
BAJFINANCE,2026-05-21,4766.936405,4799.763506,4583.459628,4615.242099,13800031
BAJFINANCE,2026-05-22,4609.460164,4631.265356,4515.106038,4536.566405,119549075
BAJFINANCE,2026-05-25,4580.929780,4614.735734,4496.682498,4530.113442,55122856
BAJFINANCE,2026-05-26,4525.627859,4634.124968,4465.207331,4573.071037,28414796
BAJFINANCE,2026-05-27,4517.493217,4551.010522,4430.691422,4463.810431,76955553
BAJFINANCE,2026-05-28,4428.272136,4484.333951,4372.484936,4428.543333,19720387
BAJFINANCE,2026-05-29,4429.757492,4444.427459,4418.303251,4432.964925,39641085
BAJFINANCE,2026-06-01,4467.807675,4492.811918,4367.295313,4391.874594,62623961
BAJFINANCE,2026-06-02,4382.107561,4494.447611,4317.187857,4428.835643,37334420
BAJFINANCE,2026-06-03,4410.866454,4451.115570,4277.306644,4316.696460,75757448
BAJFINANCE,2026-06-04,4349.111439,4436.726906,4228.202275,4315.133231,6804530
BAJFINANCE,2026-06-05,4284.409298,4323.121147,4241.785903,4280.462086,61258162
BAJFINANCE,2026-06-08,4279.790253,4319.839945,4243.463002,4283.481363,62375629
BAJFINANCE,2026-06-09,4279.992464,4335.359738,4246.315338,4301.513274,146970236
BAJFINANCE,2026-06-10,4250.421501,4321.284777,4058.827641,4127.643963,70993245
BAJFINANCE,2026-06-11,4102.115032,4126.527792,4071.290548,4095.664921,87953698
BAJFINANCE,2026-06-12,4062.184306,4256.911113,3975.229393,4167.697588,54393005
BAJFINANCE,2026-06-15,4211.997201,4428.996751,4132.431854,4346.883382,97064296
BAJFINANCE,2026-06-16,4292.666942,4320.311048,4253.862286,4281.434055,110966501
BAJFINANCE,2026-06-17,4323.152491,4371.376142,4114.896775,4161.315172,61394122
BAJFINANCE,2026-06-18,4158.185239,4225.374491,4054.642656,4121.234852,100490873
BAJFINANCE,2026-06-19,4119.785016,4181.178227,3968.839699,4028.878214,79576223
BAJFINANCE,2026-06-22,3981.953232,4024.223105,3882.220398,3923.873736,111781730
BAJFINANCE,2026-06-23,3912.444874,3942.076039,3823.091168,3852.266569,98818648
BAJFINANCE,2026-06-24,3857.609439,3898.617130,3695.307858,3735.012300,74418476
BAJFINANCE,2026-06-25,3739.003825,3950.268414,3706.137789,3915.847910,26869278
BAJFINANCE,2026-06-26,3927.937600,4010.589845,3878.265273,3960.505665,40378462
BAJFINANCE,2026-06-29,3969.990530,4049.450698,3848.880365,3927.489874,58830229
BAJFINANCE,2026-06-30,3922.222171,3972.416746,3870.438453,3920.612427,23306898
BAJFINANCE,2026-07-01,3906.554924,4108.562366,3846.119474,4045.970127,124761910
BAJFINANCE,2026-07-02,4047.237668,4084.261317,3997.594843,4034.501988,28665081
BAJFINANCE,2026-07-03,4033.896156,4126.861382,4005.596190,4098.110915,48730235
BAJFINANCE,2026-07-06,4105.757259,4190.820528,4027.630532,4112.564273,35325210
BAJFINANCE,2026-07-07,4060.729409,4104.918756,3992.642394,4036.568823,140379374
BAJFINANCE,2026-07-08,4005.138435,4075.859367,3896.176540,3966.210093,5044917
BAJFINANCE,2026-07-09,3963.973390,4008.922120,3900.251888,3944.985305,100617364
BAJFINANCE,2026-07-10,3982.582631,4017.695145,3913.545674,3948.356433,94484833
BAJFINANCE,2026-07-13,3946.469871,4032.339458,3894.819242,3980.246764,73554878
BAJFINANCE,2026-07-14,3982.868473,4157.889002,3937.655355,4111.218864,48560614
BAJFINANCE,2026-07-15,4090.465430,4169.351046,4068.469650,4147.050987,111260201
BAJFINANCE,2026-07-16,4178.221737,4236.205618,3920.870805,3976.049004,2665455
BAJFINANCE,2026-07-17,3935.748903,4088.789290,3894.821608,4046.708145,100633242
BAJFINANCE,2026-07-20,4030.217377,4090.381467,3974.925715,4035.023864,78311690
BAJFINANCE,2026-07-21,4038.158628,4141.580911,3945.711050,4048.887707,73559118
BAJFINANCE,2026-07-22,4067.840041,4087.455123,3962.913008,3982.114723,75819272
BAJFINANCE,2026-07-23,3985.921559,4021.051148,3900.919536,3935.605670,93567309
BAJFINANCE,2026-07-24,3947.431888,4016.100613,3719.391087,3785.238326,14147585
BAJFINANCE,2026-07-27,3792.320264,3821.823961,3757.302600,3786.763063,29491831
BAJFINANCE,2026-07-28,3783.172232,3930.571796,3733.562871,3879.696694,82949236
BAJFINANCE,2026-07-29,3888.270608,3940.244450,3627.681994,3676.829540,138453700
BAJFINANCE,2026-07-30,3678.137279,3915.605875,3618.451737,3853.081493,21075189
BAJFINANCE,2026-07-31,3831.752101,3871.567710,3767.623502,3807.183824,93679910
BAJFINANCE,2026-08-03,3818.225377,3882.893020,3546.481553,3607.581614,44762692
BAJFINANCE,2026-08-04,3602.998756,3759.560133,3558.177859,3713.366277,3440614
BAJFINANCE,2026-08-05,3710.095263,4007.253614,3654.793955,3948.400220,112903205
BAJFINANCE,2026-08-06,3937.901090,4026.605684,3882.894658,3971.135024,79501582
BAJFINANCE,2026-08-07,4008.316768,4093.863110,3909.670188,3994.930845,45209883
BAJFINANCE,2026-08-10,4003.815769,4137.100132,3940.646248,4072.841568,67933727
BAJFINANCE,2026-08-11,4129.141960,4142.028565,4059.599607,4072.308842,69793304
BAJFINANCE,2026-08-12,4043.082559,4061.911744,4021.451443,4040.267518,140957573
BAJFINANCE,2026-08-13,4068.453788,4179.577583,4015.347832,4125.724072,134734337
BAJFINANCE,2026-08-14,4135.638630,4170.516724,4061.590133,4096.135072,27323997
BAJFINANCE,2026-08-17,4060.293479,4104.491716,4006.618534,4050.712477,28967650
BAJFINANCE,2026-08-18,4047.909905,4074.950176,3903.442101,3929.692674,140495769
BAJFINANCE,2026-08-19,3946.690931,3995.389657,3808.419927,3855.999602,26869552
BAJFINANCE,2026-08-20,3850.675576,3868.927702,3828.578893,3846.812708,102325160
BAJFINANCE,2026-08-21,3821.569655,3892.651212,3663.350880,3732.780959,103548477
BAJFINANCE,2026-08-24,3753.266134,3892.027614,3717.299753,3855.085530,95865793
BAJFINANCE,2026-08-25,3853.970059,3934.360991,3768.738775,3849.026590,65230158
BAJFINANCE,2026-08-26,3864.966408,3907.606132,3730.995129,3772.616009,128610128
BAJFINANCE,2026-08-27,3793.738161,3859.208899,3724.247937,3789.648089,25129518
BAJFINANCE,2026-08-28,3795.704132,3875.499072,3788.424527,3868.080659,80820002
BAJFINANCE,2026-08-31,3884.110912,3926.389888,3741.174360,3782.345609,81444955
BAJFINANCE,2026-09-01,3739.798046,3767.496247,3674.924909,3702.345724,48490076
BAJFINANCE,2026-09-02,3683.851120,3895.652155,3586.468001,3795.322281,95062829
BAJFINANCE,2026-09-03,3795.336229,3823.564907,3706.597296,3734.372543,117341245
BAJFINANCE,2026-09-04,3744.391095,3783.133547,3675.759637,3714.189600,20055893
BAJFINANCE,2026-09-07,3732.079350,3857.022453,3663.640846,3787.566432,111731552
BAJFINANCE,2026-09-08,3772.588490,3847.765917,3727.417791,3802.240186,105162305
BAJFINANCE,2026-09-09,3813.799512,3847.698006,3744.315828,3777.895191,90392452
BAJFINANCE,2026-09-10,3819.369810,3861.667033,3737.382691,3779.235451,74186721
BAJFINANCE,2026-09-11,3773.273295,3823.820353,3696.569842,3746.761749,132208522
BAJFINANCE,2026-09-14,3737.338171,3812.233623,3707.784988,3782.324708,82348971
BAJFINANCE,2026-09-15,3762.965699,3824.062420,3717.450696,3778.361201,112872433
BAJFINANCE,2026-09-16,3829.289272,3861.284647,3756.362609,3788.013103,27172178
BAJFINANCE,2026-09-17,3821.166430,3860.557699,3744.498170,3783.501159,76597017
BAJFINANCE,2026-09-18,3787.011367,3813.841209,3727.878118,3754.477468,97115210
BAJFINANCE,2026-09-21,3742.497392,3781.595674,3479.713558,3516.450301,7601433
BAJFINANCE,2026-09-22,3513.011351,3756.607805,3462.740397,3703.609406,145582731
BAJFINANCE,2026-09-23,3677.895007,3700.877610,3660.059630,3683.017393,111823165
TCS,2025-10-07,3784.893783,3861.031433,3743.977157,3819.738122,31239833
TCS,2025-10-08,3803.409747,3970.601050,3767.104144,3933.057886,40833288
TCS,2025-10-09,3928.122594,3958.310480,3928.114482,3958.302306,83555924
TCS,2025-10-10,3940.122085,3974.482359,3932.785884,3967.095935,26291057
TCS,2025-10-13,3931.414910,4155.960532,3885.357272,4107.836070,89830936
TCS,2025-10-14,4114.204083,4171.995864,3996.007409,4052.938601,142644018
TCS,2025-10-15,4055.143082,4124.328264,4015.422426,4084.321799,126080852
TCS,2025-10-16,4104.061839,4166.338850,3984.110561,4045.498910,83992350
TCS,2025-10-17,4046.289950,4192.554166,3995.229484,4140.307287,81943562
TCS,2025-10-20,4070.173898,4290.729591,4023.064370,4241.635510,131890021
TCS,2025-10-21,4277.041285,4317.886495,4046.786951,4085.805888,92098897
TCS,2025-10-22,4111.433362,4172.897792,3950.128670,4010.077873,16194554
TCS,2025-10-23,4040.989851,4210.193855,3976.773279,4144.334994,107352190
TCS,2025-10-24,4157.405054,4219.865460,4112.860637,4175.131118,39908559
TCS,2025-10-27,4174.447759,4221.780253,4101.176814,4148.211828,51025999
TCS,2025-10-28,4139.650787,4141.978076,3981.167610,3983.407060,17549629
TCS,2025-10-29,3971.574587,4097.042689,3909.952432,4034.445050,118614848
TCS,2025-10-30,4044.234237,4076.872675,3974.120670,4006.454210,84943726
TCS,2025-10-31,4008.709212,4161.480677,3982.479459,4134.428320,98056238
TCS,2025-11-03,4169.265001,4228.006884,4033.331645,4090.970414,10374787
TCS,2025-11-04,4128.670544,4211.811179,4094.055719,4176.792896,36220005
TCS,2025-11-05,4174.836704,4282.390539,4108.315837,4215.226116,146641255
TCS,2025-11-06,4270.657114,4361.080430,4240.598841,4330.600258,14891858
TCS,2025-11-07,4331.619768,4387.943449,4189.804207,4245.001599,133400115
TCS,2025-11-10,4224.380561,4324.608204,4173.853719,4273.493929,142118952
TCS,2025-11-11,4270.408086,4414.318769,4234.072637,4377.075721,54327091
TCS,2025-11-12,4368.015596,4449.315861,4319.285992,4400.226908,14803747
TCS,2025-11-13,4431.179879,4472.568888,4341.648645,4382.583746,93365358
TCS,2025-11-14,4391.057761,4461.626546,4361.078754,4431.372299,78198519
TCS,2025-11-17,4466.046816,4507.631192,4302.566152,4343.004856,128214573
TCS,2025-11-18,4328.875642,4436.201468,4269.992479,4376.668210,54511337
TCS,2025-11-19,4373.320089,4495.911555,4310.914970,4432.659689,129411625
TCS,2025-11-20,4419.114123,4593.407658,4385.562624,4558.795647,76082231
TCS,2025-11-21,4557.394634,4653.952243,4374.808897,4469.504373,79090326
TCS,2025-11-24,4438.499808,4498.627173,4326.436046,4385.850178,90807810
TCS,2025-11-25,4330.219176,4543.722837,4301.263464,4513.541270,23579570
TCS,2025-11-26,4531.753673,4582.015798,4409.646247,4459.102592,102490177
TCS,2025-11-27,4448.928435,4598.075588,4398.148494,4546.185558,9532350
TCS,2025-11-28,4539.145880,4652.042084,4511.127282,4623.502779,125599103
TCS,2025-12-01,4579.960195,4681.985616,4348.976221,4448.063446,83056743
TCS,2025-12-02,4437.891880,4609.897973,4393.940552,4564.690873,9518016
TCS,2025-12-03,4564.553996,4618.573654,4282.321070,4333.607571,77993224
TCS,2025-12-04,4336.022277,4478.725485,4300.274666,4442.103307,15543725
TCS,2025-12-05,4432.515888,4608.707640,4388.930699,4563.831219,135362318
TCS,2025-12-08,4550.520068,4586.941053,4437.764598,4473.569695,30699203
TCS,2025-12-09,4473.142889,4508.755978,4397.457354,4432.748845,74669600
TCS,2025-12-10,4482.675783,4639.769651,4455.034733,4611.335262,127578155
TCS,2025-12-11,4620.228552,4767.062805,4528.442250,4674.204213,96552614
TCS,2025-12-12,4629.533159,4641.551451,4568.815906,4580.707446,55893283
TCS,2025-12-15,4567.923852,4692.927324,4509.483250,4633.645894,133220016
TCS,2025-12-16,4614.451185,4878.140204,4535.543305,4796.125660,145609188
TCS,2025-12-17,4777.575300,4846.738986,4724.343021,4793.331152,62992782
TCS,2025-12-18,4797.395022,4966.914841,4742.942121,4911.170529,59389281
TCS,2025-12-19,4887.240385,5044.019335,4845.864793,5001.674935,118059921
TCS,2025-12-22,5023.309597,5138.126983,4946.267439,5060.514221,73746207
TCS,2025-12-23,5045.881804,5076.462569,5038.023440,5068.568873,12104044
TCS,2025-12-24,5000.458662,5056.441965,4858.413178,4913.422051,35945753
TCS,2025-12-25,4901.483028,4945.856786,4832.503062,4876.652021,125588468
TCS,2025-12-26,4895.826547,4989.232973,4850.323199,4943.288499,13400521
TCS,2025-12-29,4964.667619,5109.206098,4872.769097,5016.350892,18467480
TCS,2025-12-30,5036.495685,5093.330304,4946.927173,5003.388188,30192731
TCS,2025-12-31,5028.056828,5122.542411,4670.460871,4759.907480,58205684
TCS,2026-01-01,4757.722868,4801.176229,4681.712001,4724.865266,83301704
TCS,2026-01-02,4727.794260,4888.063232,4670.054366,4829.086273,50425174
TCS,2026-01-05,4826.675164,4932.306478,4601.408714,4704.363244,73843827
TCS,2026-01-06,4641.520627,4703.300499,4556.723685,4618.193062,85148131
TCS,2026-01-07,4630.728120,4696.947961,4568.405875,4634.573957,63235290
TCS,2026-01-08,4646.439979,4768.938858,4592.939075,4714.652528,19348444
TCS,2026-01-09,4717.649721,4746.161666,4519.281796,4546.760945,34351608
TCS,2026-01-12,4603.879294,4631.266872,4499.961115,4526.890702,11805784
TCS,2026-01-13,4536.036476,4724.446084,4456.360375,4642.893033,64719689
TCS,2026-01-14,4660.770580,4686.416510,4632.943388,4658.577250,134039945
TCS,2026-01-15,4653.656032,4743.113749,4452.873543,4540.149309,81169844
TCS,2026-01-16,4528.251657,4584.363709,4432.405048,4488.018549,36486023
TCS,2026-01-19,4505.324194,4509.575975,4424.668447,4428.848055,86341601
TCS,2026-01-20,4433.338086,4452.705334,4376.942468,4396.147247,111859638
TCS,2026-01-21,4443.336701,4563.092752,4390.585171,4509.555075,13245120
TCS,2026-01-22,4500.286483,4585.505279,4337.554724,4421.277380,35745774
TCS,2026-01-23,4427.054945,4653.184409,4369.988371,4593.966279,69492574
TCS,2026-01-26,4563.851836,4615.565901,4528.300684,4579.889817,20715189
TCS,2026-01-27,4619.710661,4725.840946,4562.219893,4667.752316,47835199
TCS,2026-01-28,4726.080316,4794.888479,4642.230292,4710.816221,91553164
TCS,2026-01-29,4736.597824,4771.376723,4581.827289,4615.718622,96948897
TCS,2026-01-30,4654.184719,4721.272479,4523.160739,4589.313411,30554514
TCS,2026-02-02,4586.269393,4643.354830,4435.466740,4491.370973,11641996
TCS,2026-02-03,4488.188810,4525.606091,4470.138754,4507.478457,51365733
TCS,2026-02-04,4441.239049,4616.810844,4368.111025,4542.023338,37505321
TCS,2026-02-05,4554.740857,4597.727405,4442.827878,4485.157716,148776988
TCS,2026-02-06,4478.641340,4593.134151,4427.789406,4541.567731,94521291
TCS,2026-02-09,4492.670054,4533.836330,4455.472464,4496.606150,40367286
TCS,2026-02-10,4546.728797,4608.031212,4377.492270,4437.319547,145934589
TCS,2026-02-11,4433.381249,4536.393593,4277.228730,4378.976957,9998861
TCS,2026-02-12,4367.516180,4427.814054,4203.726688,4262.575756,125479262
TCS,2026-02-13,4303.655837,4376.024445,4119.193826,4189.645276,14838321
TCS,2026-02-16,4198.169252,4225.477642,4154.531327,4181.732802,22134225
TCS,2026-02-17,4202.843431,4238.016198,4082.427886,4116.881252,63180979
TCS,2026-02-18,4142.224578,4190.122854,4062.302208,4109.825844,116068133
TCS,2026-02-19,4105.214641,4172.501406,4076.841062,4143.860721,129232427
TCS,2026-02-20,4132.240652,4184.773081,4039.044622,4091.053445,139721262
TCS,2026-02-23,4074.965018,4345.135036,4007.226298,4274.086296,17445999
TCS,2026-02-24,4316.158881,4537.210408,4251.828671,4470.578647,25818321
TCS,2026-02-25,4457.837679,4516.738876,4376.966185,4435.573203,95331581
TCS,2026-02-26,4409.109757,4530.311783,4327.228567,4447.713683,54199034
TCS,2026-02-27,4419.744755,4620.981897,4371.105561,4570.681646,32695192
TCS,2026-03-02,4557.705989,4701.811610,4521.507787,4664.763139,86799782
TCS,2026-03-03,4644.529191,4710.501524,4409.132453,4472.663553,116132267
TCS,2026-03-04,4447.904157,4536.739101,4402.618480,4491.014503,128810345
TCS,2026-03-05,4510.146143,4573.682552,4351.427817,4413.604197,120581649
TCS,2026-03-06,4443.878490,4470.920511,4413.631754,4440.654154,109893714
TCS,2026-03-09,4448.980939,4570.130657,4416.689407,4537.198823,50379035
TCS,2026-03-10,4554.493755,4725.972697,4480.924807,4650.847346,94506979
TCS,2026-03-11,4626.234602,4795.474766,4571.662156,4739.565435,28467479
TCS,2026-03-12,4716.395324,4796.850740,4620.835050,4701.028325,77216323
TCS,2026-03-13,4671.252793,4890.475580,4600.035713,4817.035916,17445073
TCS,2026-03-16,4850.823000,4964.959906,4806.072083,4919.574725,121892277
TCS,2026-03-17,4837.156817,4864.931764,4826.140429,4853.877296,14730686
TCS,2026-03-18,4832.831109,4903.003075,4657.579222,4726.202964,100208701
TCS,2026-03-19,4766.226579,4889.455164,4724.801125,4847.324847,93285035
TCS,2026-03-20,4781.016626,4846.395259,4697.065513,4762.186653,30894976
TCS,2026-03-23,4779.371041,4880.012534,4446.646445,4542.295730,6171909
TCS,2026-03-24,4561.644996,4631.677643,4510.046214,4579.872680,46614141
TCS,2026-03-25,4597.134310,4653.503796,4399.082626,4453.693255,52290677
TCS,2026-03-26,4473.358135,4578.438751,4424.428468,4528.901549,103128628
TCS,2026-03-27,4545.137284,4565.593917,4375.547545,4395.329930,127862794
TCS,2026-03-30,4370.610429,4557.191382,4307.777177,4492.604308,108887603
TCS,2026-03-31,4511.008687,4598.396392,4479.207835,4566.206417,30382319
TCS,2026-04-01,4585.010240,4644.936387,4482.713556,4542.078585,106734318
TCS,2026-04-02,4535.210449,4740.225994,4485.296965,4688.624076,135099705
TCS,2026-04-03,4708.802396,4808.483291,4589.937917,4689.203931,86996876
TCS,2026-04-06,4714.809523,4819.592610,4642.455472,4746.748421,84517102
TCS,2026-04-07,4752.337006,4821.318395,4683.345726,4752.326969,27861225
TCS,2026-04-08,4745.481587,4785.121683,4541.120269,4579.372820,119663136
TCS,2026-04-09,4568.239915,4657.889167,4526.024654,4615.239580,98153948
TCS,2026-04-10,4570.672266,4656.937688,4453.689489,4539.364009,140799185
TCS,2026-04-13,4541.969976,4599.055098,4325.241253,4380.294378,83632883
TCS,2026-04-14,4391.407166,4444.904709,4330.595437,4384.002777,48574717
TCS,2026-04-15,4461.990882,4529.859942,4350.103165,4417.292339,93363660
TCS,2026-04-16,4399.007498,4470.716533,4325.320169,4396.996421,100221376
TCS,2026-04-17,4403.669673,4450.766141,4243.797047,4289.674356,1464081
TCS,2026-04-20,4296.192350,4370.348041,4225.605946,4299.703942,47451737
TCS,2026-04-21,4325.959774,4363.512485,4243.166595,4280.323145,105351737
TCS,2026-04-22,4291.010371,4363.308355,4173.996018,4245.527678,121546753
TCS,2026-04-23,4257.017917,4307.256348,4173.978979,4223.825698,135369488
TCS,2026-04-24,4191.996608,4349.047242,4117.830785,4273.440494,121428896
TCS,2026-04-27,4292.076530,4377.299352,4176.609854,4261.219994,42538581
TCS,2026-04-28,4244.196047,4306.957406,4085.715368,4147.040025,130233201
TCS,2026-04-29,4107.513087,4228.807359,4080.121324,4200.793537,20924124
TCS,2026-04-30,4214.194531,4425.514782,4148.165987,4357.244906,102853450
TCS,2026-05-01,4397.044928,4599.599603,4386.793975,4588.901370,121680831
TCS,2026-05-04,4582.791049,4687.026003,4487.431618,4591.485653,60302217
TCS,2026-05-05,4663.695906,4691.208989,4601.361532,4628.667970,103061063
TCS,2026-05-06,4631.862408,4688.287122,4444.010791,4498.814736,15384199
TCS,2026-05-07,4468.026330,4648.939080,4371.522855,4550.651020,8849353
TCS,2026-05-08,4591.994179,4662.850388,4310.756051,4378.315111,53665605
TCS,2026-05-11,4420.821052,4521.037051,4344.027476,4443.843554,78720874
TCS,2026-05-12,4484.442357,4666.601050,4465.496637,4646.968694,68752435
TCS,2026-05-13,4678.526670,4775.220331,4644.799598,4741.042588,57534135
TCS,2026-05-14,4716.511981,4903.596299,4684.104424,4870.133198,36195000
TCS,2026-05-15,4786.579532,4905.192254,4585.682165,4702.204039,130485772
TCS,2026-05-18,4714.416419,4878.648490,4587.531809,4750.785049,54053383
TCS,2026-05-19,4728.792905,4796.890278,4611.875145,4679.259205,31863131
TCS,2026-05-20,4693.600697,4821.636356,4665.916640,4793.363870,127147041
TCS,2026-05-21,4796.369799,4845.010139,4622.800539,4670.160986,104053518
TCS,2026-05-22,4670.887538,4749.532666,4604.211347,4682.688025,135524073
TCS,2026-05-25,4713.583230,4749.190280,4539.291781,4573.843216,133735601
TCS,2026-05-26,4569.172016,4613.268564,4411.710579,4454.702394,36731422
TCS,2026-05-27,4438.924305,4493.572184,4275.572306,4328.865241,19635954
TCS,2026-05-28,4341.649593,4510.082368,4229.034294,4396.055859,55643009
TCS,2026-05-29,4395.373121,4448.314108,4213.632412,4265.003130,47039324
TCS,2026-06-01,4229.860224,4466.406805,4188.961494,4423.634462,146112572
TCS,2026-06-02,4462.198439,4634.569505,4418.464784,4589.587321,32358638
TCS,2026-06-03,4574.600862,4640.872529,4531.129420,4597.186461,123919590
TCS,2026-06-04,4618.026465,4703.916633,4436.906588,4520.992023,139965320
TCS,2026-06-05,4481.772275,4559.462579,4299.275415,4375.116878,54261531
TCS,2026-06-08,4368.954294,4581.053279,4329.091798,4539.633499,23634968
TCS,2026-06-09,4532.341452,4594.363446,4469.643548,4531.656165,101171940
TCS,2026-06-10,4561.582058,4624.027051,4531.637571,4593.870606,64242490
TCS,2026-06-11,4586.403543,4678.556183,4568.809423,4660.677138,140082976
TCS,2026-06-12,4617.395817,4713.323628,4601.893941,4697.552643,52573234
TCS,2026-06-15,4739.496221,4796.761775,4642.316523,4699.093911,33058893
TCS,2026-06-16,4718.864237,4832.006270,4671.560159,4784.048752,25228981
TCS,2026-06-17,4769.548224,4933.597398,4730.242341,4893.271908,130601106
TCS,2026-06-18,4924.043192,5013.162464,4827.867051,4916.856248,125915157
TCS,2026-06-19,4938.587594,5009.712066,4774.036226,4843.795523,126275409
TCS,2026-06-22,4859.946880,4903.229028,4595.077762,4636.368748,1092756
TCS,2026-06-23,4645.492293,4709.096959,4495.776880,4558.186177,10927533
TCS,2026-06-24,4565.683160,4583.565324,4519.696593,4537.468248,12054588
TCS,2026-06-25,4521.478241,4568.255973,4462.715932,4509.368379,146822054
TCS,2026-06-26,4516.121053,4636.974510,4472.608942,4592.724339,90944772
TCS,2026-06-29,4621.631289,4733.467733,4552.651299,4663.857497,64568025
TCS,2026-06-30,4634.444222,4810.197625,4567.844414,4742.051435,85018223
TCS,2026-07-01,4760.053864,4826.782562,4666.162652,4732.505159,30201534
TCS,2026-07-02,4741.201816,4799.820605,4708.406566,4766.847958,140389227
TCS,2026-07-03,4786.698086,4830.352388,4649.105268,4691.894973,89521821
TCS,2026-07-06,4736.218541,4789.335636,4681.212614,4734.308286,45991896
TCS,2026-07-07,4736.918769,5058.677722,4713.358948,5033.642101,148467565
TCS,2026-07-08,5011.580865,5097.968549,4883.036291,4968.684545,116282508
TCS,2026-07-09,4959.771735,5120.961568,4887.796461,5047.710149,99871137
TCS,2026-07-10,5094.132042,5157.790417,5048.395187,5111.894089,64575600
TCS,2026-07-13,5121.141791,5166.230981,5102.916017,5147.909941,89978267
TCS,2026-07-14,5254.088405,5263.266140,5078.714545,5087.601464,53936600
TCS,2026-07-15,5078.958591,5133.649968,5041.246730,5095.812961,108240430
TCS,2026-07-16,5044.656608,5256.511630,4977.011475,5186.958336,55927703
TCS,2026-07-17,5189.749708,5234.158017,5105.663501,5149.729359,127115501
TCS,2026-07-20,5180.191408,5274.809021,5083.200828,5177.774291,65118751
TCS,2026-07-21,5192.718226,5239.950400,5078.573484,5125.191445,132838582
TCS,2026-07-22,5137.922129,5182.660178,4982.378324,5026.143066,78665000
TCS,2026-07-23,4998.592151,5137.347185,4927.440232,5065.246481,108813332
TCS,2026-07-24,5082.778070,5184.325611,5031.887951,5132.933325,99015395
TCS,2026-07-27,5155.756478,5281.663443,5096.351803,5221.501256,105048871
TCS,2026-07-28,5223.035703,5278.886814,5047.719849,5102.279689,66082294
TCS,2026-07-29,5114.916277,5224.609003,5106.478587,5216.004556,62818704
TCS,2026-07-30,5178.791369,5247.290548,5072.716848,5140.712361,8729207
TCS,2026-07-31,5103.955341,5180.979555,4926.684302,5002.172503,98447426
TCS,2026-08-03,4999.794206,5163.554550,4920.779090,5083.220984,94594730
TCS,2026-08-04,5092.366331,5213.046770,5039.543338,5159.527120,75328686
TCS,2026-08-05,5143.407423,5323.503170,5046.167952,5224.726312,129582652
TCS,2026-08-06,5252.809399,5277.996857,5102.165506,5126.748496,88054248
TCS,2026-08-07,5111.899187,5285.866851,5072.337500,5245.272966,60024081
TCS,2026-08-10,5252.760704,5389.303138,5183.508129,5319.174955,9784735
TCS,2026-08-11,5327.490884,5380.788878,5220.023998,5272.774592,115479211
TCS,2026-08-12,5288.852029,5330.398141,5104.681586,5145.098454,126937389
TCS,2026-08-13,5123.179644,5179.723498,5065.765254,5122.299393,83032200
TCS,2026-08-14,5102.325758,5168.655811,5059.676845,5125.810595,128367247
TCS,2026-08-17,5121.220654,5217.758998,4903.005201,4997.205785,14885134
TCS,2026-08-18,4988.627977,5016.177531,4938.739466,4966.164969,121081803
TCS,2026-08-19,4981.266276,5145.562749,4862.173361,5025.414335,72011750
TCS,2026-08-20,4999.202883,5256.011837,4967.616898,5223.011782,81341792
TCS,2026-08-21,5211.952006,5261.521892,4971.373719,5019.109517,76185800
TCS,2026-08-24,5025.406979,5097.415963,4948.793562,5020.735610,110689831
TCS,2026-08-25,5055.041878,5087.675120,4930.550457,4962.586848,40477085
TCS,2026-08-26,4975.424086,4986.990453,4955.971662,4967.519653,58288621
TCS,2026-08-27,5007.662958,5136.034312,4927.824126,5055.433853,25450118
TCS,2026-08-28,5101.180035,5152.615825,5093.365095,5144.734160,122106325
TCS,2026-08-31,5155.329955,5197.290830,5066.627896,5108.205207,47354886
TCS,2026-09-01,5072.450581,5310.464911,5014.612718,5250.595774,34623332
TCS,2026-09-02,5210.692244,5355.059601,5136.324115,5279.706486,67740911
TCS,2026-09-03,5291.399715,5326.058138,5283.895260,5318.515226,65681748
TCS,2026-09-04,5278.696047,5517.541148,5209.355263,5446.002630,114038267
TCS,2026-09-07,5482.912532,5619.949518,5442.572997,5578.903745,68419510
TCS,2026-09-08,5563.141954,5629.819797,5534.341622,5600.824383,5464594
TCS,2026-09-09,5597.282570,5615.116466,5320.628804,5337.635420,121632420
TCS,2026-09-10,5355.606438,5474.388084,5330.502267,5448.846852,130276028
TCS,2026-09-11,5484.626829,5562.528249,5336.326000,5413.213088,93399564
TCS,2026-09-14,5419.982983,5590.436034,5351.426857,5520.607137,103855821
TCS,2026-09-15,5523.951293,5581.946530,5276.147766,5332.129086,104009597
TCS,2026-09-16,5293.605821,5518.870934,5204.827774,5427.841644,85007706
TCS,2026-09-17,5421.125466,5547.787805,5322.580824,5448.741168,100059969
TCS,2026-09-18,5503.188519,5589.460147,5413.532258,5499.749981,36306741
TCS,2026-09-21,5519.063088,5596.307917,5390.675131,5467.194001,128831973
TCS,2026-09-22,5441.493046,5611.858879,5319.276916,5488.585060,41580866
TCS,2026-09-23,5564.874029,5620.688769,5165.796903,5218.133898,23857699
INFY,2025-10-07,1515.659431,1543.362986,1479.468670,1507.014206,64818215
INFY,2025-10-08,1516.662844,1519.290215,1515.914343,1518.540786,98521699
INFY,2025-10-09,1534.051970,1556.447738,1495.286100,1517.439339,121765303
INFY,2025-10-10,1516.584671,1538.482530,1501.868076,1523.696919,48419506
INFY,2025-10-13,1513.943494,1532.677913,1464.190777,1482.536548,93975324
INFY,2025-10-14,1480.037605,1516.911905,1448.386567,1485.151505,107795786
INFY,2025-10-15,1492.186450,1508.651807,1453.975557,1470.198287,34471257
INFY,2025-10-16,1469.125846,1491.820582,1442.843739,1465.482188,86959544
INFY,2025-10-17,1466.020473,1484.349557,1394.611445,1412.268489,137320308
INFY,2025-10-20,1432.478644,1440.783906,1385.289061,1393.367564,38696047
INFY,2025-10-21,1386.248395,1391.189683,1345.726272,1350.540279,67990153
INFY,2025-10-22,1340.642360,1371.199182,1294.498086,1324.691342,5041442
INFY,2025-10-23,1331.824807,1350.974791,1320.471107,1339.555190,65649916
INFY,2025-10-24,1329.468135,1352.798717,1322.916984,1346.165288,62582057
INFY,2025-10-27,1338.914915,1374.404741,1313.623676,1348.924429,49334534
INFY,2025-10-28,1345.059291,1392.680052,1330.370201,1377.635209,18009742
INFY,2025-10-29,1373.354454,1388.487062,1309.356102,1323.944273,96798400
INFY,2025-10-30,1316.102225,1344.035087,1303.380512,1331.167748,32496054
INFY,2025-10-31,1327.173816,1337.914951,1283.118073,1293.587385,142724064
INFY,2025-11-03,1293.346842,1308.431769,1275.021275,1290.067960,72590319
INFY,2025-11-04,1285.638011,1303.160417,1250.524675,1267.804015,122776811
INFY,2025-11-05,1256.768348,1269.365964,1231.575044,1244.045125,60483078
INFY,2025-11-06,1246.807186,1270.489929,1198.440463,1221.645262,50073822
INFY,2025-11-07,1232.716697,1239.457972,1226.782103,1233.519514,103240973
INFY,2025-11-10,1223.826400,1280.619629,1212.411084,1268.784959,17431402
INFY,2025-11-11,1261.574154,1270.198890,1225.400752,1233.835856,4389342
INFY,2025-11-12,1239.767228,1307.915890,1220.988642,1288.400660,23392552
INFY,2025-11-13,1294.920401,1332.866694,1264.480865,1302.254750,3391752
INFY,2025-11-14,1312.080894,1325.374132,1272.012811,1285.032005,25416740
INFY,2025-11-17,1291.263090,1301.299744,1243.733721,1253.476671,47656359
INFY,2025-11-18,1264.864435,1283.258284,1236.942306,1255.195549,94584874
INFY,2025-11-19,1259.560041,1298.053169,1238.306075,1276.513134,32274105
INFY,2025-11-20,1279.464064,1309.192224,1273.299238,1302.914408,13004881
INFY,2025-11-21,1298.817094,1344.884791,1296.020960,1341.995700,93915637
INFY,2025-11-24,1344.241777,1394.120752,1335.276123,1384.884027,125297215
INFY,2025-11-25,1372.846559,1438.984675,1347.669818,1413.070268,86743303
INFY,2025-11-26,1429.118057,1445.790225,1344.873274,1360.747831,144889865
INFY,2025-11-27,1353.830727,1427.552632,1330.044534,1402.904240,128082616
INFY,2025-11-28,1396.988882,1465.204892,1385.861530,1453.626409,145594128
INFY,2025-12-01,1446.104923,1526.332426,1437.894731,1517.715668,7461843
INFY,2025-12-02,1506.187260,1523.336958,1497.435328,1514.536511,27876926
INFY,2025-12-03,1497.153757,1532.405641,1483.472205,1518.528757,67473248
INFY,2025-12-04,1516.624944,1538.335415,1493.595052,1515.286361,9782945
INFY,2025-12-05,1520.717911,1533.382896,1507.192695,1519.850456,66173281
INFY,2025-12-08,1519.230235,1574.647025,1495.241808,1550.170062,39500555
INFY,2025-12-09,1551.099716,1567.973457,1513.630833,1530.278065,86344990
INFY,2025-12-10,1529.260047,1591.596063,1500.316992,1562.032746,55824877
INFY,2025-12-11,1561.747248,1583.129477,1507.619149,1528.546824,30654890
INFY,2025-12-12,1545.392114,1568.380649,1533.053295,1555.957473,15804035
INFY,2025-12-15,1575.147420,1580.266338,1495.589110,1500.465326,17214451
INFY,2025-12-16,1511.897896,1543.540063,1427.669104,1458.187172,113609060
INFY,2025-12-17,1463.992496,1487.721996,1446.169518,1469.827975,94171955
INFY,2025-12-18,1463.944647,1474.596522,1423.439898,1433.872967,3929559
INFY,2025-12-19,1441.375990,1459.140546,1379.326181,1396.538123,125023686
INFY,2025-12-22,1378.805211,1414.317049,1352.987502,1388.321157,136273399
INFY,2025-12-23,1379.731531,1400.594873,1363.799841,1384.606887,105792226
INFY,2025-12-24,1381.120296,1403.235953,1337.443345,1359.208126,6055393
INFY,2025-12-25,1357.813871,1377.993514,1293.885325,1313.404970,124634710
INFY,2025-12-26,1313.106478,1342.616725,1254.098880,1282.930975,63031436
INFY,2025-12-29,1292.615617,1337.614956,1279.434953,1324.113116,111719595
INFY,2025-12-30,1334.729065,1358.641954,1319.913790,1343.726806,95848124
INFY,2025-12-31,1325.491882,1349.331878,1312.576210,1336.310786,59910464
INFY,2026-01-01,1347.449734,1357.660018,1299.501638,1309.423781,148003687
INFY,2026-01-02,1308.269195,1338.030700,1278.325773,1308.083043,103741286
INFY,2026-01-05,1320.859635,1341.987439,1287.876780,1308.811874,26642939
INFY,2026-01-06,1299.567827,1336.808833,1287.683101,1324.694321,147914499
INFY,2026-01-07,1323.124572,1349.959755,1307.751506,1334.455043,123073561
INFY,2026-01-08,1340.868854,1368.988418,1292.340063,1320.022455,59558103
INFY,2026-01-09,1304.916740,1323.494140,1280.800628,1299.298037,23978883
INFY,2026-01-12,1311.685470,1324.586167,1294.229684,1307.085136,76875523
INFY,2026-01-13,1306.064783,1315.117836,1258.744042,1267.529990,121639908
INFY,2026-01-14,1281.642723,1335.059040,1265.474135,1318.426406,8757133
INFY,2026-01-15,1327.085065,1350.072631,1286.123162,1308.793891,46893232
INFY,2026-01-16,1312.122159,1357.109432,1281.823746,1326.479491,75135223
INFY,2026-01-19,1326.152294,1392.134542,1301.730318,1366.961046,138440832
INFY,2026-01-20,1356.243638,1391.597238,1342.091639,1377.226291,88059844
INFY,2026-01-21,1376.834690,1418.795108,1364.452898,1406.149688,9725722
INFY,2026-01-22,1402.281644,1410.834494,1373.587182,1382.016431,131991657
INFY,2026-01-23,1373.992298,1392.514824,1356.816693,1375.322590,111547005
INFY,2026-01-26,1366.084431,1404.159278,1357.642718,1395.535573,138414687
INFY,2026-01-27,1385.173737,1407.060110,1367.113216,1388.950348,30444944
INFY,2026-01-28,1382.469731,1429.927576,1369.243586,1416.377039,72932184
INFY,2026-01-29,1423.313351,1446.667399,1410.131791,1433.392494,7173145
INFY,2026-01-30,1435.255853,1510.616021,1417.903067,1492.570282,148718693
INFY,2026-02-02,1492.413993,1505.893532,1456.662939,1469.939487,147016211
INFY,2026-02-03,1462.068494,1471.164064,1440.191953,1449.207515,146728919
INFY,2026-02-04,1434.908341,1452.395961,1402.772336,1420.079230,34442587
INFY,2026-02-05,1430.628108,1451.399844,1391.658542,1412.162165,71098929
INFY,2026-02-06,1393.402664,1427.765278,1376.417676,1410.571015,83672871
INFY,2026-02-09,1409.278215,1432.509863,1333.579666,1355.931912,62163301
INFY,2026-02-10,1346.567919,1365.064272,1301.420703,1319.545883,4435112
INFY,2026-02-11,1335.337996,1338.863915,1323.484011,1326.987882,61787544
INFY,2026-02-12,1312.524924,1426.727436,1290.322427,1402.994567,75410101
INFY,2026-02-13,1400.765470,1413.302397,1383.560543,1396.055314,147301493
INFY,2026-02-16,1407.920160,1451.403437,1396.494676,1439.719892,79590293
INFY,2026-02-17,1444.915965,1484.855581,1432.998569,1472.708954,42483084
INFY,2026-02-18,1483.797454,1539.881036,1460.685873,1516.263761,56940470
INFY,2026-02-19,1508.020137,1521.143576,1480.719561,1493.718541,20162994
INFY,2026-02-20,1498.095100,1571.805557,1473.558861,1546.476907,69334238
INFY,2026-02-23,1545.299617,1561.830056,1526.860199,1543.369997,72328274
INFY,2026-02-24,1533.673718,1589.040196,1515.478958,1570.409620,105635405
INFY,2026-02-25,1552.508100,1683.848281,1528.221827,1657.913131,95885625
INFY,2026-02-26,1665.077285,1680.801445,1587.229444,1602.361347,26787325
INFY,2026-02-27,1610.332449,1647.982868,1499.709401,1535.612836,122817952
INFY,2026-03-02,1529.149362,1540.752863,1450.484140,1461.574872,3157695
INFY,2026-03-03,1445.397764,1468.184369,1440.615360,1463.342591,68264690
INFY,2026-03-04,1450.448048,1474.882231,1381.282538,1404.950268,72701460
INFY,2026-03-05,1408.281208,1423.469383,1358.952459,1373.768417,32013854
INFY,2026-03-06,1378.340501,1388.698782,1371.147982,1381.489829,137731129
INFY,2026-03-09,1375.323205,1399.980536,1330.307294,1354.592966,100243641
INFY,2026-03-10,1359.337637,1380.103392,1301.197405,1321.383357,128305852
INFY,2026-03-11,1329.035612,1347.191876,1267.857668,1285.418062,130801041
INFY,2026-03-12,1289.191816,1306.821645,1226.013602,1243.011917,59948688
INFY,2026-03-13,1248.682010,1274.871852,1237.721550,1263.778877,47460827
INFY,2026-03-16,1264.474887,1287.127162,1191.334601,1213.065916,7188735
INFY,2026-03-17,1213.806145,1228.676535,1190.762590,1205.531609,59215426
INFY,2026-03-18,1199.542267,1232.787690,1184.851729,1217.872663,10659025
INFY,2026-03-19,1226.437790,1245.536575,1183.617253,1202.340785,51125234
INFY,2026-03-20,1211.806827,1260.111349,1197.269017,1245.173248,29475453
INFY,2026-03-23,1261.418302,1273.061902,1233.342661,1244.833170,107510194
INFY,2026-03-24,1251.341624,1284.787827,1229.733435,1262.978689,64849732
INFY,2026-03-25,1268.272228,1302.056204,1254.140919,1287.708335,35913614
INFY,2026-03-26,1276.229810,1297.856606,1259.250225,1280.816005,57411819
INFY,2026-03-27,1282.081046,1297.217945,1254.251252,1269.236502,121130131
INFY,2026-03-30,1268.135432,1321.179509,1257.467207,1310.157769,67839850
INFY,2026-03-31,1310.655769,1363.401335,1292.169553,1344.438627,123645219
INFY,2026-04-01,1342.382595,1347.783946,1333.553048,1338.940549,107830267
INFY,2026-04-02,1324.732093,1384.388539,1308.642113,1367.775758,40913905
INFY,2026-04-03,1365.491241,1382.074110,1350.998342,1367.559261,145960571
INFY,2026-04-06,1374.164089,1382.019481,1363.351585,1371.189976,91226586
INFY,2026-04-07,1362.221419,1389.133311,1328.479619,1355.253860,27085611
INFY,2026-04-08,1360.340413,1376.113784,1285.696315,1300.779062,132969192
INFY,2026-04-09,1302.483312,1336.128869,1279.987780,1313.444031,35414478
INFY,2026-04-10,1320.198365,1332.781136,1315.075456,1327.629392,39039694
INFY,2026-04-13,1320.774142,1334.971740,1313.440193,1327.599889,131571482
INFY,2026-04-14,1332.093267,1352.408908,1272.411866,1292.117845,85962291
INFY,2026-04-15,1279.794522,1312.865044,1265.215719,1298.077965,70020077
INFY,2026-04-16,1293.846934,1301.424949,1283.696436,1291.259295,94683251
INFY,2026-04-17,1298.340044,1327.326591,1252.227320,1280.822778,4286581
INFY,2026-04-20,1273.554218,1304.803752,1254.581232,1285.650558,117249060
INFY,2026-04-21,1284.175403,1354.134984,1268.838468,1338.153389,49331572
INFY,2026-04-22,1334.134856,1358.243460,1307.142688,1331.198225,13345740
INFY,2026-04-23,1331.120949,1408.773584,1320.706169,1397.836815,107384436
INFY,2026-04-24,1386.598885,1424.173134,1367.080321,1404.403936,142952057
INFY,2026-04-27,1397.409397,1421.984928,1349.532632,1373.691041,15292981
INFY,2026-04-28,1377.460037,1389.056777,1344.878480,1356.297051,21753772
INFY,2026-04-29,1358.802153,1359.133614,1319.736573,1320.058583,78170745
INFY,2026-04-30,1318.563402,1329.920766,1289.565288,1300.769384,49138210
INFY,2026-05-01,1295.521990,1329.536683,1285.902031,1319.736914,11908649
INFY,2026-05-04,1322.273356,1359.830791,1303.394285,1340.688788,18926822
INFY,2026-05-05,1344.475839,1360.552902,1329.895088,1345.956097,135173467
INFY,2026-05-06,1351.760203,1372.381012,1307.636559,1327.893284,17807000
INFY,2026-05-07,1337.255006,1352.622036,1288.836603,1303.819408,93753939
INFY,2026-05-08,1302.314170,1315.068992,1288.074463,1300.814598,21523399
INFY,2026-05-11,1299.306766,1318.163499,1271.004725,1289.722360,66102819
INFY,2026-05-12,1291.468943,1304.405602,1256.536386,1269.250482,41993529
INFY,2026-05-13,1270.616636,1283.922353,1242.605977,1255.756076,32314800
INFY,2026-05-14,1264.633584,1290.181645,1242.991628,1268.473967,21074600
INFY,2026-05-15,1269.306291,1281.225057,1212.107598,1223.597155,47050760
INFY,2026-05-18,1233.304710,1248.667233,1200.755340,1215.901076,49009964
INFY,2026-05-19,1218.512782,1221.933831,1192.984538,1196.343346,134849150
INFY,2026-05-20,1195.846455,1218.074590,1159.560778,1181.522665,1180238
INFY,2026-05-21,1177.853631,1209.083625,1150.750573,1181.887740,45175774
INFY,2026-05-22,1175.779580,1214.173473,1169.219107,1207.436365,9461384
INFY,2026-05-25,1200.275922,1249.800712,1176.848813,1225.873978,25794065
INFY,2026-05-26,1218.163337,1271.711333,1189.890746,1242.865427,70945184
INFY,2026-05-27,1244.703320,1317.716918,1232.503298,1304.926614,127986756
INFY,2026-05-28,1302.354764,1352.487670,1287.182011,1336.912314,108795210
INFY,2026-05-29,1331.594666,1341.389059,1320.090930,1329.872656,81728167
INFY,2026-06-01,1325.913498,1341.352529,1281.623323,1296.722452,23752172
INFY,2026-06-02,1301.111361,1337.286005,1290.382327,1326.348861,113304250
INFY,2026-06-03,1321.750156,1355.955953,1308.684616,1342.683487,148116375
INFY,2026-06-04,1343.764178,1368.624019,1326.418526,1351.182608,56029910
INFY,2026-06-05,1360.978095,1366.187442,1335.045869,1340.175591,107821944
INFY,2026-06-08,1335.929420,1355.166872,1258.641521,1277.030830,123277787
INFY,2026-06-09,1264.093940,1341.606096,1248.637395,1325.399941,95278448
INFY,2026-06-10,1322.181465,1361.933110,1305.092808,1344.555281,101219771
INFY,2026-06-11,1347.337468,1432.702354,1334.319524,1418.992085,118424234
INFY,2026-06-12,1416.117271,1432.755234,1354.335253,1370.436513,73001863
INFY,2026-06-15,1366.396275,1373.614131,1334.059610,1341.144074,63683676
INFY,2026-06-16,1345.499205,1360.077161,1292.498153,1306.655250,60793914
INFY,2026-06-17,1310.065431,1346.878436,1292.093537,1328.651571,4463957
INFY,2026-06-18,1324.700253,1343.497713,1291.547293,1310.138117,72915646
INFY,2026-06-19,1318.833055,1332.904417,1253.349487,1266.866388,38280993
INFY,2026-06-22,1272.731056,1288.040408,1259.480452,1274.768591,66945521
INFY,2026-06-23,1283.670933,1303.375599,1229.120275,1248.281708,21888536
INFY,2026-06-24,1248.699328,1298.367230,1232.546650,1281.786549,138522911
INFY,2026-06-25,1286.201616,1298.460731,1258.034126,1270.140155,130187199
INFY,2026-06-26,1266.151177,1282.353326,1252.166267,1268.344194,22704733
INFY,2026-06-29,1276.757636,1313.012639,1262.373363,1298.384710,124383897
INFY,2026-06-30,1296.824032,1318.119321,1254.900094,1275.850982,149697104
INFY,2026-07-01,1282.021464,1289.777202,1277.682176,1285.426389,85298983
INFY,2026-07-02,1282.617592,1298.133223,1260.526215,1275.961325,103112343
INFY,2026-07-03,1272.169996,1294.466491,1251.571014,1273.840461,128454922
INFY,2026-07-06,1271.761629,1286.546618,1210.319984,1224.556182,129436799
INFY,2026-07-07,1218.713014,1230.531208,1193.464405,1205.151085,59823436
INFY,2026-07-08,1196.249450,1240.264642,1182.857359,1226.533519,58027821
INFY,2026-07-09,1229.122502,1297.265370,1214.746751,1282.268032,25435765
INFY,2026-07-10,1273.162317,1297.055026,1238.606893,1262.295675,79139181
INFY,2026-07-13,1244.756218,1295.934359,1236.717070,1287.618388,72775427
INFY,2026-07-14,1285.768341,1329.724371,1258.958402,1302.564216,9071640
INFY,2026-07-15,1314.723748,1332.760364,1247.281164,1264.630554,4527914
INFY,2026-07-16,1257.130041,1318.821150,1243.037708,1304.201154,94396131
INFY,2026-07-17,1305.526743,1316.700629,1283.442901,1294.522603,41305588
INFY,2026-07-20,1302.235798,1321.883030,1215.851218,1234.476140,7564271
INFY,2026-07-21,1230.090931,1276.178751,1218.729380,1264.499391,123109423
INFY,2026-07-22,1265.141209,1292.772294,1249.197847,1276.683475,117380132
INFY,2026-07-23,1272.500939,1287.622498,1252.377177,1267.438577,95635874
INFY,2026-07-24,1266.829734,1325.573546,1243.334961,1301.436944,98283689
INFY,2026-07-27,1299.329863,1348.644078,1284.192132,1333.112762,112175976
INFY,2026-07-28,1339.080906,1392.947347,1319.558511,1372.931447,84453033
INFY,2026-07-29,1356.228382,1393.750160,1334.695512,1371.967402,118260466
INFY,2026-07-30,1374.297039,1395.495649,1359.666370,1380.795795,73658040
INFY,2026-07-31,1378.023033,1416.796470,1362.153334,1400.666008,17361712
INFY,2026-08-03,1402.330652,1465.321488,1371.491610,1433.790602,98993088
INFY,2026-08-04,1431.877748,1441.310330,1414.794627,1424.176476,67624105
INFY,2026-08-05,1418.667208,1444.954012,1374.467591,1400.416219,103649071
INFY,2026-08-06,1385.220957,1394.784402,1355.482469,1364.905659,129570617
INFY,2026-08-07,1354.413029,1368.255934,1301.858720,1315.301886,109233401
INFY,2026-08-10,1332.585389,1345.581797,1284.437043,1297.087245,95696301
INFY,2026-08-11,1298.866454,1314.679401,1260.882416,1276.422115,65857084
INFY,2026-08-12,1294.712596,1321.338688,1240.249586,1266.291184,75900827
INFY,2026-08-13,1263.059226,1339.403507,1235.593097,1310.897110,92270780
INFY,2026-08-14,1316.688884,1339.970237,1298.900012,1322.108148,63696678
INFY,2026-08-17,1326.916089,1338.508155,1249.094154,1260.102530,115567221
INFY,2026-08-18,1276.556000,1296.290195,1254.472429,1274.169735,91399627
INFY,2026-08-19,1273.444876,1276.253871,1251.242498,1254.008620,129867153
INFY,2026-08-20,1262.072027,1324.963557,1240.471430,1302.668150,140476269
INFY,2026-08-21,1303.584053,1322.535541,1287.741625,1306.655781,133505785
INFY,2026-08-24,1310.695023,1358.338770,1295.883409,1343.160280,111720014
INFY,2026-08-25,1338.887482,1379.825465,1331.735385,1372.493849,92386324
INFY,2026-08-26,1377.402579,1391.922317,1320.037195,1334.100469,125347652
INFY,2026-08-27,1335.000312,1351.508308,1293.569962,1309.765922,15083977
INFY,2026-08-28,1304.002755,1324.048610,1292.096401,1312.068609,141731936
INFY,2026-08-31,1297.700515,1325.200952,1288.824852,1316.198769,101197375
INFY,2026-09-01,1315.111902,1328.113464,1281.603502,1294.400303,36815765
INFY,2026-09-02,1302.257799,1316.893706,1274.869377,1289.360331,134546791
INFY,2026-09-03,1291.977832,1338.316578,1268.676203,1314.606821,62012062
INFY,2026-09-04,1318.679690,1346.456054,1284.344109,1311.979339,63400064
INFY,2026-09-07,1304.250336,1328.775432,1272.549321,1296.936895,118273179
INFY,2026-09-08,1299.676716,1347.935137,1282.931656,1330.789223,7462393
INFY,2026-09-09,1338.582615,1357.857663,1316.134746,1335.363438,30093608
INFY,2026-09-10,1331.871458,1341.056434,1270.195074,1279.015540,98291276
INFY,2026-09-11,1280.719263,1283.624149,1275.825960,1278.726326,94908401
INFY,2026-09-14,1267.153646,1286.820395,1212.197357,1231.307764,114888810
INFY,2026-09-15,1230.939124,1244.862155,1192.772722,1206.418402,67111208
INFY,2026-09-16,1213.199947,1225.163567,1179.447225,1191.193839,100522736
INFY,2026-09-17,1188.323723,1221.265277,1169.436910,1202.158577,149185176
INFY,2026-09-18,1201.273535,1208.295266,1185.435584,1192.405479,7928058
INFY,2026-09-21,1203.206243,1218.147553,1183.151915,1198.028934,34762874
INFY,2026-09-22,1197.377622,1213.603859,1183.525150,1199.724239,77814844
INFY,2026-09-23,1200.516273,1247.783480,1193.285256,1240.312759,117354901
WIPRO,2025-10-07,481.919344,485.778695,463.330259,467.070698,139730165
WIPRO,2025-10-08,466.965081,476.193992,462.315604,471.499368,111476780
WIPRO,2025-10-09,473.248672,477.491643,465.537303,469.748896,119101624
WIPRO,2025-10-10,469.515644,471.352065,463.954770,465.776566,3780257
WIPRO,2025-10-13,469.764635,474.941549,452.626301,457.669928,31976990
WIPRO,2025-10-14,459.255911,474.697127,454.400713,469.731185,45677793
WIPRO,2025-10-15,472.292404,482.715442,453.286034,463.515371,30861339
WIPRO,2025-10-16,461.985843,466.138096,455.311236,459.440614,135842831
WIPRO,2025-10-17,460.340384,464.537419,450.096934,454.238335,7726352
WIPRO,2025-10-20,456.959291,461.680132,451.807483,456.523825,2366442
WIPRO,2025-10-21,455.385648,462.337327,447.220114,454.152976,29070823
WIPRO,2025-10-22,452.769189,467.512508,444.284832,458.913023,141432581
WIPRO,2025-10-23,457.340182,464.144121,440.221047,446.869207,68049819
WIPRO,2025-10-24,450.865263,455.027546,436.615968,440.684262,88490670
WIPRO,2025-10-27,441.702595,450.198328,421.251963,429.513245,141169320
WIPRO,2025-10-28,432.370667,436.138290,419.550579,423.238627,91872024
WIPRO,2025-10-29,421.674610,428.783259,413.421086,420.510102,24844357
WIPRO,2025-10-30,422.195079,439.000666,416.769498,433.430697,75161703
WIPRO,2025-10-31,431.634496,440.592967,427.267224,436.179707,22496147
WIPRO,2025-11-03,435.866460,442.351989,428.453052,434.924565,86771866
WIPRO,2025-11-04,438.763136,443.443983,430.141521,434.779873,78151737
WIPRO,2025-11-05,432.961808,434.966367,430.132237,432.132958,101513483
WIPRO,2025-11-06,432.559361,441.531358,429.847489,438.780483,18855070
WIPRO,2025-11-07,437.059467,444.243833,432.694104,439.850592,4762304
WIPRO,2025-11-10,443.277744,448.305672,428.081202,432.992468,13281442
WIPRO,2025-11-11,435.797603,441.146291,421.813259,427.054642,49737817
WIPRO,2025-11-12,424.311689,439.181689,419.625119,434.383869,38852970
WIPRO,2025-11-13,436.880985,440.681237,428.479788,432.239668,56501113
WIPRO,2025-11-14,432.039314,436.450612,431.376611,435.782169,128240811
WIPRO,2025-11-17,437.082412,456.193496,433.026594,451.999260,16470153
WIPRO,2025-11-18,453.134700,462.728940,451.140354,460.701292,147547435
WIPRO,2025-11-19,461.075782,463.051097,454.015468,455.968904,90399546
WIPRO,2025-11-20,454.215453,459.431766,446.875778,452.067422,118454931
WIPRO,2025-11-21,452.259665,482.019861,444.991686,474.396140,63779484
WIPRO,2025-11-24,475.150476,478.885401,456.065425,459.678735,90207146
WIPRO,2025-11-25,461.951769,471.279310,442.229227,451.342550,88840965
WIPRO,2025-11-26,448.091967,455.559141,427.488236,434.732787,140594528
WIPRO,2025-11-27,433.634602,435.104438,430.674026,432.138791,123180491
WIPRO,2025-11-28,429.037836,433.082712,423.634238,427.666182,48715879
WIPRO,2025-12-01,427.674231,430.432839,422.225977,424.967124,121824863
WIPRO,2025-12-02,422.533089,434.832561,416.526540,428.737809,147712167
WIPRO,2025-12-03,429.380826,434.115065,423.470543,428.191671,52418256
WIPRO,2025-12-04,426.713182,436.446164,426.597734,436.328115,10998100
WIPRO,2025-12-05,434.491810,444.293919,419.586992,429.271327,24102959
WIPRO,2025-12-08,430.918028,441.972876,425.633071,436.618012,124410708
WIPRO,2025-12-09,440.330307,447.351087,430.394850,437.368404,99030994
WIPRO,2025-12-10,438.361373,444.785679,423.074246,429.366734,25432386
WIPRO,2025-12-11,428.268792,437.886745,422.672381,432.238460,1631351
WIPRO,2025-12-12,430.560100,434.661288,412.154354,416.117977,95536656
WIPRO,2025-12-15,415.484132,428.872365,413.042697,426.366981,123991384
WIPRO,2025-12-16,428.324965,442.152071,425.378661,439.131433,42023325
WIPRO,2025-12-17,440.139761,450.155060,433.638078,443.602229,40269712
WIPRO,2025-12-18,440.683302,449.123179,427.377944,435.722819,43148595
WIPRO,2025-12-19,437.798957,451.148319,431.082857,444.331998,26489555
WIPRO,2025-12-22,444.605463,449.692096,433.215896,438.229584,145476181
WIPRO,2025-12-23,435.709979,439.214955,421.111822,424.526837,141561904
WIPRO,2025-12-24,422.891251,428.545117,409.806822,415.359998,51198280
WIPRO,2025-12-25,415.980713,420.170530,406.308834,410.442873,138838667
WIPRO,2025-12-26,404.593400,417.040724,399.695662,412.052689,68964670
WIPRO,2025-12-29,407.665218,413.166652,397.952832,403.396662,118322863
WIPRO,2025-12-30,408.856216,411.849824,395.402351,398.318806,7557480
WIPRO,2025-12-31,396.237878,406.060939,389.033546,398.809844,111617761
WIPRO,2026-01-01,395.861480,401.916052,386.259903,392.259382,49397618
WIPRO,2026-01-02,392.195127,402.595511,391.604134,401.989759,69886524
WIPRO,2026-01-05,401.339973,409.244632,390.459351,398.304219,75400833
WIPRO,2026-01-06,399.696627,402.947320,375.346855,378.424544,32079341
WIPRO,2026-01-07,380.362635,383.444965,369.487958,372.506626,32526694
WIPRO,2026-01-08,376.675372,395.165367,371.879087,390.196910,32984296
WIPRO,2026-01-09,386.182261,403.726547,379.960543,397.325306,73005209
WIPRO,2026-01-12,396.602805,403.687809,393.516402,400.570529,34392415
WIPRO,2026-01-13,399.461723,405.424400,391.076588,397.002558,42188271
WIPRO,2026-01-14,397.232483,400.741260,383.393835,386.810554,39236839
WIPRO,2026-01-15,381.374241,387.029522,378.193889,383.828703,135503184
WIPRO,2026-01-16,391.092975,394.489705,387.098044,390.489533,148003903
WIPRO,2026-01-19,390.239418,396.238215,387.518166,393.494266,67124608
WIPRO,2026-01-20,391.929880,397.223692,389.169101,394.445194,98910557
WIPRO,2026-01-21,395.929632,404.280072,389.710375,398.027856,100892209
WIPRO,2026-01-22,396.462468,399.391740,394.071632,396.997677,27977877
WIPRO,2026-01-23,399.573623,405.154484,382.727833,388.149127,104982992
WIPRO,2026-01-26,391.726100,395.439825,379.351268,382.982096,99221002
WIPRO,2026-01-27,383.398697,388.920636,367.469481,372.839337,27925730
WIPRO,2026-01-28,373.755214,378.133011,368.666419,373.035790,48250056
WIPRO,2026-01-29,374.165092,378.463138,361.885813,366.091112,103808300
WIPRO,2026-01-30,369.227146,372.683189,368.317108,371.766891,43365557
WIPRO,2026-02-02,368.174145,373.718746,356.298196,361.745991,107387904
WIPRO,2026-02-03,364.189797,370.407689,345.194013,351.189956,31356875
WIPRO,2026-02-04,353.362059,358.854936,346.150918,351.616663,48434458
WIPRO,2026-02-05,349.500461,352.213107,342.030357,344.705788,83238340
WIPRO,2026-02-06,344.420808,372.604256,340.104942,367.993011,86571037
WIPRO,2026-02-09,368.785725,371.839880,352.723021,355.668545,46497746
WIPRO,2026-02-10,351.182399,369.900419,347.174820,365.726864,79410270
WIPRO,2026-02-11,366.145335,370.591057,353.938428,358.288756,15043985
WIPRO,2026-02-12,356.248695,359.167892,346.715858,349.580413,129000777
WIPRO,2026-02-13,348.418589,367.634299,341.088030,360.058836,114501661
WIPRO,2026-02-16,359.405709,368.798610,355.612383,364.946801,36964669
WIPRO,2026-02-17,365.008910,367.251945,344.884886,347.017361,82819578
WIPRO,2026-02-18,348.974565,353.837046,337.720093,342.492252,45947075
WIPRO,2026-02-19,342.920920,344.884883,332.597337,334.513147,33633756
WIPRO,2026-02-20,335.418883,340.649310,329.018298,334.230189,18162535
WIPRO,2026-02-23,337.106341,353.746700,331.457667,347.916880,60556808
WIPRO,2026-02-24,347.964266,350.897045,342.225352,345.134278,124647308
WIPRO,2026-02-25,349.078822,351.146619,338.837106,340.856196,131966954
WIPRO,2026-02-26,335.425212,342.703220,333.390780,340.637177,112726108
WIPRO,2026-02-27,343.628586,354.194074,337.308173,347.796991,22656986
WIPRO,2026-03-02,345.154387,345.584115,340.310324,340.734549,29198219
WIPRO,2026-03-03,340.803194,343.207933,332.107055,334.467086,133537272
WIPRO,2026-03-04,334.912449,341.600218,332.118400,338.773954,123738597
WIPRO,2026-03-05,335.023984,347.182929,329.967323,342.020664,135798178
WIPRO,2026-03-06,343.970589,348.936585,341.716914,346.665254,48551384
WIPRO,2026-03-09,345.170505,369.546770,338.048003,362.075439,13906709
WIPRO,2026-03-10,363.709160,368.215525,359.293981,363.799252,136893554
WIPRO,2026-03-11,362.134235,369.005051,355.095389,361.962954,35098139
WIPRO,2026-03-12,361.325324,368.866271,346.856850,354.250135,54536020
WIPRO,2026-03-13,353.525916,374.478383,346.152674,366.827715,2349545
WIPRO,2026-03-16,363.952650,385.613108,357.792071,379.194532,98527016
WIPRO,2026-03-17,382.844228,387.364484,377.955253,382.471104,80488716
WIPRO,2026-03-18,386.129092,387.590373,374.840746,376.264696,98381034
WIPRO,2026-03-19,378.875857,384.407615,377.297601,382.812959,149571966
WIPRO,2026-03-20,382.525579,385.348766,378.078443,380.889556,91317396
WIPRO,2026-03-23,378.883733,381.490307,376.619680,379.224219,10258112
WIPRO,2026-03-24,379.842839,383.773009,369.957183,373.825087,12090263
WIPRO,2026-03-25,376.354619,382.389146,358.832008,364.679331,67961991
WIPRO,2026-03-26,362.545962,366.205144,345.797845,349.323574,13993442
WIPRO,2026-03-27,353.074308,355.564118,343.188581,345.625866,31552085
WIPRO,2026-03-30,347.317239,352.420056,341.718424,346.813845,83141106
WIPRO,2026-03-31,348.555291,353.325742,343.316956,348.080915,128845019
WIPRO,2026-04-01,348.638209,356.987400,342.396648,350.708770,57014163
WIPRO,2026-04-02,350.800058,354.606082,335.982134,339.667374,49814529
WIPRO,2026-04-03,341.435540,347.048573,330.358223,335.879924,60085346
WIPRO,2026-04-06,335.313586,343.533774,333.466221,341.651491,66801636
WIPRO,2026-04-07,343.626454,346.680166,328.058060,330.999559,30491800
WIPRO,2026-04-08,331.129704,337.394883,320.312120,326.489504,148746977
WIPRO,2026-04-09,328.577502,342.739872,323.257549,337.279033,27349306
WIPRO,2026-04-10,336.915960,346.273358,333.570867,342.869158,104375184
WIPRO,2026-04-13,340.509913,345.903598,334.170842,339.549312,12511545
WIPRO,2026-04-14,341.356579,345.407998,323.243064,327.125581,55707486
WIPRO,2026-04-15,328.813760,330.414109,325.515492,327.107537,42201799
WIPRO,2026-04-16,327.795484,333.510515,323.830315,329.524432,40741216
WIPRO,2026-04-17,328.059436,333.937146,322.318332,328.193693,31203162
WIPRO,2026-04-20,328.036515,332.738423,324.586954,329.275830,57732310
WIPRO,2026-04-21,330.433211,332.289965,321.357119,323.173076,112107750
WIPRO,2026-04-22,323.373292,324.299237,317.552842,318.464732,78654231
WIPRO,2026-04-23,320.586590,325.037168,308.852320,313.200358,97789632
WIPRO,2026-04-24,311.786219,312.782839,302.881711,303.852972,71247623
WIPRO,2026-04-27,303.600718,308.187584,302.787287,307.364070,43297632
WIPRO,2026-04-28,305.960468,309.747884,297.224401,300.949791,79258854
WIPRO,2026-04-29,300.510747,306.097158,299.981348,305.558865,82256109
WIPRO,2026-04-30,304.590285,306.645426,296.367060,298.380300,128941322
WIPRO,2026-05-01,295.581457,317.340777,291.246533,312.754004,48004406
WIPRO,2026-05-04,315.376903,319.753852,309.903226,314.264740,106403280
WIPRO,2026-05-05,317.051839,322.618013,295.324434,300.601811,49285113
WIPRO,2026-05-06,298.284789,311.225882,295.626070,308.476323,15258096
WIPRO,2026-05-07,309.882160,314.080436,303.555256,307.724297,103839596
WIPRO,2026-05-08,310.170839,312.428527,307.447301,309.701574,143843647
WIPRO,2026-05-11,311.296311,319.738357,303.985395,312.401487,138923847
WIPRO,2026-05-12,311.765094,317.400439,307.288989,312.907927,97954206
WIPRO,2026-05-13,309.027906,316.228664,306.155579,313.316476,50082804
WIPRO,2026-05-14,311.972162,314.695402,309.921311,312.640160,120368064
WIPRO,2026-05-15,312.995461,315.351767,309.751364,312.100935,67061843
WIPRO,2026-05-18,311.778813,319.367489,308.529569,316.073487,76992769
WIPRO,2026-05-19,317.724994,324.705033,312.530722,319.482037,73811638
WIPRO,2026-05-20,320.807344,324.896556,315.871928,319.950215,43099686
WIPRO,2026-05-21,319.874276,335.749444,318.752013,334.575602,74499514
WIPRO,2026-05-22,335.213922,337.608232,322.043951,324.360740,42337214
WIPRO,2026-05-25,322.376513,352.374086,317.234784,346.842142,12757875
WIPRO,2026-05-26,344.557766,360.992395,338.974646,355.236244,81514214
WIPRO,2026-05-27,352.966609,366.450898,349.148257,362.529100,44121025
WIPRO,2026-05-28,362.972007,364.705778,333.773808,335.375763,47879133
WIPRO,2026-05-29,335.999849,341.030777,333.359696,338.371985,76243375
WIPRO,2026-06-01,339.345004,341.040807,334.865197,336.547017,17171919
WIPRO,2026-06-02,337.199236,343.354770,331.881098,338.023630,115280449
WIPRO,2026-06-03,336.788442,336.790397,330.959243,330.961164,26904943
WIPRO,2026-06-04,329.527790,343.163475,323.522311,337.021427,74706035
WIPRO,2026-06-05,338.259312,342.280560,319.165371,323.005277,74224089
WIPRO,2026-06-08,320.027816,322.258139,300.759518,302.870268,145146860
WIPRO,2026-06-09,303.130839,312.970258,300.148027,309.920635,18492523
WIPRO,2026-06-10,308.041278,318.677170,306.906315,317.507330,75167052
WIPRO,2026-06-11,314.862212,322.567725,312.771890,320.440370,134157524
WIPRO,2026-06-12,319.653507,320.675828,311.364132,312.363137,45093837
WIPRO,2026-06-15,310.410942,312.644345,300.506763,302.684574,67191200
WIPRO,2026-06-16,305.988467,306.509402,298.123983,298.632394,103098363
WIPRO,2026-06-17,297.967616,303.979434,279.140791,284.888729,29588626
WIPRO,2026-06-18,285.789088,289.462692,279.306388,282.943413,28461020
WIPRO,2026-06-19,281.438485,287.543837,275.547688,281.648641,109556608
WIPRO,2026-06-22,281.421897,286.205251,276.437473,281.217350,129727243
WIPRO,2026-06-23,282.956464,283.696680,272.761569,273.476987,75013096
WIPRO,2026-06-24,273.475602,276.748308,273.047978,276.316243,134998010
WIPRO,2026-06-25,276.791099,279.493229,269.321175,271.976302,135090293
WIPRO,2026-06-26,270.291487,273.321111,266.064296,269.080346,2094848
WIPRO,2026-06-29,266.794326,269.946654,259.758241,262.864132,70212472
WIPRO,2026-06-30,265.999337,273.458150,261.968308,269.375951,92736242
WIPRO,2026-07-01,267.871594,271.764346,263.592094,267.479143,94552705
WIPRO,2026-07-02,268.285148,268.476798,262.723696,262.911507,23018023
WIPRO,2026-07-03,261.325732,276.424266,256.381302,271.291282,16337148
WIPRO,2026-07-06,276.686837,282.097401,264.797973,270.079328,133438436
WIPRO,2026-07-07,270.172618,284.445054,266.375218,280.502464,54599325
WIPRO,2026-07-08,280.897582,294.981396,276.211742,290.141354,22960168
WIPRO,2026-07-09,288.075783,289.552655,282.408582,283.863861,113675305
WIPRO,2026-07-10,284.201174,289.646192,275.770457,281.157154,129527595
WIPRO,2026-07-13,282.485290,290.057605,278.909522,286.431881,129063285
WIPRO,2026-07-14,286.613446,296.864115,284.624131,294.817855,103969941
WIPRO,2026-07-15,295.372175,296.584445,292.213258,293.417505,129635605
WIPRO,2026-07-16,295.204563,299.146665,274.606185,278.322853,117358965
WIPRO,2026-07-17,277.687691,281.873722,272.167965,276.333583,27122558
WIPRO,2026-07-20,273.692477,281.409556,268.434827,276.105551,62531581
WIPRO,2026-07-21,279.898019,283.374598,274.455656,277.907511,90079864
WIPRO,2026-07-22,279.292085,281.267553,270.297788,272.223257,25274726
WIPRO,2026-07-23,273.280166,276.177542,271.328036,274.218707,117390279
WIPRO,2026-07-24,274.525486,280.314233,273.030071,278.795558,146373501
WIPRO,2026-07-27,279.470223,286.218260,275.358276,282.068090,90508698
WIPRO,2026-07-28,282.288872,289.096807,280.706837,287.485648,49505525
WIPRO,2026-07-29,289.272969,292.508640,276.756247,279.886929,97950109
WIPRO,2026-07-30,279.832087,281.331702,271.667384,273.131087,136920150
WIPRO,2026-07-31,271.484939,280.589014,270.718369,279.798969,14053427
WIPRO,2026-08-03,279.523262,294.501921,274.516114,289.319295,145938899
WIPRO,2026-08-04,287.576998,288.228630,285.266166,285.914031,75943623
WIPRO,2026-08-05,284.547683,291.546606,280.235501,287.194315,122743047
WIPRO,2026-08-06,287.021471,287.414031,275.419384,275.796591,50346766
WIPRO,2026-08-07,272.451254,279.019422,268.141015,274.674018,17281435
WIPRO,2026-08-10,274.843910,277.647324,269.336766,272.112318,113549109
WIPRO,2026-08-11,274.332363,277.014332,269.673606,272.336059,123208894
WIPRO,2026-08-12,270.984374,277.349033,268.455894,274.785089,78338834
WIPRO,2026-08-13,273.721540,278.447522,267.082065,271.774428,138054823
WIPRO,2026-08-14,270.600782,273.069237,265.936734,268.384976,44894696
WIPRO,2026-08-17,269.658035,271.756639,263.438681,265.504964,120548137
WIPRO,2026-08-18,264.188197,276.413993,261.804453,273.942239,119077728
WIPRO,2026-08-19,273.788651,278.434371,272.145673,276.773482,99678383
WIPRO,2026-08-20,274.289077,288.069591,273.961505,287.725972,74041058
WIPRO,2026-08-21,287.442703,290.701250,285.192980,288.443692,109294718
WIPRO,2026-08-24,287.166811,290.213835,282.546585,285.576738,57326501
WIPRO,2026-08-25,285.154728,290.660344,281.974612,287.454580,117464678
WIPRO,2026-08-26,289.078266,301.430951,284.415980,296.646602,32497671
WIPRO,2026-08-27,294.962575,303.572466,291.739241,300.290904,65731444
WIPRO,2026-08-28,299.430273,305.294327,295.863038,301.700051,46464086
WIPRO,2026-08-31,302.485401,305.176748,297.675181,300.347506,109113678
WIPRO,2026-09-01,297.535616,311.424937,296.326054,310.164037,43147358
WIPRO,2026-09-02,310.323701,312.920733,305.977600,308.559871,143342011
WIPRO,2026-09-03,312.238693,316.956589,309.676966,314.377317,37291556
WIPRO,2026-09-04,314.153224,320.100002,309.614506,315.541232,88784971
WIPRO,2026-09-07,314.757066,319.149641,306.551504,310.890115,70651837
WIPRO,2026-09-08,313.583620,322.474465,308.045047,316.877710,46139404
WIPRO,2026-09-09,316.294418,325.863572,312.573783,322.074940,93415524
WIPRO,2026-09-10,321.705835,324.367192,317.698111,320.348237,103929393
WIPRO,2026-09-11,320.947243,330.877861,318.303116,328.174194,111680031
WIPRO,2026-09-14,330.698442,336.245523,320.509795,325.977690,25963852
WIPRO,2026-09-15,324.755317,330.852643,318.175207,324.263296,71479781
WIPRO,2026-09-16,327.303269,330.001735,318.581162,321.229554,52538917
WIPRO,2026-09-17,322.786670,329.385695,320.385785,326.953814,137495683
WIPRO,2026-09-18,326.276381,328.792100,318.783649,321.260695,107276250
WIPRO,2026-09-21,319.218833,320.659861,310.537040,311.945233,17080009
WIPRO,2026-09-22,310.095172,322.062431,307.482386,319.371485,22418761
WIPRO,2026-09-23,318.539030,322.474492,313.708164,317.632425,103363662
M&M,2025-10-07,2828.767707,2867.600621,2731.947755,2769.973552,55385140
M&M,2025-10-08,2753.089492,2775.165779,2715.791614,2737.744855,87420906
M&M,2025-10-09,2710.510330,2801.923218,2664.253669,2754.908867,92323348
M&M,2025-10-10,2764.111337,2826.481939,2638.056541,2698.956971,36976274
M&M,2025-10-13,2689.260998,2706.152106,2629.131177,2645.748988,104474355
M&M,2025-10-14,2629.433746,2657.879918,2596.179154,2624.572738,81404226
M&M,2025-10-15,2646.044610,2701.896480,2579.127800,2634.741079,135494804
M&M,2025-10-16,2659.071252,2856.524886,2624.885548,2820.266811,105702853
M&M,2025-10-17,2812.244220,2964.098837,2773.061564,2923.367909,144401317
M&M,2025-10-20,2889.313134,2987.630661,2864.045002,2961.729223,136629998
M&M,2025-10-21,2991.310113,3036.407605,2959.641476,3004.598288,80756602
M&M,2025-10-22,3000.396936,3141.216903,2931.137216,3070.342590,132377567
M&M,2025-10-23,3048.948359,3068.713071,3015.125879,3034.798868,149496199
M&M,2025-10-24,3028.236008,3090.647514,2891.049767,2951.887746,125173718
M&M,2025-10-27,2979.091458,3107.143932,2944.186732,3071.160474,128686916
M&M,2025-10-28,3092.401169,3140.223051,3053.410218,3101.122142,40989959
M&M,2025-10-29,3094.495949,3193.476073,3066.380765,3164.722840,65839348
M&M,2025-10-30,3171.590712,3218.134620,3000.688650,3045.380389,134564589
M&M,2025-10-31,3063.532822,3101.170140,2986.066755,3023.208667,29061089
M&M,2025-11-03,3001.908947,3073.655905,2927.310862,2998.988008,115109931
M&M,2025-11-04,3000.707702,3061.586608,2974.173296,3034.751164,24200268
M&M,2025-11-05,3052.700332,3084.847750,2944.968403,2976.311383,147186381
M&M,2025-11-06,2991.601943,3032.125555,2935.690563,2976.002874,7400500
M&M,2025-11-07,2988.390411,3075.523945,2942.315026,3028.825133,136754062
M&M,2025-11-10,3045.257750,3097.616211,2957.918082,3009.664573,93297607
M&M,2025-11-11,3012.511442,3068.858700,2879.009445,2933.886062,9572752
M&M,2025-11-12,2912.015221,3042.817579,2859.516395,2988.932070,123928833
M&M,2025-11-13,2996.056370,3043.017320,2966.197617,3012.989808,26683417
M&M,2025-11-14,2999.074000,3180.391251,2953.167447,3132.443228,127288161
M&M,2025-11-17,3116.739371,3142.716172,3028.370215,3053.822630,123299939
M&M,2025-11-18,3044.554030,3089.551715,2977.525050,3022.192234,28222623
M&M,2025-11-19,3030.774896,3080.043901,2975.906645,3025.083123,22701989
M&M,2025-11-20,3039.912616,3204.075594,2981.874443,3144.049240,67883990
M&M,2025-11-21,3110.305132,3301.402516,3072.078493,3261.319858,107801021
M&M,2025-11-24,3270.164557,3412.077278,3210.678594,3351.118717,114768556
M&M,2025-11-25,3356.128589,3507.261845,3313.344745,3463.114152,65935956
M&M,2025-11-26,3474.801160,3512.570056,3418.981513,3456.552052,87629954
M&M,2025-11-27,3434.129452,3549.654240,3388.680059,3503.289540,49055512
M&M,2025-11-28,3496.668083,3628.185393,3449.900230,3580.298979,130182838
M&M,2025-12-01,3578.553732,3654.463334,3459.653067,3534.630963,110879751
M&M,2025-12-02,3573.096136,3644.081889,3549.750622,3620.427129,110040968
M&M,2025-12-03,3646.192935,3661.705914,3550.197791,3565.366890,7920741
M&M,2025-12-04,3578.961984,3643.803614,3452.927329,3516.639841,135313079
M&M,2025-12-05,3493.731137,3666.546236,3445.129374,3616.240232,29287967
M&M,2025-12-08,3620.429588,3697.855200,3573.961905,3650.995212,55920326
M&M,2025-12-09,3647.337184,3941.988150,3590.759443,3881.773811,72970709
M&M,2025-12-10,3877.735555,4029.381160,3813.366818,3963.587321,109108530
M&M,2025-12-11,3994.778857,4087.994142,3966.312938,4059.070098,78188435
M&M,2025-12-12,4074.720469,4125.949537,3977.191935,4027.831495,59677644
M&M,2025-12-15,4038.973814,4091.964863,3997.676859,4050.549550,75307791
M&M,2025-12-16,4058.286067,4128.171644,3926.012808,3994.805215,3313796
M&M,2025-12-17,4001.470396,4061.608580,3895.529552,3954.968863,17930508
M&M,2025-12-18,3944.279601,4158.444368,3866.447073,4077.973653,116731858
M&M,2025-12-19,4070.316633,4122.504711,3875.605067,3925.942028,58719764
M&M,2025-12-22,3937.239369,4039.563301,3888.511269,3990.179997,106837822
M&M,2025-12-23,3995.246675,4037.643984,3790.766329,3831.425174,50160767
M&M,2025-12-24,3806.386211,3963.291217,3743.683348,3899.061704,109697682
M&M,2025-12-25,3881.624324,3928.592138,3765.233516,3811.351020,15025042
M&M,2025-12-26,3813.760735,3889.158135,3661.186702,3735.027560,20393727
M&M,2025-12-29,3721.658070,3751.061278,3640.475372,3669.466236,107351903
M&M,2025-12-30,3715.525843,3853.045972,3698.428863,3835.397403,74925038
M&M,2025-12-31,3798.492790,3860.019672,3765.925774,3827.206474,114622184
M&M,2026-01-01,3803.393592,4072.335859,3765.326114,4031.980496,27798052
M&M,2026-01-02,3986.385729,4123.302455,3933.321282,4069.136477,12932882
M&M,2026-01-05,4054.770053,4107.735019,3955.968885,4008.327197,132727280
M&M,2026-01-06,3975.905691,4158.263261,3940.160626,4121.211832,102087952
M&M,2026-01-07,4123.015701,4133.127636,4094.351993,4104.418316,100916415
M&M,2026-01-08,4124.657431,4186.355712,3983.069537,4043.554650,71403739
M&M,2026-01-09,4012.398749,4164.113769,3953.357185,4103.728311,43698564
M&M,2026-01-12,4086.986898,4162.517199,4070.005459,4145.293495,123054539
M&M,2026-01-13,4160.042575,4191.115773,4078.841820,4109.537776,109429140
M&M,2026-01-14,4107.634664,4212.572459,4036.642236,4141.003319,124091903
M&M,2026-01-15,4123.221761,4294.399252,4075.644441,4245.411995,33620348
M&M,2026-01-16,4292.541885,4309.199283,4199.705362,4216.065992,51590189
M&M,2026-01-19,4203.801215,4269.496194,4010.406413,4074.074079,5611489
M&M,2026-01-20,4065.170692,4105.783678,4019.320857,4059.880996,128286442
M&M,2026-01-21,4042.692220,4109.193253,4041.983299,4108.472798,113884313
M&M,2026-01-22,4118.889366,4228.221783,4099.010162,4207.912920,26640937
M&M,2026-01-23,4208.633871,4342.038423,4169.945621,4302.487417,89239514
M&M,2026-01-26,4293.275420,4493.713865,4211.010811,4409.227467,5700710
M&M,2026-01-27,4392.509316,4448.630211,4276.904108,4332.255166,96835499
M&M,2026-01-28,4346.922066,4456.127468,4307.003825,4415.578746,21228954
M&M,2026-01-29,4412.999961,4584.560339,4370.229877,4540.554022,115325570
M&M,2026-01-30,4556.662508,4640.768766,4526.378314,4610.129225,87293197
M&M,2026-02-02,4591.663622,4799.239137,4539.747714,4745.582932,131775452
M&M,2026-02-03,4755.587224,4804.108877,4616.635794,4664.225274,22858771
M&M,2026-02-04,4663.265651,4754.415964,4613.247875,4703.961686,64653206
M&M,2026-02-05,4708.059005,4771.685940,4519.137830,4581.048281,56190554
M&M,2026-02-06,4530.789180,4606.113129,4521.931654,4597.125917,115557259
M&M,2026-02-09,4629.044663,4664.681618,4498.326343,4533.225630,10494941
M&M,2026-02-10,4567.614484,4598.469192,4153.036778,4181.281768,85043307
M&M,2026-02-11,4238.104644,4311.686827,4097.449706,4169.846793,88853861
M&M,2026-02-12,4168.179112,4209.001591,4073.830435,4114.123502,26772375
M&M,2026-02-13,4118.084269,4132.721707,4082.065378,4096.626546,59244827
M&M,2026-02-16,4084.942023,4142.071778,4003.365095,4060.148095,13878713
M&M,2026-02-17,4094.809779,4130.968233,4041.740544,4077.748340,141045496
M&M,2026-02-18,4076.654052,4237.447079,4062.362202,4222.643423,65096982
M&M,2026-02-19,4252.690853,4322.663692,4206.121812,4275.841144,2718479
M&M,2026-02-20,4317.198258,4406.931895,4275.630956,4364.905254,35150510
M&M,2026-02-23,4398.784501,4480.901405,4249.764651,4330.608846,93771866
M&M,2026-02-24,4308.556341,4415.566426,4248.628591,4354.992791,74677116
M&M,2026-02-25,4392.142665,4455.386670,4248.045993,4310.108763,63435692
M&M,2026-02-26,4308.096285,4401.513245,4051.179330,4140.972368,140318163
M&M,2026-02-27,4172.512930,4235.182124,3984.843393,4045.606511,38208142
M&M,2026-03-02,4034.858384,4113.156876,3980.454416,4058.435012,36058968
M&M,2026-03-03,4047.671049,4076.919193,3942.926144,3971.624784,84571707
M&M,2026-03-04,3934.599803,3988.311277,3765.099015,3817.207965,8580014
M&M,2026-03-05,3818.986498,4009.513812,3767.560399,3956.239477,58317266
M&M,2026-03-06,3955.221807,4158.972634,3924.281545,4126.691030,146254847
M&M,2026-03-09,4107.834401,4237.827445,4071.173752,4200.341213,2583480
M&M,2026-03-10,4166.081212,4230.689035,4066.611404,4130.670069,14726396
M&M,2026-03-11,4117.381437,4162.690838,4056.656622,4101.794497,133547305
M&M,2026-03-12,4109.380468,4160.527456,3967.932623,4017.941525,7157409
M&M,2026-03-13,4003.910633,4072.301618,3868.080915,3935.299958,55145669
M&M,2026-03-16,3976.277205,4007.976368,3905.410253,3936.794658,5886118
M&M,2026-03-17,3972.100277,4013.346330,3938.704298,3979.884901,55291688
M&M,2026-03-18,3936.439980,4052.899111,3887.049497,4002.677545,88006224
M&M,2026-03-19,3987.574871,4075.928915,3943.767277,4031.637251,11587860
M&M,2026-03-20,4030.181501,4070.176594,3982.909910,4022.832068,11671829
M&M,2026-03-23,4025.492089,4107.554243,3817.825472,3897.273816,41778667
M&M,2026-03-24,3864.362456,3996.481054,3809.159017,3940.194336,23201534
M&M,2026-03-25,3942.362948,4053.217427,3888.486325,3998.572638,132265666
M&M,2026-03-26,3978.804475,4131.376720,3941.830445,4093.338356,146939511
M&M,2026-03-27,4106.941930,4182.051135,3860.765795,3932.688186,142300993
M&M,2026-03-30,3920.168982,3980.314937,3869.850823,3929.872230,99794838
M&M,2026-03-31,3929.590254,4069.574852,3908.017546,4047.355633,103925057
M&M,2026-04-01,4050.161288,4108.428786,3895.237843,3952.094506,53955345
M&M,2026-04-02,3938.657522,3955.151813,3901.595059,3918.002853,88097601
M&M,2026-04-03,3889.576692,3938.738793,3846.298334,3895.395688,73758674
M&M,2026-04-06,3920.516373,3972.732182,3700.026494,3749.970875,97549312
M&M,2026-04-07,3785.332183,3847.483291,3757.563658,3819.464378,103536507
M&M,2026-04-08,3816.691681,3986.414017,3741.183428,3909.078021,135588612
M&M,2026-04-09,3938.142968,4004.342623,3792.861123,3857.708689,115920055
M&M,2026-04-10,3838.992713,3876.303621,3762.136138,3799.058932,143343358
M&M,2026-04-13,3795.311374,3905.286904,3749.758557,3858.970031,35863854
M&M,2026-04-14,3828.330285,3987.792022,3789.802195,3948.058989,45241798
M&M,2026-04-15,3949.647566,4118.569504,3900.348588,4067.795815,135391009
M&M,2026-04-16,4048.554340,4114.058047,3739.159293,3800.652057,126591945
M&M,2026-04-17,3777.795744,3840.597229,3617.287526,3678.437292,136149013
M&M,2026-04-20,3700.354803,3823.861760,3669.001053,3791.733740,8767320
M&M,2026-04-21,3823.512183,3891.874935,3657.030835,3723.607331,144804596
M&M,2026-04-22,3778.707961,3886.546238,3704.476748,3811.667547,76168948
M&M,2026-04-23,3810.424244,3869.996871,3673.875391,3732.225449,97181295
M&M,2026-04-24,3784.964673,3825.753133,3558.841024,3597.610473,52451355
M&M,2026-04-27,3591.332512,3623.906261,3503.944258,3536.016284,85346028
M&M,2026-04-28,3553.310376,3622.749739,3446.432848,3515.126006,100876610
M&M,2026-04-29,3539.132996,3583.001791,3465.586166,3509.082474,5256807
M&M,2026-04-30,3443.896864,3551.070589,3400.200442,3506.578853,44122371
M&M,2026-05-01,3547.316105,3620.060814,3452.830803,3525.120346,45695369
M&M,2026-05-04,3496.902384,3556.360143,3455.917487,3515.161245,54909662
M&M,2026-05-05,3494.488078,3651.378312,3420.554180,3575.725646,117848822
M&M,2026-05-06,3541.113623,3578.088271,3491.263181,3528.101968,52790057
M&M,2026-05-07,3534.532423,3580.873760,3456.355562,3502.273957,98704177
M&M,2026-05-08,3516.771628,3600.835021,3402.550175,3485.875029,102721311
M&M,2026-05-11,3484.186034,3646.059088,3438.087642,3598.448913,10128751
M&M,2026-05-12,3615.155249,3676.188850,3560.142384,3621.085739,145497523
M&M,2026-05-13,3642.517980,3674.061431,3610.601445,3642.141637,6933096
M&M,2026-05-14,3646.550697,3738.744766,3481.248137,3571.545894,136229751
M&M,2026-05-15,3542.810598,3582.315725,3437.318103,3476.079122,93131869
M&M,2026-05-18,3497.158326,3566.190965,3455.877049,3524.585926,118765836
M&M,2026-05-19,3524.577068,3698.418197,3473.606778,3645.696353,108882104
M&M,2026-05-20,3624.672706,3653.236849,3597.476466,3626.030422,54184709
M&M,2026-05-21,3599.979313,3736.899164,3556.465835,3692.270153,17076554
M&M,2026-05-22,3683.198073,3748.351542,3586.573231,3651.159966,138935085
M&M,2026-05-25,3637.660882,3689.747831,3556.508758,3608.173482,62527584
M&M,2026-05-26,3606.287343,3678.006053,3575.354119,3646.725962,36963300
M&M,2026-05-27,3624.213824,3676.382799,3588.399102,3640.408044,137455269
M&M,2026-05-28,3669.317285,3754.215466,3554.289542,3638.474094,48717551
M&M,2026-05-29,3640.602474,3683.683109,3568.876653,3611.614259,130932791
M&M,2026-06-01,3599.287984,3712.586294,3522.735667,3635.268712,73542054
M&M,2026-06-02,3619.179473,3668.036044,3575.839400,3624.630692,95797177
M&M,2026-06-03,3669.121365,3704.737556,3481.543146,3515.669781,121633828
M&M,2026-06-04,3526.261261,3576.652480,3368.832467,3417.671916,122777115
M&M,2026-06-05,3423.286907,3557.622629,3399.382990,3532.952944,96360100
M&M,2026-06-08,3558.544769,3692.223400,3495.158514,3627.606981,118527379
M&M,2026-06-09,3630.240518,3767.268969,3559.826365,3695.587314,89833398
M&M,2026-06-10,3701.759731,3806.177324,3639.758192,3743.477052,97636601
M&M,2026-06-11,3776.485149,3845.216608,3632.181675,3699.512239,131400469
M&M,2026-06-12,3717.306501,3827.628063,3692.654832,3802.412009,78555118
M&M,2026-06-15,3781.949500,4064.444664,3724.035526,4003.143488,55313969
M&M,2026-06-16,3980.343301,4118.125838,3927.069602,4063.735995,6716901
M&M,2026-06-17,4049.895634,4255.968969,3960.294954,4163.847202,111453741
M&M,2026-06-18,4168.922407,4225.058671,4086.434971,4142.211562,108578314
M&M,2026-06-19,4157.527523,4201.843789,4097.592354,4141.740341,11756370
M&M,2026-06-22,4127.848678,4207.241872,4068.224623,4147.336330,138456004
M&M,2026-06-23,4145.330528,4273.022411,4078.303273,4205.029858,82010275
M&M,2026-06-24,4274.184038,4332.962750,4092.670878,4149.738207,80818200
M&M,2026-06-25,4180.059258,4219.491596,4049.715668,4088.282233,51274192
M&M,2026-06-26,4116.570751,4189.487400,4026.298552,4098.902240,7015054
M&M,2026-06-29,4045.864245,4089.701886,3899.387304,3942.100648,86339672
M&M,2026-06-30,3978.733488,4028.512549,3711.305701,3758.327197,31598669
M&M,2026-07-01,3748.207968,3851.099206,3695.912743,3798.107775,39753227
M&M,2026-07-02,3804.161495,3997.610479,3762.562391,3954.368835,88984580
M&M,2026-07-03,3979.440714,4040.794563,3905.775127,3966.936184,75156584
M&M,2026-07-06,3981.741780,4144.269574,3895.302515,4056.213607,36955668
M&M,2026-07-07,4058.577969,4196.408846,3993.199565,4129.881829,62169939
M&M,2026-07-08,4126.144367,4135.159213,4032.382090,4041.211374,147182222
M&M,2026-07-09,4031.522053,4091.548693,3876.869166,3935.465590,141832294
M&M,2026-07-10,3923.960956,3996.460407,3816.607864,3888.451234,122527360
M&M,2026-07-13,3890.179937,3958.151697,3858.543296,3926.221947,85371167
M&M,2026-07-14,3937.842638,4063.801078,3884.560905,4009.549108,12943587
M&M,2026-07-15,4037.038760,4085.477476,3921.823300,3969.451060,7751140
M&M,2026-07-16,3961.356038,4048.412472,3905.772805,3992.393738,115316470
M&M,2026-07-17,3996.518796,4048.012105,3810.226500,3859.960316,121258518
M&M,2026-07-20,3884.016239,3947.239707,3850.368181,3913.337632,63442271
M&M,2026-07-21,3914.073825,4085.815162,3890.643547,4061.502353,73252003
M&M,2026-07-22,4099.266220,4141.848626,4014.241059,4056.377951,84974130
M&M,2026-07-23,4033.772098,4132.151813,3991.477982,4089.275742,61627106
M&M,2026-07-24,4104.400000,4224.718151,4033.924488,4153.401253,17213872
M&M,2026-07-27,4151.985396,4273.868762,4099.439678,4220.456503,18233041
M&M,2026-07-28,4204.635340,4322.302808,4138.501900,4255.371356,8624713
M&M,2026-07-29,4229.984802,4387.916184,4142.422245,4298.926503,38464959
M&M,2026-07-30,4298.804165,4363.067987,4215.988459,4279.970735,146346350
M&M,2026-07-31,4300.435322,4364.379538,4042.914620,4103.937056,10078698
M&M,2026-08-03,4103.229663,4147.124954,4043.468511,4087.192237,88896701
M&M,2026-08-04,4052.809938,4087.259953,3989.801383,4024.006561,36668504
M&M,2026-08-05,4035.391754,4104.390597,3697.840234,3762.167370,109302195
M&M,2026-08-06,3747.131833,3800.558660,3688.325254,3741.674268,78394789
M&M,2026-08-07,3746.584796,3816.048155,3717.734690,3786.887701,48633204
M&M,2026-08-10,3762.433668,3931.363119,3712.265607,3879.632338,78525722
M&M,2026-08-11,3898.780860,3983.506434,3748.399591,3831.666687,4068650
M&M,2026-08-12,3832.046820,3960.097159,3800.512577,3927.775160,90110672
M&M,2026-08-13,3905.924101,3935.311248,3764.291243,3792.827481,112801410
M&M,2026-08-14,3782.238591,3880.766722,3751.004204,3848.981163,100530075
M&M,2026-08-17,3864.591537,4192.561505,3800.170108,4123.818845,133385796
M&M,2026-08-18,4127.859463,4231.776685,4082.949226,4186.231374,14524154
M&M,2026-08-19,4220.707837,4277.151708,4076.266891,4131.518019,122471120
M&M,2026-08-20,4164.683787,4207.603947,4082.854738,4125.369738,41418822
M&M,2026-08-21,4119.842641,4231.571010,4082.806205,4193.869092,123338467
M&M,2026-08-24,4164.431060,4374.046216,4123.452438,4331.424355,78955933
M&M,2026-08-25,4325.783457,4439.286238,4269.935941,4382.703858,52384253
M&M,2026-08-26,4313.367221,4417.395794,4137.002841,4239.243724,11748381
M&M,2026-08-27,4241.715125,4380.689468,4171.627121,4309.481723,21696619
M&M,2026-08-28,4294.888184,4435.916007,4242.785299,4382.747271,28358830
M&M,2026-08-31,4350.591041,4614.639923,4285.623803,4546.743545,74118492
M&M,2026-09-01,4525.231466,4801.910624,4458.478741,4732.106242,67662150
M&M,2026-09-02,4705.369328,4798.056687,4682.090102,4774.435764,77601227
M&M,2026-09-03,4767.533588,4815.062532,4674.625188,4721.697175,57499123
M&M,2026-09-04,4725.167403,4824.977175,4657.462681,4756.818932,122357038
M&M,2026-09-07,4725.394475,4887.467787,4673.099160,4833.970872,83386521
M&M,2026-09-08,4821.056937,4858.152130,4654.431811,4690.522620,105617473
M&M,2026-09-09,4625.393283,4856.183178,4611.450983,4841.589200,17095961
M&M,2026-09-10,4797.363515,4973.279851,4755.976363,4930.742035,49166110
M&M,2026-09-11,4958.908751,4984.055414,4934.236020,4959.380336,7788029
M&M,2026-09-14,4996.119503,5047.216569,4839.210368,4889.214075,114093891
M&M,2026-09-15,4890.657248,4909.960342,4624.509392,4642.834346,92114554
M&M,2026-09-16,4602.586557,4753.499516,4518.893388,4668.605856,129087088
M&M,2026-09-17,4681.479542,4730.882902,4641.795336,4691.117001,10644814
M&M,2026-09-18,4708.423953,4823.261249,4606.359427,4720.925721,5246566
M&M,2026-09-21,4693.863305,4764.938607,4649.212751,4720.039055,119786494
M&M,2026-09-22,4724.031349,4775.563444,4609.824711,4660.665581,62617934
M&M,2026-09-23,4656.362707,4799.674000,4618.651154,4761.114074,123403853
MARUTI,2025-10-07,10956.027914,11165.503282,10814.412083,11023.021502,40707728
MARUTI,2025-10-08,11038.393819,11199.367344,10757.011710,10916.203324,123968085
MARUTI,2025-10-09,10924.593629,11131.352971,10585.804782,10790.017123,136786043
MARUTI,2025-10-10,10737.628305,11560.722660,10574.707701,11387.935038,66538043
MARUTI,2025-10-13,11377.673614,11604.302903,11277.465434,11502.990997,48206221
MARUTI,2025-10-14,11542.221737,11639.041808,11390.421282,11486.776258,146443967
MARUTI,2025-10-15,11558.811835,11671.780028,11328.898537,11440.712505,80129180
MARUTI,2025-10-16,11439.420363,11486.294013,11292.388590,11338.850148,12499504
MARUTI,2025-10-17,11367.834819,11717.987797,11269.631947,11617.627054,53196298
MARUTI,2025-10-20,11448.785573,11965.511551,11387.970770,11902.287790,73557751
MARUTI,2025-10-21,11816.226118,12056.151240,11401.419297,11637.719901,4645137
MARUTI,2025-10-22,11632.414468,12091.901651,11474.954024,11930.407469,24591606
MARUTI,2025-10-23,11883.839907,12212.401758,11775.817485,12102.392723,14070643
MARUTI,2025-10-24,12167.199234,12530.065339,12072.799923,12433.599161,53701805
MARUTI,2025-10-27,12454.313594,12715.350136,12321.609889,12581.293430,149580736
MARUTI,2025-10-28,12575.436584,12750.186289,12213.657221,12385.771315,84501557
MARUTI,2025-10-29,12411.453471,12539.962956,12069.801627,12196.081125,131609005
MARUTI,2025-10-30,12332.976519,12497.274574,12240.585488,12404.348865,137865591
MARUTI,2025-10-31,12417.245260,12656.669265,11924.247442,12158.686019,69879613
MARUTI,2025-11-03,12342.118395,12439.310899,11981.187329,12076.286442,35731265
MARUTI,2025-11-04,12105.026193,12254.807236,11844.282135,11992.672980,124876357
MARUTI,2025-11-05,11833.184815,12049.123061,11740.225792,11955.205470,110113847
MARUTI,2025-11-06,12036.918878,12185.360650,11871.670290,12019.902209,78816748
MARUTI,2025-11-07,11973.239923,12278.223274,11740.829373,12044.430849,2159804
MARUTI,2025-11-10,11954.063024,12304.149861,11716.123774,12064.021937,105648211
MARUTI,2025-11-11,12029.284908,12149.137214,11978.621111,12098.183238,89635136
MARUTI,2025-11-12,12097.981419,12270.086675,11494.817748,11660.702294,146457753
MARUTI,2025-11-13,11630.032786,11747.403454,11242.043605,11356.655339,94346029
MARUTI,2025-11-14,11443.491724,11737.366695,11317.834512,11609.882401,25837591
MARUTI,2025-11-17,11538.468643,11689.053551,10900.015647,11044.149350,95864340
MARUTI,2025-11-18,11033.005585,11183.712687,10527.618188,10673.413383,33643267
MARUTI,2025-11-19,10685.230837,10967.972202,10563.781398,10844.710105,69837836
MARUTI,2025-11-20,10757.164335,11553.059904,10598.662157,11385.302382,146194255
MARUTI,2025-11-21,11377.404876,12183.682772,11318.091595,12120.495572,118951593
MARUTI,2025-11-24,12065.038206,12258.662628,11918.148491,12111.210770,62066819
MARUTI,2025-11-25,12182.238439,12681.334756,11922.411697,12416.511365,45346621
MARUTI,2025-11-26,12421.537087,12623.152208,11743.612030,11937.368567,1909545
MARUTI,2025-11-27,11946.583277,12125.493166,11687.982632,11865.680942,11176591
MARUTI,2025-11-28,11865.690795,12029.032145,11419.192354,11578.581398,53911706
MARUTI,2025-12-01,11619.798797,11750.194040,11265.341887,11393.194215,32165416
MARUTI,2025-12-02,11293.923801,11797.775185,11200.163680,11700.638591,76419093
MARUTI,2025-12-03,11771.370898,11946.315944,11651.399996,11825.790411,107718887
MARUTI,2025-12-04,11862.078927,12053.623225,11652.508178,11843.756615,77340006
MARUTI,2025-12-05,11783.316623,12079.686368,11720.025779,12015.150294,70098842
MARUTI,2025-12-08,12100.412128,12360.300871,11542.928283,11796.285083,39041591
MARUTI,2025-12-09,11742.909206,12191.394742,11603.179502,12048.034333,35245560
MARUTI,2025-12-10,12064.607604,12371.617571,11935.251549,12240.376928,99142139
MARUTI,2025-12-11,12160.518721,12362.505321,12054.348277,12255.505570,35726942
MARUTI,2025-12-12,12231.500470,12499.366556,12145.231471,12411.825721,114092381
MARUTI,2025-12-15,12561.503995,12707.699702,12334.250896,12479.492118,130509864
MARUTI,2025-12-16,12472.610961,12726.348777,12338.339215,12590.804637,15192319
MARUTI,2025-12-17,12646.953664,12837.609211,12444.968872,12635.451015,133768396
MARUTI,2025-12-18,12632.761857,12803.855150,12389.809550,12559.916250,34745871
MARUTI,2025-12-19,12620.177085,12718.504988,12319.245967,12415.982927,82286306
MARUTI,2025-12-22,12402.401156,12853.816404,12303.918580,12752.553407,105896826
MARUTI,2025-12-23,12803.227031,13038.769543,12559.074751,12794.455900,144146723
MARUTI,2025-12-24,12799.641789,13208.519688,12697.175218,13103.619644,32992156
MARUTI,2025-12-25,13185.657702,13802.632696,13031.189441,13642.808968,87763638
MARUTI,2025-12-26,13643.669065,13814.098628,13391.909420,13561.310199,78327415
MARUTI,2025-12-29,13540.364713,13654.028699,13460.034537,13573.501932,28430962
MARUTI,2025-12-30,13504.394754,13736.248104,13499.058887,13730.822771,134403169
MARUTI,2025-12-31,13773.130387,14157.010920,13550.256681,13931.573326,104659979
MARUTI,2026-01-01,13908.701488,14073.934000,13510.757004,13673.191708,123529720
MARUTI,2026-01-02,13753.033494,14213.723588,13664.270708,14122.575757,11379774
MARUTI,2026-01-05,14028.658204,14970.695994,13767.855288,14697.459576,65708515
MARUTI,2026-01-06,14692.351977,15256.930182,14516.818834,15076.803897,9240196
MARUTI,2026-01-07,14966.269852,15146.340708,14814.772347,14994.556865,81580430
MARUTI,2026-01-08,15085.034883,15226.977481,14891.034359,15032.482465,16250554
MARUTI,2026-01-09,14954.468852,15419.314960,14677.740232,15139.168520,111344348
MARUTI,2026-01-12,15187.477468,15207.005051,14989.030691,15008.327929,56354890
MARUTI,2026-01-13,14926.377088,15462.840978,14820.149209,15353.572837,83795565
MARUTI,2026-01-14,15368.384209,15685.969161,14771.667947,15083.362986,51532375
MARUTI,2026-01-15,14977.871909,15159.881985,14315.774027,14491.878342,102776834
MARUTI,2026-01-16,14552.017336,15584.834052,14294.279814,15313.607651,48778106
MARUTI,2026-01-19,15210.491986,15406.570446,15043.433611,15239.196803,23012412
MARUTI,2026-01-20,15422.230632,15575.859748,14739.625966,14887.932652,2901295
MARUTI,2026-01-21,14855.831017,15521.651307,14529.020451,15187.543463,114941196
MARUTI,2026-01-22,15070.311181,15147.780877,14787.574405,14863.983464,49697678
MARUTI,2026-01-23,14975.007521,15191.578523,14491.635613,14704.291475,141786658
MARUTI,2026-01-26,14692.231130,14874.718771,13970.610377,14146.317394,101602688
MARUTI,2026-01-27,13987.258511,14170.949872,13968.990220,14152.465809,65473864
MARUTI,2026-01-28,14268.003198,14673.136754,14228.135969,14632.251751,53322795
MARUTI,2026-01-29,14538.879409,14690.044689,14386.466845,14537.619021,35133634
MARUTI,2026-01-30,14489.028090,14728.407430,14092.943968,14329.690830,115728684
MARUTI,2026-02-02,14403.209280,14663.372368,14029.099229,14287.166249,119274545
MARUTI,2026-02-03,14349.513065,14534.773510,13465.815043,13641.940318,47484979
MARUTI,2026-02-04,13683.557472,14058.019440,13454.597810,13826.665233,24191782
MARUTI,2026-02-05,13909.101642,14025.379748,13586.163880,13700.699776,72363025
MARUTI,2026-02-06,13843.364800,13974.694950,13620.561763,13751.015811,118478221
MARUTI,2026-02-09,13842.678187,13876.183279,13160.979151,13192.911535,13580952
MARUTI,2026-02-10,13251.755162,13406.757898,12813.988208,12965.644372,63620001
MARUTI,2026-02-11,12959.224311,13207.784188,12863.642649,13111.082484,113613218
MARUTI,2026-02-12,13060.561574,13226.962911,12917.457676,13083.606511,25640713
MARUTI,2026-02-13,13110.066097,13111.784128,12856.479872,12858.164893,100407251
MARUTI,2026-02-16,12863.512947,13331.948064,12730.428624,13195.429770,140076605
MARUTI,2026-02-17,13155.301574,13379.233455,12886.507786,13109.662796,19039815
MARUTI,2026-02-18,13211.948142,13387.603225,12880.595433,13054.152598,65446847
MARUTI,2026-02-19,13115.748257,13360.590020,12485.934031,12723.452508,51959961
MARUTI,2026-02-20,12739.582438,12875.170958,12327.231154,12459.842375,116591319
MARUTI,2026-02-23,12447.706903,12623.523422,11892.284983,12062.662984,54580467
MARUTI,2026-02-24,12148.566689,12351.285298,11861.614561,12062.903744,68390234
MARUTI,2026-02-25,12127.727382,12192.378516,11995.869346,12060.160289,51689756
MARUTI,2026-02-26,12049.889028,12176.004291,11597.069711,11719.729493,105862350
MARUTI,2026-02-27,11773.804514,12272.473554,11650.443169,12145.220655,101265970
MARUTI,2026-03-02,12158.921349,12230.306703,11593.100517,11661.565883,44444320
MARUTI,2026-03-03,11777.436771,12011.016819,11013.569249,11236.419385,104517409
MARUTI,2026-03-04,11297.882427,11456.219751,11059.265158,11216.461384,110787581
MARUTI,2026-03-05,11251.395440,11409.131177,10956.746853,11112.535888,91239826
MARUTI,2026-03-06,11157.586907,11234.603430,10688.340494,10762.630787,45380068
MARUTI,2026-03-09,10803.717219,11032.871344,10464.704564,10691.478019,133064405
MARUTI,2026-03-10,10636.199516,10917.596912,10468.676803,10748.308456,116232817
MARUTI,2026-03-11,10658.258602,10914.559332,10493.799419,10748.704549,85338098
MARUTI,2026-03-12,10652.055136,10815.661866,10489.928788,10653.513324,83902887
MARUTI,2026-03-13,10602.567172,10706.252990,10360.338204,10462.655785,123561269
MARUTI,2026-03-16,10407.043054,11199.272814,10303.273973,11088.706834,30843448
MARUTI,2026-03-17,11015.003051,11426.123831,10775.490236,11182.958944,111435148
MARUTI,2026-03-18,11134.750796,11292.447104,10800.222555,10955.378496,33394728
MARUTI,2026-03-19,10919.509273,11022.748543,10553.048943,10653.775816,42117572
MARUTI,2026-03-20,10682.135065,10772.599733,10301.139097,10389.122304,142403642
MARUTI,2026-03-23,10391.378008,10533.211765,10233.821767,10375.437955,122979511
MARUTI,2026-03-24,10360.866644,10513.325715,10167.071006,10318.912729,135879870
MARUTI,2026-03-25,10192.332712,10501.002006,10060.256728,10366.666936,24587358
MARUTI,2026-03-26,10298.713911,10355.966972,9786.918334,9841.630356,58744222
MARUTI,2026-03-27,9754.237202,9893.091446,9677.070143,9815.440202,145061969
MARUTI,2026-03-30,9781.859466,10060.212953,9746.588254,10024.068389,53711510
MARUTI,2026-03-31,9896.147752,10067.288124,9722.226525,9893.317959,148145793
MARUTI,2026-04-01,9903.659176,10137.906142,9752.226885,9985.226640,17056621
MARUTI,2026-04-02,9915.431369,10284.290372,9770.441903,10136.074528,107261192
MARUTI,2026-04-03,10063.744340,10283.797084,9917.487188,10136.482818,115397937
MARUTI,2026-04-06,10000.308756,10067.097539,9934.416533,10001.199447,129556285
MARUTI,2026-04-07,9977.117331,10085.876893,9754.734417,9862.241731,133911191
MARUTI,2026-04-08,9878.823535,10054.202901,9737.011363,9911.915686,103009282
MARUTI,2026-04-09,9986.578388,10056.412045,9953.816689,10023.529127,71135770
MARUTI,2026-04-10,9972.316504,10156.997052,9821.567556,10005.742807,104080212
MARUTI,2026-04-13,10047.789187,10168.001524,9822.823712,9941.767601,51922438
MARUTI,2026-04-14,10027.034301,10176.221158,9824.281151,9972.658987,98620948
MARUTI,2026-04-15,9929.599435,10306.056592,9769.427368,10142.451064,89000997
MARUTI,2026-04-16,10164.896618,10256.987704,9744.489675,9833.579118,103931900
MARUTI,2026-04-17,9850.790705,9951.405187,9756.607452,9857.161027,145463338
MARUTI,2026-04-20,9803.802221,9918.262780,9547.145294,9659.926082,26737284
MARUTI,2026-04-21,9631.678536,9732.890811,9210.641396,9308.457173,122710193
MARUTI,2026-04-22,9328.079435,9341.409688,9185.712692,9198.858282,128117710
MARUTI,2026-04-23,9228.616688,9331.053639,8991.271025,9092.193691,94223322
MARUTI,2026-04-24,9063.494521,9363.621268,9009.957717,9308.636445,103625455
MARUTI,2026-04-27,9391.915874,9514.121285,8974.070227,9092.378123,46843100
MARUTI,2026-04-28,9044.136944,9331.428845,8935.458033,9220.629115,12329146
MARUTI,2026-04-29,9251.273933,9445.537814,9062.703302,9256.853455,118302458
MARUTI,2026-04-30,9261.091176,9704.400236,9084.224183,9522.540128,145804350
MARUTI,2026-05-01,9455.615483,9570.919606,9433.559166,9548.646283,77625093
MARUTI,2026-05-04,9560.466198,9739.000136,9435.732770,9613.573825,109113351
MARUTI,2026-05-05,9649.370396,10327.322314,9568.600340,10241.595040,55810979
MARUTI,2026-05-06,10216.240191,10448.004689,9896.175964,10125.890806,80616115
MARUTI,2026-05-07,10149.583233,10364.117367,9694.955592,9904.305226,22900350
MARUTI,2026-05-08,9872.851457,9890.357099,9767.510301,9784.859924,22311116
MARUTI,2026-05-11,9844.236864,9998.209287,9296.356056,9444.069513,16163834
MARUTI,2026-05-12,9439.919906,9568.682953,9037.685664,9162.666905,80914762
MARUTI,2026-05-13,9156.253132,9295.694533,8922.234921,9060.213728,95681727
MARUTI,2026-05-14,9075.257200,9211.691295,8721.478087,8854.594825,111775018
MARUTI,2026-05-15,8868.090815,9016.801661,8691.553143,8839.789397,101863966
MARUTI,2026-05-18,8858.548996,9306.192307,8731.249716,9174.354828,103478063
MARUTI,2026-05-19,9253.605707,9415.935580,8866.705277,9025.025316,81418480
MARUTI,2026-05-20,9046.058873,9074.248079,8952.729910,8980.715494,39343815
MARUTI,2026-05-21,8984.869609,9461.070271,8932.060211,9405.786894,63519392
MARUTI,2026-05-22,9495.959906,9850.220156,9257.881817,9609.300447,84133599
MARUTI,2026-05-25,9576.027917,9676.215529,9165.312107,9262.216519,13628842
MARUTI,2026-05-26,9336.486788,9379.633715,9265.399908,9308.417116,28259053
MARUTI,2026-05-27,9178.790488,9569.240438,9029.135188,9415.722094,93855913
MARUTI,2026-05-28,9427.160173,9523.665360,9251.974271,9347.665678,137897993
MARUTI,2026-05-29,9481.682407,9617.716803,8634.817146,8760.504754,49357944
MARUTI,2026-06-01,8765.944883,8988.210624,8632.975560,8853.907015,54911891
MARUTI,2026-06-02,8790.920905,9071.838308,8642.301518,8921.019474,136371280
MARUTI,2026-06-03,8894.234146,9364.978641,8824.876686,9292.515374,146206922
MARUTI,2026-06-04,9306.195693,9754.915902,9223.690090,9669.192095,31500816
MARUTI,2026-06-05,9666.661976,10036.760907,9547.484636,9914.527705,125199310
MARUTI,2026-06-08,9937.779578,10018.319382,9864.146809,9944.635813,63301526
MARUTI,2026-06-09,9965.557076,10307.624744,9813.032112,10152.242520,127425291
MARUTI,2026-06-10,10202.359557,10664.155254,10107.017917,10565.420786,101345358
MARUTI,2026-06-11,10669.524096,10811.415232,9878.667353,10011.811749,65779488
MARUTI,2026-06-12,10038.991454,10139.980536,9970.869020,10071.636579,110778007
MARUTI,2026-06-15,10175.024036,10528.905047,10025.256029,10376.176244,4718203
MARUTI,2026-06-16,10354.220076,10527.944546,10220.627346,10393.840621,103690813
MARUTI,2026-06-17,10332.686091,10699.189347,10185.206304,10548.627402,48621778
MARUTI,2026-06-18,10556.764817,10697.958274,10081.938743,10218.609477,15376958
MARUTI,2026-06-19,10303.304682,10387.836945,9964.197943,10046.624301,93602686
MARUTI,2026-06-22,10083.544784,10520.183471,10009.710166,10443.711608,72849339
MARUTI,2026-06-23,10552.503404,10755.545579,10233.491910,10434.258927,75352116
MARUTI,2026-06-24,10458.168674,10906.755729,10336.579564,10781.408557,14679833
MARUTI,2026-06-25,10866.693940,11022.090832,10528.113780,10680.853094,44553334
MARUTI,2026-06-26,10577.104479,10872.658183,10419.986292,10713.513697,85130019
MARUTI,2026-06-29,10637.838173,10872.209138,10550.048958,10783.220151,135023181
MARUTI,2026-06-30,10903.490257,11010.752013,10583.204416,10688.349753,72932849
MARUTI,2026-07-01,10736.995392,11168.332093,10538.755305,10965.866300,72790359
MARUTI,2026-07-02,10913.607007,10913.869901,10792.755444,10793.015433,109385247
MARUTI,2026-07-03,10792.683639,10881.266154,10604.468979,10692.226981,50488687
MARUTI,2026-07-06,10607.515405,10712.103192,10192.336226,10293.831155,141276116
MARUTI,2026-07-07,10328.534206,10436.997002,10109.675552,10216.966747,8890841
MARUTI,2026-07-08,10349.046239,10461.516370,10155.541328,10267.121123,73444509
MARUTI,2026-07-09,10377.657081,10617.221774,10201.959426,10440.460828,118493262
MARUTI,2026-07-10,10486.440392,10680.805374,10364.545824,10558.078089,48490165
MARUTI,2026-07-13,10457.413130,10822.786341,10293.663153,10655.927872,36466613
MARUTI,2026-07-14,10660.120383,10955.616945,10654.429976,10949.771921,97558519
MARUTI,2026-07-15,10992.677511,11298.762624,10826.981453,11130.981862,58866065
MARUTI,2026-07-16,11127.569588,11264.414634,10956.096641,11092.510536,63541462
MARUTI,2026-07-17,10923.362517,11172.557969,10772.526771,11020.382518,137389923
MARUTI,2026-07-20,11010.287680,11157.891343,10625.034008,10769.408449,76670045
MARUTI,2026-07-21,10794.737967,10964.670778,10702.261359,10871.536253,63824841
MARUTI,2026-07-22,10944.737904,11349.102621,10779.863335,11180.673848,149185700
MARUTI,2026-07-23,11302.165748,11408.145830,10875.335133,10978.278130,120350064
MARUTI,2026-07-24,10978.292567,11104.681711,10885.495288,11011.602866,121399556
MARUTI,2026-07-27,11052.250388,11363.768805,10789.064699,11099.458944,122631140
MARUTI,2026-07-28,11148.147851,11342.267882,10956.212186,11150.295246,45592470
MARUTI,2026-07-29,11149.167509,11321.268693,10921.935380,11093.172206,128117431
MARUTI,2026-07-30,11040.117239,11520.005837,10949.798572,11426.525978,5669835
MARUTI,2026-07-31,11347.333777,11537.546939,10645.026007,10826.508678,91669020
MARUTI,2026-08-03,10855.514355,11018.453926,10365.333155,10523.286031,122094185
MARUTI,2026-08-04,10557.959463,11149.747992,10517.459001,11107.140864,135194147
MARUTI,2026-08-05,11069.841709,11148.426058,10956.384339,11034.719355,130298435
MARUTI,2026-08-06,11085.278777,11225.509367,11003.345766,11143.148631,97551396
MARUTI,2026-08-07,11059.346199,11325.481920,10966.897589,11231.593440,20243642
MARUTI,2026-08-10,11128.926490,11219.162909,10839.331248,10927.937996,98407842
MARUTI,2026-08-11,10961.368661,11153.430157,10823.651779,11015.038971,66864569
MARUTI,2026-08-12,10905.592428,11071.124493,10712.604966,10877.713872,9347999
MARUTI,2026-08-13,10936.658464,11116.695016,10366.533435,10540.040968,98785664
MARUTI,2026-08-14,10600.846666,11094.933388,10542.727928,11034.437505,28276336
MARUTI,2026-08-17,11008.407692,11275.628543,10791.757572,11058.002378,19346758
MARUTI,2026-08-18,11051.352788,11196.845883,10894.373422,11039.713280,90568954
MARUTI,2026-08-19,10967.730143,11167.561620,10694.148615,10892.611433,96732108
MARUTI,2026-08-20,10842.949268,11091.251872,10528.484745,10775.236738,53382551
MARUTI,2026-08-21,10789.318077,10947.073163,10689.664459,10846.887812,53204023
MARUTI,2026-08-24,10755.036105,11155.284446,10632.380028,11029.498258,88598864
MARUTI,2026-08-25,11011.905579,11421.070563,10834.140852,11239.629696,138920157
MARUTI,2026-08-26,11226.987387,11378.873303,10712.567560,10859.481621,43915574
MARUTI,2026-08-27,10763.223485,10970.824584,10557.035264,10764.609806,133352896
MARUTI,2026-08-28,10790.931129,11182.326278,10591.709530,10979.621094,7100041
MARUTI,2026-08-31,11002.483082,11064.929964,10927.732992,10990.109646,82864685
MARUTI,2026-09-01,10902.694831,11259.140797,10763.876755,11117.586620,87749897
MARUTI,2026-09-02,11005.895641,11574.580145,10904.409522,11468.825319,132163017
MARUTI,2026-09-03,11490.518597,11634.298313,11162.947547,11304.398359,105698874
MARUTI,2026-09-04,11234.762310,11365.433352,10963.344663,11092.359423,139544237
MARUTI,2026-09-07,11087.690834,11316.117149,10989.183414,11216.465643,147468198
MARUTI,2026-09-08,11298.764402,11367.483043,10967.108706,11034.218389,132925695
MARUTI,2026-09-09,10968.789566,11092.656846,10734.236453,10856.839514,72182631
MARUTI,2026-09-10,10933.128598,11034.573214,10733.959616,10834.488990,65489095
MARUTI,2026-09-11,10772.690098,11036.786610,10653.524557,10916.035409,63675177
MARUTI,2026-09-14,10945.790871,11437.727919,10818.480378,11306.225215,131337231
MARUTI,2026-09-15,11333.035829,11700.880063,11193.156360,11558.221214,20498468
MARUTI,2026-09-16,11493.137376,11699.331947,11387.142822,11592.421751,46572725
MARUTI,2026-09-17,11552.174201,11714.248224,10922.770867,11078.195085,109182778
MARUTI,2026-09-18,11097.070240,11451.556606,10940.695721,11292.429184,26302911
MARUTI,2026-09-21,11237.144575,11280.708434,11092.415792,11135.585932,120151520
MARUTI,2026-09-22,11098.723163,11305.822434,10923.745041,11130.345763,93343969
MARUTI,2026-09-23,11076.500138,11359.860023,10952.649686,11234.245759,19158855
RELIANCE,2025-10-07,1253.572823,1258.471491,1226.996254,1231.809877,119716702
RELIANCE,2025-10-08,1236.415405,1246.593052,1184.841591,1194.675654,15035870
RELIANCE,2025-10-09,1197.255385,1228.948911,1184.743756,1216.238900,78885510
RELIANCE,2025-10-10,1205.938226,1236.970310,1191.400780,1222.236392,88410405
RELIANCE,2025-10-13,1230.631275,1247.099106,1181.418698,1197.442409,116191985
RELIANCE,2025-10-14,1191.877228,1250.147840,1170.775083,1228.399077,69530639
RELIANCE,2025-10-15,1219.890249,1262.611373,1194.986119,1237.350785,104940862
RELIANCE,2025-10-16,1242.536622,1263.895837,1180.349109,1200.994208,88989189
RELIANCE,2025-10-17,1205.892989,1231.313656,1195.161236,1220.452333,103215767
RELIANCE,2025-10-20,1225.067974,1230.915275,1216.738215,1222.573610,68739461
RELIANCE,2025-10-21,1216.788385,1293.973193,1207.614629,1284.290518,129042387
RELIANCE,2025-10-22,1275.336222,1305.558961,1256.937146,1286.991732,79992169
RELIANCE,2025-10-23,1280.797949,1329.383213,1258.970367,1307.107263,119505951
RELIANCE,2025-10-24,1290.565936,1308.379852,1264.859385,1282.562832,137591009
RELIANCE,2025-10-27,1282.894777,1298.670441,1259.772246,1275.456441,141138741
RELIANCE,2025-10-28,1280.399657,1338.593720,1253.717914,1311.268709,55763180
RELIANCE,2025-10-29,1322.452236,1348.482663,1305.717927,1331.632190,4968259
RELIANCE,2025-10-30,1338.834164,1362.740256,1315.185045,1339.086677,68242670
RELIANCE,2025-10-31,1326.208260,1338.006474,1298.842968,1310.501450,52841097
RELIANCE,2025-11-03,1311.377577,1323.684843,1299.592004,1311.894624,128176393
RELIANCE,2025-11-04,1310.245295,1326.128562,1267.642105,1283.197489,146967117
RELIANCE,2025-11-05,1272.343920,1312.286823,1245.242576,1284.917655,69489312
RELIANCE,2025-11-06,1277.820319,1321.578153,1262.417017,1305.837125,100337178
RELIANCE,2025-11-07,1309.717376,1321.184184,1283.296462,1294.631188,59352416
RELIANCE,2025-11-10,1299.132164,1316.456526,1260.462845,1277.498719,71702834
RELIANCE,2025-11-11,1281.954811,1292.120816,1258.764182,1268.826075,12876138
RELIANCE,2025-11-12,1265.262250,1344.771315,1240.316537,1318.770639,61310618
RELIANCE,2025-11-13,1328.938047,1344.438357,1276.562881,1291.628018,25164436
RELIANCE,2025-11-14,1297.410009,1316.977997,1280.803635,1300.334195,21927303
RELIANCE,2025-11-17,1309.870869,1328.141580,1282.066270,1300.202117,127890652
RELIANCE,2025-11-18,1300.700357,1317.182987,1264.889134,1281.123687,2036799
RELIANCE,2025-11-19,1280.360713,1281.752049,1271.865500,1273.249107,104436700
RELIANCE,2025-11-20,1285.793239,1308.308369,1255.397609,1277.772286,21765342
RELIANCE,2025-11-21,1271.617303,1294.709423,1255.674171,1278.677769,51478602
RELIANCE,2025-11-24,1279.084518,1288.333956,1247.792034,1256.880912,108058219
RELIANCE,2025-11-25,1256.446696,1328.298516,1235.066051,1306.073386,61131433
RELIANCE,2025-11-26,1305.427911,1334.823386,1265.477116,1294.629432,74045264
RELIANCE,2025-11-27,1295.639998,1352.683467,1276.459587,1332.950715,100955500
RELIANCE,2025-11-28,1331.724895,1381.283024,1317.408765,1366.592069,45706528
RELIANCE,2025-12-01,1365.966303,1387.804074,1357.143751,1378.897998,140723929
RELIANCE,2025-12-02,1370.989415,1406.074887,1349.203048,1384.080489,19187674
RELIANCE,2025-12-03,1398.796875,1419.037921,1352.548282,1372.407464,141755710
RELIANCE,2025-12-04,1383.941524,1397.955622,1344.333996,1358.086278,118342678
RELIANCE,2025-12-05,1354.895531,1410.726682,1331.099942,1386.378174,142303686
RELIANCE,2025-12-08,1389.125990,1405.101097,1360.518453,1376.346595,91089656
RELIANCE,2025-12-09,1375.709953,1391.726690,1364.711834,1380.688768,148766415
RELIANCE,2025-12-10,1375.160857,1391.170872,1338.857569,1354.628541,102713661
RELIANCE,2025-12-11,1358.418390,1378.260125,1333.451362,1353.217125,103503206
RELIANCE,2025-12-12,1358.185297,1380.957445,1324.163207,1346.743515,11733379
RELIANCE,2025-12-15,1330.404031,1335.865754,1326.535069,1331.992173,107100797
RELIANCE,2025-12-16,1311.670800,1335.217725,1297.514848,1320.961505,43887053
RELIANCE,2025-12-17,1316.680419,1392.732343,1298.232639,1373.488632,28577342
RELIANCE,2025-12-18,1368.816094,1448.029446,1349.141620,1427.511324,53316129
RELIANCE,2025-12-19,1420.664990,1441.439306,1403.089154,1423.824384,114570707
RELIANCE,2025-12-22,1420.150832,1459.520878,1398.251334,1437.356066,105966462
RELIANCE,2025-12-23,1449.100874,1474.278150,1431.356579,1456.443938,13609314
RELIANCE,2025-12-24,1475.281173,1500.530083,1383.103899,1407.187409,36270872
RELIANCE,2025-12-25,1396.088027,1486.169153,1374.102545,1463.127932,128834531
RELIANCE,2025-12-26,1468.235052,1486.414844,1431.600150,1449.548565,125650548
RELIANCE,2025-12-29,1457.121832,1479.610306,1447.075947,1469.479225,129307734
RELIANCE,2025-12-30,1469.042349,1484.214515,1440.169375,1455.198563,121627205
RELIANCE,2025-12-31,1451.227970,1475.235370,1420.529547,1444.424397,105834402
RELIANCE,2026-01-01,1458.852536,1490.168061,1356.161403,1385.911178,27495195
RELIANCE,2026-01-02,1378.805453,1389.110442,1354.798637,1365.000449,60443253
RELIANCE,2026-01-05,1353.777550,1362.058083,1303.317951,1311.338904,68301690
RELIANCE,2026-01-06,1303.609093,1321.445347,1252.536040,1269.911233,49828936
RELIANCE,2026-01-07,1262.865968,1280.177065,1232.197186,1249.322634,11193254
RELIANCE,2026-01-08,1257.302950,1286.765759,1239.569669,1268.869343,44698120
RELIANCE,2026-01-09,1263.935985,1290.709642,1238.811796,1265.553304,67320817
RELIANCE,2026-01-12,1257.737092,1270.307185,1242.858585,1255.405374,80407828
RELIANCE,2026-01-13,1263.064543,1275.667832,1214.798177,1227.042021,25778263
RELIANCE,2026-01-14,1219.580623,1236.465014,1209.720075,1226.548132,13882970
RELIANCE,2026-01-15,1236.637227,1263.303645,1191.802955,1218.068973,33755901
RELIANCE,2026-01-16,1214.259152,1239.004982,1199.716392,1224.341470,73814335
RELIANCE,2026-01-19,1225.854150,1239.471593,1204.800230,1218.334137,75860273
RELIANCE,2026-01-20,1216.467263,1241.934236,1153.149833,1177.807456,50063474
RELIANCE,2026-01-21,1183.772687,1194.026263,1120.882058,1130.675719,59212822
RELIANCE,2026-01-22,1137.518928,1147.123373,1122.515611,1132.074084,124806890
RELIANCE,2026-01-23,1135.429004,1141.683398,1091.599147,1097.645414,14987194
RELIANCE,2026-01-26,1096.062377,1099.039897,1077.194818,1080.129055,142827776
RELIANCE,2026-01-27,1069.053937,1102.998742,1058.213644,1091.926519,34755520
RELIANCE,2026-01-28,1082.721893,1139.109256,1065.179860,1120.947893,147907338
RELIANCE,2026-01-29,1115.054096,1151.925367,1102.114464,1138.711206,149055580
RELIANCE,2026-01-30,1128.093140,1141.517803,1114.846336,1128.268935,111871986
RELIANCE,2026-02-02,1135.758098,1164.179973,1114.223867,1142.517581,113324771
RELIANCE,2026-02-03,1156.047895,1165.282517,1123.196068,1132.240514,136791066
RELIANCE,2026-02-04,1127.617133,1146.588400,1077.993543,1096.440284,92782489
RELIANCE,2026-02-05,1107.293418,1150.604568,1098.261248,1141.295048,99622865
RELIANCE,2026-02-06,1150.881683,1164.838041,1100.732833,1114.244909,31381743
RELIANCE,2026-02-09,1115.339723,1131.988059,1071.433864,1087.669170,138968031
RELIANCE,2026-02-10,1095.586146,1128.097331,1071.372943,1103.704703,93367820
RELIANCE,2026-02-11,1099.681167,1112.382534,1092.322381,1104.988235,108543225
RELIANCE,2026-02-12,1101.190542,1145.046442,1084.587499,1128.038602,73345800
RELIANCE,2026-02-13,1125.579887,1146.681000,1106.591359,1127.657423,149341670
RELIANCE,2026-02-16,1118.884860,1194.666417,1102.650311,1177.580223,57237370
RELIANCE,2026-02-17,1184.291708,1245.060731,1171.809472,1232.074868,74206086
RELIANCE,2026-02-18,1229.321283,1240.968808,1203.389903,1214.900797,72050165
RELIANCE,2026-02-19,1218.449269,1236.335552,1192.202919,1209.964651,75452171
RELIANCE,2026-02-20,1213.890854,1233.821830,1183.787773,1203.548944,45706532
RELIANCE,2026-02-23,1207.608245,1276.337703,1195.835206,1264.014754,36450776
RELIANCE,2026-02-24,1265.483649,1276.304120,1222.005127,1232.543948,41171159
RELIANCE,2026-02-25,1245.272858,1259.710715,1230.980504,1245.416710,50702321
RELIANCE,2026-02-26,1235.308404,1263.102552,1224.023875,1251.668573,62285659
RELIANCE,2026-02-27,1260.223838,1319.490219,1233.083172,1291.672268,72072224
RELIANCE,2026-03-02,1285.640924,1308.709424,1278.382097,1301.361836,57309716
RELIANCE,2026-03-03,1288.192878,1322.096642,1277.629680,1311.343608,121130050
RELIANCE,2026-03-04,1307.091386,1320.153447,1270.895659,1283.724207,130756918
RELIANCE,2026-03-05,1282.967085,1305.225609,1275.614452,1297.788038,132876672
RELIANCE,2026-03-06,1297.986571,1314.918795,1287.269941,1304.151267,10839977
RELIANCE,2026-03-09,1310.508180,1333.680524,1278.836750,1301.856108,104881476
RELIANCE,2026-03-10,1304.664839,1319.483432,1252.534584,1266.924517,39110694
RELIANCE,2026-03-11,1270.202000,1279.805522,1252.042161,1261.580499,89354560
RELIANCE,2026-03-12,1239.666739,1290.702686,1220.147486,1270.694878,124430634
RELIANCE,2026-03-13,1269.063734,1308.211424,1249.243566,1288.094042,136258507
RELIANCE,2026-03-16,1291.693265,1304.284619,1279.340701,1291.929792,11571452
RELIANCE,2026-03-17,1283.550275,1308.945396,1246.076353,1271.227671,52302715
RELIANCE,2026-03-18,1263.438506,1276.326007,1226.047192,1238.682170,148206987
RELIANCE,2026-03-19,1232.896852,1256.138421,1221.838100,1244.971363,26786793
RELIANCE,2026-03-20,1246.230909,1267.739387,1229.410093,1250.856143,20546939
RELIANCE,2026-03-23,1247.160597,1265.481739,1195.149873,1212.968727,127770525
RELIANCE,2026-03-24,1211.534441,1237.341725,1193.447553,1219.141275,40534685
RELIANCE,2026-03-25,1223.347829,1243.361926,1189.908787,1209.699598,14364929
RELIANCE,2026-03-26,1206.229349,1231.592825,1192.012016,1217.245648,146511745
RELIANCE,2026-03-27,1211.502477,1217.709234,1198.822698,1204.996122,149199900
RELIANCE,2026-03-30,1220.505940,1247.908574,1174.051171,1201.016224,119690722
RELIANCE,2026-03-31,1205.097773,1221.400489,1174.667223,1190.776195,35401681
RELIANCE,2026-04-01,1183.006125,1202.345571,1149.123271,1168.221014,120706297
RELIANCE,2026-04-02,1160.399856,1194.876657,1142.399246,1176.624366,94715156
RELIANCE,2026-04-03,1160.912232,1209.929870,1150.673722,1199.352342,107389948
RELIANCE,2026-04-06,1190.508727,1262.823311,1169.774489,1241.206113,128369538
RELIANCE,2026-04-07,1234.176419,1269.971611,1205.605824,1241.237555,39828725
RELIANCE,2026-04-08,1244.349182,1277.494267,1228.453458,1261.380973,46816469
RELIANCE,2026-04-09,1247.767430,1258.577974,1236.718166,1247.526623,66033032
RELIANCE,2026-04-10,1234.577094,1266.245978,1215.832233,1247.307823,83592098
RELIANCE,2026-04-13,1236.424022,1248.506306,1190.453206,1202.201065,141824476
RELIANCE,2026-04-14,1205.877384,1232.626033,1183.279706,1209.951998,103540523
RELIANCE,2026-04-15,1201.573423,1251.749854,1179.144498,1228.812477,116807811
RELIANCE,2026-04-16,1220.746807,1280.604881,1205.796386,1265.111132,118284015
RELIANCE,2026-04-17,1266.178907,1325.625182,1243.319159,1302.116611,125203410
RELIANCE,2026-04-20,1302.213591,1317.571613,1290.973617,1306.296398,119983257
RELIANCE,2026-04-21,1300.426431,1317.299949,1273.474400,1290.215427,19581747
RELIANCE,2026-04-22,1294.194555,1308.744181,1263.270817,1277.634268,51073273
RELIANCE,2026-04-23,1285.127650,1331.335577,1274.506135,1320.422354,148610336
RELIANCE,2026-04-24,1316.291722,1329.544955,1293.571849,1306.728796,93240681
RELIANCE,2026-04-27,1299.022179,1364.093496,1284.929262,1349.453457,27823800
RELIANCE,2026-04-28,1348.791542,1392.374126,1330.550981,1373.795422,52162004
RELIANCE,2026-04-29,1377.241927,1394.685996,1336.516729,1353.662138,89773183
RELIANCE,2026-04-30,1363.369207,1406.424690,1339.321086,1382.047114,149765018
RELIANCE,2026-05-01,1380.723832,1397.359846,1365.768543,1382.386547,137854525
RELIANCE,2026-05-04,1376.285162,1406.072411,1318.884796,1348.061187,38170049
RELIANCE,2026-05-05,1349.067085,1381.909678,1332.135831,1364.781207,71769907
RELIANCE,2026-05-06,1367.870148,1388.162915,1332.087386,1352.146895,85585809
RELIANCE,2026-05-07,1356.934339,1379.792209,1330.972460,1353.777146,77250379
RELIANCE,2026-05-08,1362.667686,1413.618906,1331.903753,1382.409282,12733897
RELIANCE,2026-05-11,1391.032002,1407.011244,1374.067000,1390.034787,70802898
RELIANCE,2026-05-12,1388.680594,1413.813368,1354.676289,1379.645544,148269875
RELIANCE,2026-05-13,1384.994446,1406.492192,1350.901479,1372.200640,1684317
RELIANCE,2026-05-14,1377.735787,1454.389075,1350.456102,1426.150756,46045581
RELIANCE,2026-05-15,1428.665202,1452.684471,1411.624823,1435.561832,60075831
RELIANCE,2026-05-18,1430.271704,1466.390839,1411.253940,1447.148669,11740822
RELIANCE,2026-05-19,1462.872290,1492.523172,1417.283977,1446.605141,89812251
RELIANCE,2026-05-20,1454.291547,1521.034822,1439.116624,1505.327362,131767286
RELIANCE,2026-05-21,1489.219624,1505.015379,1470.632670,1486.398502,1749161
RELIANCE,2026-05-22,1484.863969,1510.534193,1446.455000,1471.901123,71573455
RELIANCE,2026-05-25,1499.619700,1526.974660,1430.148210,1456.720637,35502326
RELIANCE,2026-05-26,1458.834410,1490.984495,1437.457201,1469.451705,43914799
RELIANCE,2026-05-27,1468.504382,1531.817857,1446.439957,1509.142836,112605889
RELIANCE,2026-05-28,1522.330325,1560.955085,1465.800884,1503.959537,62331375
RELIANCE,2026-05-29,1511.650470,1558.016077,1486.823472,1532.841049,39299549
RELIANCE,2026-06-01,1525.915448,1544.883367,1517.593891,1536.504065,84998967
RELIANCE,2026-06-02,1545.422514,1588.644268,1538.431800,1581.490400,21276584
RELIANCE,2026-06-03,1596.376998,1616.473768,1540.722713,1560.366143,115932089
RELIANCE,2026-06-04,1571.116016,1606.191959,1544.435069,1579.370828,101353958
RELIANCE,2026-06-05,1593.775075,1619.011615,1514.464053,1538.830578,82240336
RELIANCE,2026-06-08,1534.493955,1576.028996,1504.236453,1545.553421,76883582
RELIANCE,2026-06-09,1539.725935,1599.221852,1533.106290,1592.375853,105811448
RELIANCE,2026-06-10,1578.887027,1669.754112,1544.648414,1634.313559,121829961
RELIANCE,2026-06-11,1632.167951,1638.801221,1625.119983,1631.751561,34562461
RELIANCE,2026-06-12,1647.957143,1678.011347,1597.079637,1626.747027,27514507
RELIANCE,2026-06-15,1637.728211,1649.484173,1613.847495,1625.515794,5927669
RELIANCE,2026-06-16,1636.790584,1669.767334,1545.645049,1577.425764,97232784
RELIANCE,2026-06-17,1566.417367,1599.418438,1564.727796,1597.695130,80008986
RELIANCE,2026-06-18,1565.906562,1581.538249,1549.942487,1565.570823,11366984
RELIANCE,2026-06-19,1548.261692,1567.103704,1527.476271,1546.294342,81417367
RELIANCE,2026-06-22,1529.600074,1571.131000,1513.366375,1554.631640,5681067
RELIANCE,2026-06-23,1555.180244,1582.937441,1542.255888,1569.890833,59907692
RELIANCE,2026-06-24,1573.279317,1603.016672,1551.628307,1581.255891,138743980
RELIANCE,2026-06-25,1571.678562,1614.297364,1565.487134,1607.962998,104147821
RELIANCE,2026-06-26,1626.407789,1744.246457,1596.003063,1712.237201,112737280
RELIANCE,2026-06-29,1714.382748,1749.837405,1688.684890,1723.995456,21696860
RELIANCE,2026-06-30,1712.940610,1743.524102,1705.455223,1735.938218,73321389
RELIANCE,2026-07-01,1750.880796,1772.685558,1713.570890,1735.180123,135818409
RELIANCE,2026-07-02,1742.228513,1755.036723,1723.810508,1736.577172,25554346
RELIANCE,2026-07-03,1727.203937,1758.348417,1696.015015,1727.158679,35381956
RELIANCE,2026-07-06,1722.519767,1752.247334,1663.121916,1692.328435,139260734
RELIANCE,2026-07-07,1672.299625,1760.561882,1647.944037,1735.288911,99425571
RELIANCE,2026-07-08,1740.187592,1810.559532,1725.505163,1795.411167,114115495
RELIANCE,2026-07-09,1789.562713,1889.041654,1767.055715,1865.578619,60355557
RELIANCE,2026-07-10,1868.296169,1893.591491,1823.075661,1848.097509,62886969
RELIANCE,2026-07-13,1855.010497,1872.312095,1832.368614,1849.619935,59097423
RELIANCE,2026-07-14,1858.083355,1888.574552,1756.447264,1785.751494,87125429
RELIANCE,2026-07-15,1806.591089,1830.464067,1788.320270,1812.137158,4995777
RELIANCE,2026-07-16,1805.046400,1820.255450,1757.867386,1772.804773,138749380
RELIANCE,2026-07-17,1793.998333,1802.169235,1687.682989,1695.404840,42801336
RELIANCE,2026-07-20,1700.550240,1740.418115,1677.107734,1716.752259,28405322
RELIANCE,2026-07-21,1724.970145,1741.814075,1669.884802,1686.351631,104555372
RELIANCE,2026-07-22,1693.735689,1716.587360,1645.534213,1668.039189,136772845
RELIANCE,2026-07-23,1647.818473,1655.465385,1625.175862,1632.752860,14385646
RELIANCE,2026-07-24,1624.572551,1643.502981,1604.344097,1623.259224,108897422
RELIANCE,2026-07-27,1629.857242,1645.527572,1596.592365,1612.091889,39517261
RELIANCE,2026-07-28,1608.322800,1618.756648,1559.156045,1569.336976,65527623
RELIANCE,2026-07-29,1588.061604,1608.775800,1509.201890,1529.147629,62776692
RELIANCE,2026-07-30,1529.146139,1544.092300,1495.597274,1510.359814,42690152
RELIANCE,2026-07-31,1505.410771,1560.020657,1468.950924,1523.131625,13867844
RELIANCE,2026-08-03,1516.604596,1578.014080,1503.914719,1564.919935,142676136
RELIANCE,2026-08-04,1564.798855,1615.910125,1528.798757,1579.570194,58357036
RELIANCE,2026-08-05,1575.113136,1626.833273,1560.657585,1612.038837,59633007
RELIANCE,2026-08-06,1613.073392,1625.415853,1584.308275,1596.524109,29675830
RELIANCE,2026-08-07,1599.646596,1633.161020,1585.418206,1618.762598,10849289
RELIANCE,2026-08-10,1614.898383,1695.699622,1594.091756,1674.129847,14773742
RELIANCE,2026-08-11,1678.688305,1701.936682,1633.942546,1656.889023,89729670
RELIANCE,2026-08-12,1657.907069,1685.851919,1610.447868,1638.058154,50587772
RELIANCE,2026-08-13,1623.920530,1648.767459,1612.157323,1636.910159,107646146
RELIANCE,2026-08-14,1623.211608,1721.482319,1586.826278,1683.740202,128975069
RELIANCE,2026-08-17,1679.848136,1711.367081,1673.664299,1705.090323,127049430
RELIANCE,2026-08-18,1706.746548,1731.477632,1684.864766,1709.559782,76576130
RELIANCE,2026-08-19,1712.672209,1727.786277,1692.968171,1708.041372,75296709
RELIANCE,2026-08-20,1708.936398,1719.537847,1663.844614,1674.230765,66171999
RELIANCE,2026-08-21,1680.856971,1725.389187,1650.211674,1694.495238,83222891
RELIANCE,2026-08-24,1683.581755,1705.284219,1669.865662,1691.503587,109100085
RELIANCE,2026-08-25,1682.655200,1775.776088,1658.050116,1750.183553,82425152
RELIANCE,2026-08-26,1762.611772,1786.740626,1691.914032,1715.396545,26158278
RELIANCE,2026-08-27,1714.363459,1737.499906,1653.648307,1676.270667,140700844
RELIANCE,2026-08-28,1681.484076,1701.061541,1632.833877,1652.068861,9139324
RELIANCE,2026-08-31,1654.184348,1701.066324,1635.388239,1681.954667,64581892
RELIANCE,2026-09-01,1688.375970,1729.821931,1565.733982,1605.136598,69739804
RELIANCE,2026-09-02,1604.997953,1639.622397,1519.413092,1552.913933,93432265
RELIANCE,2026-09-03,1563.822429,1589.889743,1552.069930,1578.030467,23974472
RELIANCE,2026-09-04,1568.637623,1585.865731,1526.644127,1543.597220,16634086
RELIANCE,2026-09-07,1561.210636,1577.534909,1481.202401,1496.853748,96398104
RELIANCE,2026-09-08,1497.915681,1512.480693,1420.991454,1434.944161,26170063
RELIANCE,2026-09-09,1431.056666,1498.594371,1408.453037,1475.292042,49957033
RELIANCE,2026-09-10,1477.417300,1498.445461,1424.872543,1445.445650,63141503
RELIANCE,2026-09-11,1446.088877,1472.354527,1411.823405,1437.941064,29178912
RELIANCE,2026-09-14,1455.917216,1471.301051,1378.440407,1393.161135,35609090
RELIANCE,2026-09-15,1404.485071,1431.175946,1356.825220,1383.109880,123966594
RELIANCE,2026-09-16,1378.509177,1435.470083,1356.578589,1412.990928,35761835
RELIANCE,2026-09-17,1414.159380,1428.400525,1371.318087,1385.268288,58325376
RELIANCE,2026-09-18,1382.064990,1395.143896,1334.333669,1347.081517,15191536
RELIANCE,2026-09-21,1349.428927,1406.835877,1329.977838,1386.845454,134098721
RELIANCE,2026-09-22,1399.989739,1423.229534,1308.161877,1330.243892,147581331
RELIANCE,2026-09-23,1327.675531,1385.885511,1322.259307,1380.254792,32672430
NTPC,2025-10-07,347.885385,358.492765,342.659545,353.187282,142746047
NTPC,2025-10-08,350.942110,372.134031,345.590609,366.544607,117158449
NTPC,2025-10-09,365.958029,372.867138,352.595163,359.380083,123993222
NTPC,2025-10-10,357.904896,371.603555,354.010478,367.603604,7598780
NTPC,2025-10-13,363.810391,366.027708,349.374372,351.516763,115044374
NTPC,2025-10-14,351.487282,357.232195,347.852931,353.576245,29289329
NTPC,2025-10-15,354.504094,360.820286,346.923933,353.217197,25623138
NTPC,2025-10-16,354.565163,359.132346,344.078669,348.568610,138319424
NTPC,2025-10-17,348.331429,352.907996,337.532937,342.026668,110139666
NTPC,2025-10-20,340.980738,345.838010,335.267689,340.112594,35327578
NTPC,2025-10-21,337.526029,339.526442,324.970249,326.907731,51400270
NTPC,2025-10-22,326.262294,334.644702,322.365102,330.694566,3848918
NTPC,2025-10-23,332.494274,347.952986,329.450560,344.796653,65184888
NTPC,2025-10-24,342.240649,353.119211,337.895789,348.692444,18753685
NTPC,2025-10-27,350.973839,366.396280,346.716514,362.005146,77942958
NTPC,2025-10-28,362.590360,365.282773,349.291065,351.904127,54562671
NTPC,2025-10-29,350.108456,356.082122,346.156074,352.107177,43310354
NTPC,2025-10-30,351.878796,357.981242,341.701857,347.732394,26959362
NTPC,2025-10-31,349.833497,357.014142,334.589654,341.601327,38770002
NTPC,2025-11-03,340.530538,344.377412,333.806029,337.620025,11834284
NTPC,2025-11-04,337.279989,348.583815,330.205558,341.422495,137335524
NTPC,2025-11-05,344.669378,348.630440,333.819996,337.700974,16943076
NTPC,2025-11-06,339.425424,348.648919,338.743298,347.949662,7232749
NTPC,2025-11-07,345.889995,349.183173,337.889416,341.137345,7901846
NTPC,2025-11-10,341.011071,345.239315,326.720302,330.822213,135865314
NTPC,2025-11-11,331.878419,336.929003,327.798327,332.837125,44148663
NTPC,2025-11-12,330.988520,331.780281,326.292697,327.075097,59103969
NTPC,2025-11-13,328.705278,332.321038,327.197544,330.803679,82599453
NTPC,2025-11-14,328.225107,331.912091,323.312045,326.985100,117190841
NTPC,2025-11-17,324.397479,328.457980,313.737915,317.714768,30842491
NTPC,2025-11-18,315.509899,321.515848,311.593022,317.573354,3076767
NTPC,2025-11-19,318.090246,322.708217,306.994296,311.516836,135552072
NTPC,2025-11-20,316.773728,318.325998,315.782583,317.333102,77383762
NTPC,2025-11-21,317.074507,318.959785,298.648941,300.435286,110778611
NTPC,2025-11-24,300.513080,311.623071,296.166875,307.180439,139951352
NTPC,2025-11-25,311.608330,323.295944,307.145570,318.731172,99853659
NTPC,2025-11-26,317.310775,325.859806,313.549523,322.042466,51896738
NTPC,2025-11-27,322.839899,337.461384,319.464598,333.969720,47443400
NTPC,2025-11-28,335.269610,338.611180,320.251815,323.475838,80131610
NTPC,2025-12-01,323.738438,332.498688,321.999039,330.721769,107754123
NTPC,2025-12-02,332.768744,335.247949,327.383649,329.841043,12039869
NTPC,2025-12-03,332.367942,336.850837,327.141128,331.613852,148720403
NTPC,2025-12-04,328.054104,333.304265,321.651660,326.883080,34052088
NTPC,2025-12-05,325.395350,336.579565,321.959017,333.062266,49764479
NTPC,2025-12-08,332.833828,339.578239,326.411440,333.149754,130688453
NTPC,2025-12-09,331.275122,346.605305,325.562390,340.729535,33391157
NTPC,2025-12-10,338.126789,348.533702,333.605455,343.934706,130149014
NTPC,2025-12-11,343.947885,345.108740,326.606966,327.713027,68635140
NTPC,2025-12-12,326.701863,332.072522,318.765614,324.093393,99760867
NTPC,2025-12-15,323.475233,329.106033,317.892735,323.522715,35935940
NTPC,2025-12-16,322.027325,326.976806,314.502991,319.412280,29535393
NTPC,2025-12-17,319.301707,322.837662,316.251752,319.783109,63493360
NTPC,2025-12-18,318.261919,321.538775,308.270429,311.477431,106675939
NTPC,2025-12-19,311.516509,315.831101,307.602187,311.911811,144311727
NTPC,2025-12-22,318.045567,321.920024,304.476949,308.231854,78654471
NTPC,2025-12-23,309.968342,312.818535,292.706285,295.422730,127277194
NTPC,2025-12-24,295.230367,303.490892,291.116075,299.319613,59687414
NTPC,2025-12-25,298.942453,301.802116,294.520015,297.364584,25189057
NTPC,2025-12-26,295.344154,314.776209,294.506866,313.886354,71612538
NTPC,2025-12-29,310.092758,320.132252,305.637348,315.597747,40392341
NTPC,2025-12-30,315.364213,317.437318,312.215325,314.281310,31576002
NTPC,2025-12-31,316.439044,321.943016,306.728471,312.157980,105340038
NTPC,2026-01-01,313.882226,319.333220,295.260784,300.479012,84950687
NTPC,2026-01-02,300.482062,306.534886,293.811280,299.851400,78837184
NTPC,2026-01-05,302.244639,306.574605,299.029028,303.347263,130113232
NTPC,2026-01-06,301.644677,304.866869,287.494797,290.598999,55327218
NTPC,2026-01-07,289.509672,294.976271,287.123992,292.565411,89569401
NTPC,2026-01-08,292.956416,298.583816,291.320172,296.925404,55666202
NTPC,2026-01-09,297.492038,303.653006,279.708026,285.623194,98771280
NTPC,2026-01-12,285.108123,288.979005,274.126694,277.899708,97935234
NTPC,2026-01-13,275.873565,280.360491,265.561235,269.951848,26900126
NTPC,2026-01-14,271.317939,280.887726,268.562399,278.063676,41482161
NTPC,2026-01-15,280.861850,284.944859,275.001376,279.058164,44611717
NTPC,2026-01-16,281.118549,290.808185,278.881838,288.512643,104387672
NTPC,2026-01-19,287.320677,300.725586,284.447927,297.748574,100113131
NTPC,2026-01-20,297.781269,298.917391,285.506723,286.600187,94972423
NTPC,2026-01-21,286.364450,291.611607,274.331732,279.452234,139979106
NTPC,2026-01-22,278.611063,287.490982,275.638940,284.456502,139963893
NTPC,2026-01-23,285.499830,288.532012,273.206044,276.138806,21741071
NTPC,2026-01-26,276.201388,288.678295,273.312809,285.690476,7695527
NTPC,2026-01-27,287.028507,290.794690,280.077074,283.800907,107529189
NTPC,2026-01-28,281.708125,285.263832,273.071038,276.561788,140033781
NTPC,2026-01-29,276.222654,286.933932,271.486563,282.097118,81660347
NTPC,2026-01-30,279.772226,283.381191,274.810707,278.401996,101128086
NTPC,2026-02-02,280.010111,284.897857,276.473751,281.344643,58103319
NTPC,2026-02-03,281.841779,292.325041,276.920934,287.308745,10585497
NTPC,2026-02-04,287.396720,294.471939,283.379534,290.412598,108548083
NTPC,2026-02-05,288.631062,292.941938,284.579478,288.886764,110725308
NTPC,2026-02-06,291.665070,302.818233,288.377521,299.443013,31247034
NTPC,2026-02-09,300.639442,314.106628,294.361312,307.681442,99545630
NTPC,2026-02-10,309.362904,312.555432,298.009487,301.116919,80868339
NTPC,2026-02-11,300.624475,309.316442,297.131679,305.763933,143873429
NTPC,2026-02-12,308.671149,320.569164,307.558301,319.417572,21008660
NTPC,2026-02-13,318.459392,327.199703,314.843851,323.526633,57017963
NTPC,2026-02-16,324.757483,327.298480,322.182944,324.723676,23309781
NTPC,2026-02-17,322.870355,328.584626,311.992859,317.614103,80516163
NTPC,2026-02-18,315.816538,327.513502,307.970991,319.574597,117419581
NTPC,2026-02-19,318.336618,321.861446,311.698712,315.188685,112971436
NTPC,2026-02-20,314.533195,321.874630,311.999533,319.302550,68551441
NTPC,2026-02-23,317.658623,327.767431,311.733105,321.765307,4157000
NTPC,2026-02-24,318.346797,321.389516,309.507711,312.494494,65856424
NTPC,2026-02-25,309.998164,322.078105,307.527188,319.531142,146951847
NTPC,2026-02-26,317.881313,322.353610,306.066089,310.433604,34110829
NTPC,2026-02-27,311.438690,320.481758,307.412101,316.391139,101754599
NTPC,2026-03-02,317.613355,322.159040,315.848598,320.378916,77396571
NTPC,2026-03-03,319.550105,324.430615,315.899723,320.766339,46945828
NTPC,2026-03-04,316.742906,320.597101,310.269042,314.090968,23243032
NTPC,2026-03-05,312.991988,321.103705,307.956573,316.019582,105682483
NTPC,2026-03-06,313.732835,318.423589,309.157406,313.846502,38381484
NTPC,2026-03-09,315.829024,317.421674,306.410882,307.963871,38408765
NTPC,2026-03-10,306.466789,309.851580,301.343046,304.708417,105786965
NTPC,2026-03-11,306.368949,310.164406,301.580767,305.363771,32060998
NTPC,2026-03-12,302.624385,304.970838,288.265069,290.517651,75755835
NTPC,2026-03-13,288.879206,289.825042,285.485422,286.423217,111460059
NTPC,2026-03-16,284.739126,295.436953,279.219336,289.818693,53107927
NTPC,2026-03-17,289.450226,293.499539,277.412977,281.348956,134862071
NTPC,2026-03-18,286.792865,288.094609,284.351306,285.647853,9189604
NTPC,2026-03-19,289.409988,290.163040,284.400451,285.142399,33152553
NTPC,2026-03-20,286.554128,288.533176,284.663353,286.641823,74143246
NTPC,2026-03-23,288.766671,294.646122,284.717995,290.572132,77239604
NTPC,2026-03-24,288.466119,293.593626,283.484652,288.609679,87176143
NTPC,2026-03-25,290.689479,298.115053,286.414612,293.794523,89353991
NTPC,2026-03-26,295.458114,299.010711,282.014790,285.447013,108326183
NTPC,2026-03-27,285.632348,288.415120,282.438829,285.217560,108544119
NTPC,2026-03-30,285.731913,290.597413,273.735378,278.477346,16595933
NTPC,2026-03-31,281.276822,283.506576,271.802799,273.974668,126098283
NTPC,2026-04-01,273.243300,275.290642,262.353192,264.333778,62468241
NTPC,2026-04-02,264.108424,265.225606,257.608686,258.703003,71174420
NTPC,2026-04-03,260.222332,262.389788,250.116930,252.217714,35690524
NTPC,2026-04-06,251.073309,253.586807,248.364676,250.876201,37923601
NTPC,2026-04-07,249.349015,252.795942,246.346632,249.788270,95664704
NTPC,2026-04-08,250.260234,258.118387,246.004887,253.802804,142256586
NTPC,2026-04-09,253.564616,259.644902,250.518530,256.562798,122358407
NTPC,2026-04-10,252.733788,267.750149,250.954273,265.878084,17846076
NTPC,2026-04-13,263.494408,277.243812,262.901135,276.620984,67290869
NTPC,2026-04-14,277.283439,279.874089,270.030186,272.576863,14994856
NTPC,2026-04-15,270.666006,279.787768,265.483338,274.531092,2386943
NTPC,2026-04-16,274.648283,281.940040,255.958279,262.939166,54238541
NTPC,2026-04-17,259.942859,276.786498,257.634456,274.350152,81934128
NTPC,2026-04-20,272.870657,279.161123,271.372623,277.636922,8613850
NTPC,2026-04-21,278.919699,283.160233,270.112560,274.282594,120879121
NTPC,2026-04-22,274.879374,276.541964,272.677460,274.336769,122473482
NTPC,2026-04-23,273.779905,278.054947,270.569586,274.832288,20031544
NTPC,2026-04-24,275.839507,276.592955,270.237933,270.978103,7807300
NTPC,2026-04-27,274.322205,279.026622,266.257443,270.903227,63030400
NTPC,2026-04-28,272.522692,276.441923,264.434464,268.292864,139888273
NTPC,2026-04-29,268.474883,270.740131,265.007769,267.262789,45815481
NTPC,2026-04-30,269.687487,275.246795,265.121699,270.664466,129839298
NTPC,2026-05-01,271.791325,277.808877,262.082190,268.016159,54858530
NTPC,2026-05-04,269.718107,274.410301,267.055338,271.727693,109338351
NTPC,2026-05-05,271.812776,272.828695,268.633268,269.641069,71859259
NTPC,2026-05-06,270.918267,271.953758,266.674927,267.698110,62938213
NTPC,2026-05-07,268.980278,269.975076,260.813312,261.781486,26800390
NTPC,2026-05-08,261.469995,272.841483,256.258239,267.509347,130311071
NTPC,2026-05-11,268.236896,268.859798,265.241728,265.859107,125982644
NTPC,2026-05-12,264.318515,269.279471,260.560892,265.504981,20325408
NTPC,2026-05-13,268.290174,271.079101,262.765637,265.525828,66410605
NTPC,2026-05-14,264.018509,280.175078,258.177628,274.110923,66869518
NTPC,2026-05-15,273.148760,276.839899,261.371849,264.952227,132393202
NTPC,2026-05-18,266.180639,267.822206,264.230323,265.869974,70743314
NTPC,2026-05-19,267.276358,270.700649,264.361211,267.780008,78903064
NTPC,2026-05-20,267.333542,271.861269,251.289767,255.619091,101257437
NTPC,2026-05-21,255.333665,258.086313,243.153399,245.803304,103534329
NTPC,2026-05-22,248.023421,252.585481,240.042730,244.540731,71726804
NTPC,2026-05-25,242.329478,251.258382,237.712994,246.561280,9056232
NTPC,2026-05-26,244.031010,250.103301,238.256421,244.321830,74920623
NTPC,2026-05-27,247.123806,249.695153,234.842909,237.312165,99495225
NTPC,2026-05-28,237.550818,250.019057,235.199973,247.569070,106345796
NTPC,2026-05-29,248.787295,252.146456,246.415473,249.765310,22002819
NTPC,2026-06-01,249.553567,252.296427,238.774382,241.427932,47910318
NTPC,2026-06-02,241.727590,243.220204,239.794897,241.284777,58368709
NTPC,2026-06-03,244.252062,245.537805,240.376909,241.648949,48700495
NTPC,2026-06-04,243.323752,246.743370,239.727863,243.144968,72927480
NTPC,2026-06-05,242.466724,248.206688,241.236149,246.953343,136243199
NTPC,2026-06-08,248.796907,252.853426,246.059201,250.101366,133858175
NTPC,2026-06-09,249.016356,260.719282,245.577974,257.168339,128698248
NTPC,2026-06-10,256.318917,268.391504,252.150615,264.096718,124636896
NTPC,2026-06-11,264.787692,265.083263,264.026895,264.321946,43041011
NTPC,2026-06-12,265.558829,267.867813,253.525372,255.749061,101361997
NTPC,2026-06-15,256.720958,258.077552,254.958246,256.312683,102969238
NTPC,2026-06-16,257.984923,259.298327,254.975242,256.279966,84294186
NTPC,2026-06-17,254.981990,255.813484,253.773291,254.603551,76836340
NTPC,2026-06-18,255.600722,265.881630,252.323053,262.515293,123811369
NTPC,2026-06-19,263.467619,264.471625,252.900817,253.868242,127188218
NTPC,2026-06-22,251.061278,255.580231,248.078916,252.579830,27356885
NTPC,2026-06-23,252.718737,262.862414,250.908427,260.992834,21942169
NTPC,2026-06-24,261.928588,267.148218,252.856049,257.997339,113095300
NTPC,2026-06-25,258.056440,262.793682,254.102979,258.828394,149975400
NTPC,2026-06-26,259.007975,264.606743,253.637326,259.231460,119034064
NTPC,2026-06-29,261.522599,267.337748,247.959136,253.598078,93470275
NTPC,2026-06-30,255.499178,259.844546,252.065035,256.398317,109438451
NTPC,2026-07-01,256.944283,265.280067,252.371680,260.641665,114885910
NTPC,2026-07-02,261.050955,264.000333,252.303226,255.186345,41112155
NTPC,2026-07-03,254.385298,256.509346,249.583465,251.684966,105648865
NTPC,2026-07-06,252.319812,259.468891,246.730697,253.845970,21914531
NTPC,2026-07-07,253.617381,265.386730,247.735069,259.370971,64455091
NTPC,2026-07-08,258.540586,263.593178,255.912346,260.940541,147831560
NTPC,2026-07-09,262.925113,266.885891,254.027528,257.912798,102347036
NTPC,2026-07-10,258.534131,265.269289,254.879031,261.571251,14389909
NTPC,2026-07-13,262.856883,264.253719,257.057809,258.431126,79611771
NTPC,2026-07-14,256.870215,258.106034,256.795994,258.031477,134598262
NTPC,2026-07-15,258.815858,264.935835,255.226267,261.311629,145009569
NTPC,2026-07-16,259.863008,261.586252,257.657855,259.377881,95946025
NTPC,2026-07-17,261.562824,269.918885,258.635638,266.931616,120592251
NTPC,2026-07-20,266.190748,269.577629,264.776209,268.152664,16086315
NTPC,2026-07-21,269.177511,272.426161,258.787334,261.948740,104842309
NTPC,2026-07-22,262.438797,264.880572,258.211252,260.636256,84991353
NTPC,2026-07-23,261.848952,262.756833,260.834894,261.742405,24742033
NTPC,2026-07-24,262.196290,265.647388,254.835138,258.234084,96077591
NTPC,2026-07-27,258.047533,260.656953,255.344671,257.953137,58906200
NTPC,2026-07-28,258.628770,266.095686,255.948565,263.366384,119716439
NTPC,2026-07-29,262.821015,267.599077,256.275716,261.021055,107380396
NTPC,2026-07-30,260.391557,264.068054,254.914776,258.565491,16122586
NTPC,2026-07-31,262.370808,264.160265,251.793102,253.522208,65673059
NTPC,2026-08-03,253.389933,257.884807,244.159211,248.568559,83144388
NTPC,2026-08-04,247.220535,252.251047,243.317685,248.330671,57874222
NTPC,2026-08-05,248.480223,259.568533,243.065969,254.033281,113401079
NTPC,2026-08-06,252.422941,269.491373,246.528655,263.342114,114536158
NTPC,2026-08-07,261.277931,268.581568,258.071457,265.325422,32312476
NTPC,2026-08-10,266.985062,278.425625,261.465689,272.786323,139307503
NTPC,2026-08-11,273.326901,286.803641,268.394263,281.719543,113413700
NTPC,2026-08-12,283.933136,295.848993,278.273054,290.066643,45070856
NTPC,2026-08-13,291.618952,303.745055,288.084005,300.107215,113332344
NTPC,2026-08-14,302.724692,319.264868,296.353826,312.684400,35363055
NTPC,2026-08-17,311.719076,318.047268,307.686562,313.985437,35522918
NTPC,2026-08-18,312.681576,316.718976,301.012152,304.949717,28882799
NTPC,2026-08-19,304.039820,315.698767,302.948335,314.569482,132518562
NTPC,2026-08-20,316.158324,321.312593,309.981896,315.119225,49564792
NTPC,2026-08-21,318.217256,322.452007,311.564221,315.766356,117210923
NTPC,2026-08-24,318.471619,321.892209,310.536759,313.908336,16412122
NTPC,2026-08-25,313.410014,319.795381,310.293971,316.647153,67371073
NTPC,2026-08-26,318.218045,321.308665,307.970584,310.991013,74621103
NTPC,2026-08-27,311.615160,317.825037,291.836969,297.770958,17775693
NTPC,2026-08-28,296.950307,300.566881,289.095159,292.659476,34012742
NTPC,2026-08-31,290.093645,311.185855,285.714222,306.557878,33361507
NTPC,2026-09-01,308.508698,313.904052,305.160146,310.533523,126184552
NTPC,2026-09-02,311.773380,313.209703,307.812786,309.237426,57936523
NTPC,2026-09-03,309.354703,324.362114,303.586020,318.424305,24932830
NTPC,2026-09-04,319.834487,323.457972,313.539755,317.132631,143305225
NTPC,2026-09-07,317.700352,320.574863,307.322059,310.128057,67536688
NTPC,2026-09-08,309.968993,315.550750,296.192179,301.623657,105395120
NTPC,2026-09-09,302.288466,307.790082,290.320204,295.701945,111346009
NTPC,2026-09-10,291.980909,296.232779,288.099640,292.346647,108209648
NTPC,2026-09-11,296.345207,301.958073,281.169507,286.597753,146802605
NTPC,2026-09-14,286.373058,289.144749,272.272611,274.933585,90913091
NTPC,2026-09-15,276.896344,281.193036,275.078805,279.359330,24307331
NTPC,2026-09-16,275.873220,288.108795,272.806135,284.940898,3128059
NTPC,2026-09-17,281.036645,288.890749,277.738640,285.539898,19398688
NTPC,2026-09-18,284.233690,289.661645,275.208954,280.566885,70486432
NTPC,2026-09-21,279.412723,281.871470,271.740607,274.153071,12994772
NTPC,2026-09-22,274.669306,282.519135,271.417451,279.213481,102802244
NTPC,2026-09-23,279.517185,284.165653,277.638206,282.268181,129667005
TATAPOWER,2025-10-07,401.674170,407.637229,394.372633,400.315522,13163777
TATAPOWER,2025-10-08,403.285401,410.528764,388.599882,395.707132,135347626
TATAPOWER,2025-10-09,392.313810,396.460419,388.021621,392.166675,18272638
TATAPOWER,2025-10-10,394.429796,397.985164,379.538209,382.990464,55430474
TATAPOWER,2025-10-13,384.800153,395.120319,378.925807,389.179124,8430708
TATAPOWER,2025-10-14,387.485586,394.435159,372.249700,379.047943,102103387
TATAPOWER,2025-10-15,380.340446,387.932049,375.681324,383.237438,30017191
TATAPOWER,2025-10-16,383.130638,396.480483,378.841924,392.091463,113232213
TATAPOWER,2025-10-17,390.203368,395.900469,380.557695,386.196292,93441120
TATAPOWER,2025-10-20,383.657886,414.063592,379.344073,409.459667,143153924
TATAPOWER,2025-10-21,408.499132,412.931647,401.905469,406.314276,83975035
TATAPOWER,2025-10-22,402.803717,428.892677,397.652705,423.477293,99771874
TATAPOWER,2025-10-23,422.475197,428.909724,416.151738,422.584627,142514001
TATAPOWER,2025-10-24,425.380774,430.219988,411.112788,415.843505,112502635
TATAPOWER,2025-10-27,420.618278,427.074697,402.812259,409.091748,52905742
TATAPOWER,2025-10-28,410.220265,413.923050,404.730332,408.416838,1487389
TATAPOWER,2025-10-29,409.488092,413.147187,404.512385,408.159609,86989019
TATAPOWER,2025-10-30,409.653294,425.583834,402.459886,418.239652,52003038
TATAPOWER,2025-10-31,418.599103,437.476655,412.925916,431.626904,123796487
TATAPOWER,2025-11-03,437.383506,441.599365,425.083282,429.220458,135714928
TATAPOWER,2025-11-04,425.567092,432.402498,412.775855,419.514038,36913250
TATAPOWER,2025-11-05,418.470919,429.522321,409.103634,420.118164,30539367
TATAPOWER,2025-11-06,416.642796,422.965558,401.423957,407.609636,142822270
TATAPOWER,2025-11-07,409.614996,414.703460,401.160014,406.206132,117592014
TATAPOWER,2025-11-10,402.595790,422.111745,395.225248,414.522847,26453248
TATAPOWER,2025-11-11,420.774516,425.957780,394.247403,399.164466,114444416
TATAPOWER,2025-11-12,401.050937,406.286450,387.985118,393.117058,122548135
TATAPOWER,2025-11-13,393.289563,399.399218,382.074626,388.103720,132469155
TATAPOWER,2025-11-14,386.225000,389.749250,381.713226,385.228381,36267618
TATAPOWER,2025-11-17,382.577519,385.538307,362.740191,365.569351,64090046
TATAPOWER,2025-11-18,365.445707,370.526645,354.623008,359.622991,131561886
TATAPOWER,2025-11-19,360.555913,363.371232,339.892008,342.566864,43845790
TATAPOWER,2025-11-20,341.872284,344.177768,338.223942,340.520309,97219370
TATAPOWER,2025-11-21,336.498346,339.289564,331.809411,334.584756,57271711
TATAPOWER,2025-11-24,329.326202,333.820092,327.694950,332.174731,84286006
TATAPOWER,2025-11-25,327.462742,344.655772,322.101347,339.103785,72048290
TATAPOWER,2025-11-26,339.587045,342.895188,331.484494,334.745473,92449827
TATAPOWER,2025-11-27,337.707834,346.222562,329.166516,337.680556,41127595
TATAPOWER,2025-11-28,339.397045,342.232978,337.081541,339.913947,31314401
TATAPOWER,2025-12-01,342.524829,343.274455,341.456440,342.205367,96025177
TATAPOWER,2025-12-02,344.337334,350.532949,339.146978,345.327665,79520911
TATAPOWER,2025-12-03,347.633012,353.407833,343.782804,349.536543,93594337
TATAPOWER,2025-12-04,346.977844,364.982941,344.598014,362.496672,68951555
TATAPOWER,2025-12-05,363.939074,379.540560,360.711097,376.203801,126630771
TATAPOWER,2025-12-08,375.344047,379.047602,373.259099,376.953712,131353387
TATAPOWER,2025-12-09,377.846146,392.205044,375.082729,389.357439,76809891
TATAPOWER,2025-12-10,388.895507,396.523826,384.326561,391.919354,74255777
TATAPOWER,2025-12-11,386.485039,392.412010,383.763718,389.668275,36442012
TATAPOWER,2025-12-12,388.170960,393.652829,377.931121,383.344834,80067746
TATAPOWER,2025-12-15,384.380932,387.767617,372.533898,375.845378,105696176
TATAPOWER,2025-12-16,374.388856,378.109149,366.789414,370.470773,118504106
TATAPOWER,2025-12-17,370.383207,373.214583,368.802574,371.628635,52567954
TATAPOWER,2025-12-18,371.300255,376.332375,360.860696,365.818523,129688757
TATAPOWER,2025-12-19,367.488802,372.789701,350.866662,356.001866,128623922
TATAPOWER,2025-12-22,358.463205,363.959206,348.544953,353.972096,104968331
TATAPOWER,2025-12-23,355.677598,358.560272,353.962813,356.839883,62810950
TATAPOWER,2025-12-24,358.051551,362.999765,347.329461,352.196764,141199426
TATAPOWER,2025-12-25,351.363591,373.237642,346.839380,368.492872,17111912
TATAPOWER,2025-12-26,366.953213,379.836219,362.211828,374.990978,31580486
TATAPOWER,2025-12-29,377.973704,383.909636,371.018142,376.937805,110150112
TATAPOWER,2025-12-30,377.440845,383.952156,365.113759,371.522979,21304210
TATAPOWER,2025-12-31,371.571521,374.086776,371.241369,373.754684,70599183
TATAPOWER,2026-01-01,374.553379,379.681308,366.400281,371.486218,93761900
TATAPOWER,2026-01-02,370.587049,376.974600,366.511395,372.873795,24859940
TATAPOWER,2026-01-05,377.317274,385.945155,371.759258,380.342575,19350443
TATAPOWER,2026-01-06,379.523363,386.169029,358.651691,365.043811,72415518
TATAPOWER,2026-01-07,365.042761,370.427379,360.292767,365.669234,9551517
TATAPOWER,2026-01-08,361.895179,369.021205,356.582307,363.682099,4708660
TATAPOWER,2026-01-09,367.185406,370.451636,362.659662,365.914589,69954178
TATAPOWER,2026-01-12,366.783984,377.178218,365.146428,375.501740,56405289
TATAPOWER,2026-01-13,370.533044,376.981317,366.053377,372.478134,135883265
TATAPOWER,2026-01-14,370.894268,375.203878,354.836177,359.007670,17831511
TATAPOWER,2026-01-15,359.156854,370.211463,352.131765,363.109070,55266762
TATAPOWER,2026-01-16,363.514177,369.421392,360.811363,366.694929,46377777
TATAPOWER,2026-01-19,368.645880,385.803866,365.015956,382.042036,10451095
TATAPOWER,2026-01-20,384.652499,387.722332,375.899692,378.923805,84831698
TATAPOWER,2026-01-21,380.378345,392.528787,377.383799,389.462724,36615604
TATAPOWER,2026-01-22,389.744071,393.132685,382.814533,386.172090,22436818
TATAPOWER,2026-01-23,382.798497,403.272808,375.922420,396.156780,93206071
TATAPOWER,2026-01-26,397.388085,403.112949,372.417972,377.861531,33915918
TATAPOWER,2026-01-27,383.089937,385.319575,371.071142,373.243473,83106309
TATAPOWER,2026-01-28,376.546251,379.382648,364.950893,367.720811,1188871
TATAPOWER,2026-01-29,365.463096,372.617041,362.461967,369.582087,122914913
TATAPOWER,2026-01-30,370.098688,377.241074,366.959850,374.068566,19915122
TATAPOWER,2026-02-02,370.305361,379.570010,364.477712,373.689110,75560358
TATAPOWER,2026-02-03,374.382693,377.432968,371.705845,374.753468,140461913
TATAPOWER,2026-02-04,378.518172,381.797328,360.223338,363.371274,110712415
TATAPOWER,2026-02-05,363.028873,371.995549,357.955213,366.868230,75628488
TATAPOWER,2026-02-06,367.898544,371.012909,357.282723,360.333044,59441938
TATAPOWER,2026-02-09,362.721645,367.860332,350.783029,355.823997,74372203
TATAPOWER,2026-02-10,354.639819,367.681352,347.150944,360.077647,149184510
TATAPOWER,2026-02-11,361.001893,365.863223,353.222685,358.044186,109937555
TATAPOWER,2026-02-12,359.807479,363.253819,352.753854,356.165308,138201788
TATAPOWER,2026-02-13,355.509193,360.396793,334.820939,339.488281,6568724
TATAPOWER,2026-02-16,340.207745,350.425793,338.416594,348.590508,132737383
TATAPOWER,2026-02-17,349.198350,351.916883,336.983793,339.627819,76575580
TATAPOWER,2026-02-18,338.866576,341.224751,333.968661,336.309039,117308590
TATAPOWER,2026-02-19,336.140405,340.054017,333.961765,337.864205,145028670
TATAPOWER,2026-02-20,338.551739,345.138601,326.573077,333.052955,7920141
TATAPOWER,2026-02-23,332.869013,338.514149,328.037381,333.670877,117435142
TATAPOWER,2026-02-24,336.224467,340.011251,334.257865,338.034065,16916414
TATAPOWER,2026-02-25,334.605009,347.519078,331.036357,343.851807,102361572
TATAPOWER,2026-02-26,339.553811,342.219031,331.497565,334.120135,105074695
TATAPOWER,2026-02-27,331.472083,339.983181,325.645729,334.110452,32706710
TATAPOWER,2026-03-02,333.020500,345.277029,328.681803,340.836502,126417388
TATAPOWER,2026-03-03,340.756578,343.290018,333.430089,335.927627,18095687
TATAPOWER,2026-03-04,335.807188,343.562024,330.897589,338.611426,26721656
TATAPOWER,2026-03-05,340.748004,346.395691,329.645624,335.201380,100050383
TATAPOWER,2026-03-06,336.244519,339.292185,331.488838,334.520881,126086475
TATAPOWER,2026-03-09,333.357210,339.259776,332.419062,338.307696,57155547
TATAPOWER,2026-03-10,340.377804,344.658765,325.932056,330.083546,126060120
TATAPOWER,2026-03-11,329.179850,335.456024,325.646861,331.893906,99315473
TATAPOWER,2026-03-12,335.375707,336.134505,320.806731,321.534212,82445241
TATAPOWER,2026-03-13,324.052665,334.496353,321.855910,332.244068,39333295
TATAPOWER,2026-03-16,334.035149,335.557852,328.428329,329.932330,95622542
TATAPOWER,2026-03-17,330.934707,346.122526,326.246410,341.287562,1449694
TATAPOWER,2026-03-18,340.576192,359.722610,333.809404,352.714647,24326038
TATAPOWER,2026-03-19,352.967863,361.761605,348.072477,356.812892,80510824
TATAPOWER,2026-03-20,355.569203,360.001334,343.463271,347.798541,113219647
TATAPOWER,2026-03-23,348.148757,362.975885,343.550938,358.244734,143895050
TATAPOWER,2026-03-24,359.999498,367.162860,357.831981,364.965444,31012129
TATAPOWER,2026-03-25,361.421747,366.622688,353.807153,358.972854,104300529
TATAPOWER,2026-03-26,362.049715,371.085068,357.457436,366.437139,43510923
TATAPOWER,2026-03-27,372.931976,375.346385,365.693105,368.076076,3112398
TATAPOWER,2026-03-30,371.000875,375.259695,363.079632,367.295922,111151340
TATAPOWER,2026-03-31,365.670769,380.725409,359.634970,374.543161,90245880
TATAPOWER,2026-04-01,375.119811,381.394006,369.592816,375.856161,34120828
TATAPOWER,2026-04-02,375.170154,383.820001,342.870767,350.962487,44778177
TATAPOWER,2026-04-03,350.870132,355.026458,327.977219,331.908934,93487929
TATAPOWER,2026-04-06,330.049832,333.718090,325.287468,328.943428,73252792
TATAPOWER,2026-04-07,330.496392,337.063106,320.124741,326.614321,15112001
TATAPOWER,2026-04-08,327.271104,330.923235,319.676894,323.284538,111595190
TATAPOWER,2026-04-09,319.043110,325.505760,316.365034,322.796181,88938051
TATAPOWER,2026-04-10,323.767879,327.886950,312.243830,316.267478,97996305
TATAPOWER,2026-04-13,319.629215,329.057739,314.122634,323.484735,51075428
TATAPOWER,2026-04-14,322.912798,329.836086,319.576845,326.463452,24598441
TATAPOWER,2026-04-15,324.885741,334.848338,320.416484,330.304538,89724251
TATAPOWER,2026-04-16,328.168069,332.717573,324.539549,329.078981,58180292
TATAPOWER,2026-04-17,323.154883,331.918991,317.075345,325.789881,26925498
TATAPOWER,2026-04-20,326.726629,330.972517,322.586928,326.831488,145274739
TATAPOWER,2026-04-21,326.746823,329.988510,323.343383,326.583450,30749504
TATAPOWER,2026-04-22,324.035033,326.251484,315.611105,317.784803,1405494
TATAPOWER,2026-04-23,313.093949,319.207233,305.210572,311.288607,69992631
TATAPOWER,2026-04-24,310.698175,326.754130,305.041907,320.911920,147690400
TATAPOWER,2026-04-27,319.273912,321.664540,309.160820,311.493188,71894411
TATAPOWER,2026-04-28,313.492267,325.453882,310.898792,322.783542,61137220
TATAPOWER,2026-04-29,323.872013,326.086533,311.550743,313.695682,1210049
TATAPOWER,2026-04-30,311.386971,325.133891,307.284519,320.906028,93265075
TATAPOWER,2026-05-01,324.311054,332.900663,309.662296,318.087058,71953828
TATAPOWER,2026-05-04,315.286000,335.332419,311.991788,331.864985,90831049
TATAPOWER,2026-05-05,332.580763,342.082355,332.531879,342.032081,120612347
TATAPOWER,2026-05-06,344.072712,349.738733,331.748705,337.303249,6210575
TATAPOWER,2026-05-07,333.845087,341.367058,328.218804,335.709356,53827448
TATAPOWER,2026-05-08,333.931267,336.890281,326.683015,329.603682,21498911
TATAPOWER,2026-05-11,329.459520,329.711400,322.991396,323.238520,118025062
TATAPOWER,2026-05-12,322.551360,336.339920,315.419704,329.064262,122753349
TATAPOWER,2026-05-13,328.127275,333.208689,314.514946,319.462171,91590854
TATAPOWER,2026-05-14,316.328257,320.030036,303.858061,307.456014,89890566
TATAPOWER,2026-05-15,307.942807,314.120960,296.037854,302.098759,118093731
TATAPOWER,2026-05-18,301.457408,304.528719,292.482222,295.492765,2876254
TATAPOWER,2026-05-19,294.445088,295.987878,293.545999,295.086830,110573555
TATAPOWER,2026-05-20,297.686455,302.028533,280.235511,284.383553,125890944
TATAPOWER,2026-05-21,282.330438,295.967385,280.706612,294.274861,42032561
TATAPOWER,2026-05-22,296.029347,301.856289,288.811646,294.610664,122315840
TATAPOWER,2026-05-25,295.737487,303.566042,294.798117,302.604860,109127587
TATAPOWER,2026-05-26,299.716512,303.380144,298.544634,302.198561,90382835
TATAPOWER,2026-05-27,304.458787,307.040416,301.354881,303.932043,42242055
TATAPOWER,2026-05-28,303.395864,309.001942,299.408225,304.993307,116634708
TATAPOWER,2026-05-29,305.025990,315.141554,299.038873,309.074962,116543325
TATAPOWER,2026-06-01,309.612097,314.166983,302.474330,306.990651,37237505
TATAPOWER,2026-06-02,307.839483,310.514464,301.102352,303.741725,8363404
TATAPOWER,2026-06-03,304.247775,308.237924,298.256297,302.219850,43771388
TATAPOWER,2026-06-04,300.580413,308.351644,293.812904,301.562034,126177513
TATAPOWER,2026-06-05,301.840945,305.775860,296.354897,300.269324,6321337
TATAPOWER,2026-06-08,300.981174,307.295219,294.458329,300.767900,86498202
TATAPOWER,2026-06-09,299.547711,302.079606,286.892034,289.337629,104700495
TATAPOWER,2026-06-10,289.120050,291.730313,282.813281,285.389867,26517445
TATAPOWER,2026-06-11,287.048419,290.126021,275.387355,278.371932,12083798
TATAPOWER,2026-06-12,278.427848,279.954528,276.963217,278.489572,105739412
TATAPOWER,2026-06-15,278.587821,281.733090,271.723562,274.826364,71057689
TATAPOWER,2026-06-16,275.624649,291.380831,272.809963,288.435322,100325384
TATAPOWER,2026-06-17,290.660278,296.394660,284.942281,290.676346,51074144
TATAPOWER,2026-06-18,291.944522,293.798239,289.515689,291.365731,111594500
TATAPOWER,2026-06-19,291.076536,295.067271,279.643108,283.530382,4544329
TATAPOWER,2026-06-22,284.875811,292.193716,280.700316,287.972827,40604638
TATAPOWER,2026-06-23,290.294900,292.366635,283.517603,285.555515,56111404
TATAPOWER,2026-06-24,286.205980,293.993434,283.469716,291.209335,146737030
TATAPOWER,2026-06-25,289.116024,292.985014,286.974980,290.831267,61856721
TATAPOWER,2026-06-26,292.845495,296.976542,287.449297,291.562241,8251395
TATAPOWER,2026-06-29,292.070444,297.981232,288.223588,294.107545,62750649
TATAPOWER,2026-06-30,295.216401,298.069852,283.659541,286.428047,124682406
TATAPOWER,2026-07-01,284.441518,288.167476,283.634734,287.352435,76816929
TATAPOWER,2026-07-02,290.910217,293.364461,276.964547,279.321020,141228458
TATAPOWER,2026-07-03,278.310288,280.827189,270.273918,272.740448,70220029
TATAPOWER,2026-07-06,273.114953,275.618298,268.011678,270.490972,63458793
TATAPOWER,2026-07-07,269.426207,276.830832,266.839952,274.198764,107408850
TATAPOWER,2026-07-08,276.521338,279.739538,266.765904,269.907127,59879885
TATAPOWER,2026-07-09,269.556688,273.507206,265.681015,269.630472,48543594
TATAPOWER,2026-07-10,272.480631,280.783907,269.408273,277.653224,132400632
TATAPOWER,2026-07-13,278.085936,283.280882,265.035468,270.080870,76073360
TATAPOWER,2026-07-14,269.659639,273.893066,265.693829,269.923377,137712696
TATAPOWER,2026-07-15,270.503805,276.832186,265.366810,271.672987,3299522
TATAPOWER,2026-07-16,269.064910,277.782866,264.133099,272.782907,23274238
TATAPOWER,2026-07-17,270.260930,278.145706,265.486506,273.317290,107217493
TATAPOWER,2026-07-20,275.006392,277.683374,259.454024,262.004441,139019281
TATAPOWER,2026-07-21,261.120551,271.539032,256.543665,266.861520,30305680
TATAPOWER,2026-07-22,266.517141,270.743575,257.076950,261.219372,29020524
TATAPOWER,2026-07-23,261.935754,262.829865,254.234569,255.105365,127724184
TATAPOWER,2026-07-24,255.679607,262.401059,233.694650,240.004013,128110250
TATAPOWER,2026-07-27,239.800745,246.318459,238.146014,244.630401,127042750
TATAPOWER,2026-07-28,244.370127,245.710825,239.401403,240.722087,23309373
TATAPOWER,2026-07-29,239.808904,251.814383,237.549197,249.463699,46403293
TATAPOWER,2026-07-30,248.753815,259.534405,243.902416,254.569582,94675703
TATAPOWER,2026-07-31,255.560552,260.333207,247.183978,251.888048,127806716
TATAPOWER,2026-08-03,254.402087,257.426028,247.302445,250.277357,132765754
TATAPOWER,2026-08-04,252.295206,258.354588,250.151240,256.177630,133069689
TATAPOWER,2026-08-05,257.630203,261.140820,247.109359,250.523131,114185544
TATAPOWER,2026-08-06,248.332807,253.891718,246.390397,251.921240,87373098
TATAPOWER,2026-08-07,250.810508,254.242222,242.639631,246.005601,97518602
TATAPOWER,2026-08-10,245.772075,252.158663,237.797090,244.141300,101449657
TATAPOWER,2026-08-11,243.577857,250.043412,240.685475,247.109099,89982240
TATAPOWER,2026-08-12,248.097296,251.711284,242.418758,246.002227,133225160
TATAPOWER,2026-08-13,245.548935,252.764766,242.254449,249.418365,127540937
TATAPOWER,2026-08-14,249.174696,263.215720,245.428218,259.316750,63661948
TATAPOWER,2026-08-17,258.636071,261.729224,252.912187,255.973496,49196424
TATAPOWER,2026-08-18,255.602296,265.694640,254.500220,264.553967,4090001
TATAPOWER,2026-08-19,266.840782,271.482954,263.196343,267.825072,77339641
TATAPOWER,2026-08-20,269.494306,271.846512,262.448438,264.759316,103306953
TATAPOWER,2026-08-21,262.496526,272.394419,258.823146,268.635136,18645001
TATAPOWER,2026-08-24,269.756957,273.038790,263.980528,267.231639,108038535
TATAPOWER,2026-08-25,265.984768,266.888125,262.710052,263.605328,120466238
TATAPOWER,2026-08-26,261.589958,271.334106,258.737297,268.407103,70255688
TATAPOWER,2026-08-27,268.954384,272.961862,261.354027,265.307160,79504253
TATAPOWER,2026-08-28,262.975942,268.552298,261.937708,267.496218,110105285
TATAPOWER,2026-08-31,267.328592,271.051927,263.209877,266.927627,32175109
TATAPOWER,2026-09-01,265.647889,273.726964,262.944253,270.969170,21139356
TATAPOWER,2026-09-02,270.146460,275.593446,257.438234,262.735798,19932178
TATAPOWER,2026-09-03,259.678351,266.627890,255.575715,262.480976,43986864
TATAPOWER,2026-09-04,263.074329,268.839696,259.523241,265.259117,144149600
TATAPOWER,2026-09-07,265.755077,267.211819,264.551508,266.007109,35811336
TATAPOWER,2026-09-08,263.478386,278.678799,259.175377,274.200678,6970506
TATAPOWER,2026-09-09,272.928347,283.997712,269.326896,280.299001,93635042
TATAPOWER,2026-09-10,281.017650,283.553513,275.450821,277.959083,102704337
TATAPOWER,2026-09-11,276.443161,281.162781,253.598242,258.003040,11599641
TATAPOWER,2026-09-14,259.677917,270.122776,256.469840,266.826386,95359607
TATAPOWER,2026-09-15,268.532232,274.248252,248.361751,253.763399,126085011
TATAPOWER,2026-09-16,252.139489,255.222456,238.744331,241.699649,87762279
TATAPOWER,2026-09-17,244.684198,247.932536,235.179267,238.343427,51411751
TATAPOWER,2026-09-18,240.339480,245.860695,226.987187,232.324272,33962130
TATAPOWER,2026-09-21,230.595054,234.306008,220.384489,223.989135,2246117
TATAPOWER,2026-09-22,223.852316,225.440217,219.613763,221.182727,34024252
TATAPOWER,2026-09-23,218.270384,229.739396,217.215702,228.634634,48932722
HAL,2025-10-07,4513.198159,4916.200281,4404.925136,4801.022268,139530629
HAL,2025-10-08,4820.965130,4862.208586,4703.842505,4744.431212,118912170
HAL,2025-10-09,4769.361472,5050.110117,4678.770347,4955.974393,6979535
HAL,2025-10-10,4915.260655,4980.878171,4864.947679,4930.410124,101559458
HAL,2025-10-13,4885.555591,4961.696341,4746.636829,4821.783703,143244004
HAL,2025-10-14,4859.751655,4926.563796,4656.876823,4721.792291,105331425
HAL,2025-10-15,4728.560782,4795.839009,4672.676162,4739.821307,110623015
HAL,2025-10-16,4718.552987,4845.797008,4654.303601,4780.701388,68497371
HAL,2025-10-17,4829.072813,4960.185881,4743.576458,4873.895955,103136823
HAL,2025-10-20,4847.410033,4877.913347,4789.352144,4819.680968,20332189
HAL,2025-10-21,4826.409432,4909.783997,4731.305579,4814.473963,79834693
HAL,2025-10-22,4826.988280,4986.647164,4769.640633,4928.098267,89018463
HAL,2025-10-23,4946.703542,5069.021001,4904.599667,5026.240150,30272862
HAL,2025-10-24,5016.986843,5172.526365,4923.047745,5077.455048,50848190
HAL,2025-10-27,5072.670114,5128.510106,4803.539177,4857.005127,65309471
HAL,2025-10-28,4877.948810,4926.984411,4858.778632,4907.697323,107419819
HAL,2025-10-29,4904.922265,5095.287719,4814.520575,5003.076959,20759077
HAL,2025-10-30,4941.333394,5047.483981,4866.398551,4972.082826,84380168
HAL,2025-10-31,4956.108019,5009.556488,4836.239363,4888.963724,73689427
HAL,2025-11-03,4890.102051,5083.289641,4822.360472,5013.834028,125091998
HAL,2025-11-04,5030.598858,5103.537171,4926.543912,4999.024428,94279550
HAL,2025-11-05,4969.149825,5079.434126,4948.171694,5058.080558,145648851
HAL,2025-11-06,5040.439000,5049.321124,5007.830586,5016.670826,109128520
HAL,2025-11-07,4986.947588,5144.662430,4915.000374,5071.495435,94212060
HAL,2025-11-10,5001.554522,5122.724398,4921.005575,5041.531628,73260633
HAL,2025-11-11,5085.480220,5120.190135,4957.642506,4991.712429,36781570
HAL,2025-11-12,4975.635222,5073.282627,4750.798578,4845.899913,93855028
HAL,2025-11-13,4788.498717,4921.428772,4723.902891,4855.923401,100350363
HAL,2025-11-14,4880.369611,5158.493523,4778.479676,5052.999506,53354731
HAL,2025-11-17,5060.468940,5185.753298,4996.909308,5121.428018,144486422
HAL,2025-11-18,5121.189411,5175.127174,4921.048746,4973.430270,127324968
HAL,2025-11-19,4985.522622,5068.033066,4591.594518,4668.864263,26056437
HAL,2025-11-20,4653.256270,4856.877079,4607.188639,4809.264949,115143528
HAL,2025-11-21,4784.918325,4917.102128,4716.484794,4847.769702,32271856
HAL,2025-11-24,4858.765003,4983.220118,4766.158811,4890.018251,29905352
HAL,2025-11-25,4901.237396,5009.192016,4843.282788,4950.653092,127391870
HAL,2025-11-26,4947.737794,5005.774653,4800.453714,4857.431280,35151557
HAL,2025-11-27,4918.974989,4982.913940,4771.866346,4834.709984,47858029
HAL,2025-11-28,4798.847528,4845.865578,4679.699823,4726.004170,37822425
HAL,2025-12-01,4771.370828,4844.586653,4695.856970,4769.036983,91604050
HAL,2025-12-02,4759.160742,4953.177307,4754.225931,4948.046640,36160735
HAL,2025-12-03,4943.089697,5101.558573,4865.848752,5023.067885,46855891
HAL,2025-12-04,5024.118041,5158.363043,4975.144155,5108.565979,81020239
HAL,2025-12-05,5110.571835,5292.044274,5086.388665,5267.120318,47333003
HAL,2025-12-08,5318.715069,5380.446521,5250.516707,5312.172220,75750603
HAL,2025-12-09,5304.476404,5544.646659,5288.442510,5527.937307,43442730
HAL,2025-12-10,5503.403860,5665.792700,5449.944648,5611.285542,139035754
HAL,2025-12-11,5537.845250,5713.021381,5492.991826,5667.120897,93462345
HAL,2025-12-12,5651.276543,5801.180921,5569.878079,5718.809739,64116107
HAL,2025-12-15,5690.756722,5990.437310,5578.373890,5874.427294,128186882
HAL,2025-12-16,5833.795568,6092.696639,5771.594930,6028.420881,25516695
HAL,2025-12-17,6008.584013,6133.061275,5900.194279,6024.386478,1485146
HAL,2025-12-18,5986.830166,6221.953301,5938.636023,6172.266391,58810752
HAL,2025-12-19,6210.461025,6577.724801,6137.073383,6500.905046,86720635
HAL,2025-12-22,6470.467412,6621.896904,6442.363635,6593.259792,93818048
HAL,2025-12-23,6571.254613,6725.298724,6499.755066,6652.910705,65509643
HAL,2025-12-24,6693.789461,6774.322305,6638.245318,6718.572516,25704550
HAL,2025-12-25,6670.289408,6767.073099,6558.698183,6655.263858,47381103
HAL,2025-12-26,6615.606287,6766.786883,6552.908105,6703.257997,81693411
HAL,2025-12-29,6703.194151,6851.659197,6485.650153,6632.550556,122768598
HAL,2025-12-30,6702.818200,6797.495138,6498.440110,6591.545325,6067880
HAL,2025-12-31,6531.981958,6630.293412,6224.878151,6319.999096,18316105
HAL,2026-01-01,6324.068148,6480.799280,6307.372827,6463.735242,64189511
HAL,2026-01-02,6475.013405,6605.610348,6372.266901,6502.428812,97646512
HAL,2026-01-05,6477.373294,6517.513630,6006.288436,6043.741553,126785199
HAL,2026-01-06,6073.147032,6354.811337,5970.540864,6249.230232,86350321
HAL,2026-01-07,6266.994222,6392.209838,6143.910687,6269.085235,44303189
HAL,2026-01-08,6215.071585,6335.124175,6037.254275,6156.169082,30113001
HAL,2026-01-09,6176.900281,6218.772661,6105.933399,6147.607205,55277544
HAL,2026-01-12,6122.798987,6357.262919,6073.296399,6306.276919,110235719
HAL,2026-01-13,6306.765834,6514.885664,6243.148653,6449.825422,3993472
HAL,2026-01-14,6455.227001,6509.679883,6284.059111,6337.519071,124983506
HAL,2026-01-15,6293.653956,6373.548898,6063.076799,6141.034307,113638411
HAL,2026-01-16,6214.291594,6323.000983,5903.573350,6008.685988,137747824
HAL,2026-01-19,5990.911707,6071.872753,5919.445560,6000.294675,92065349
HAL,2026-01-20,5983.853483,6241.966598,5890.170210,6145.748692,2253369
HAL,2026-01-21,6173.832135,6315.974948,5800.923210,5937.627789,31958136
HAL,2026-01-22,5914.135969,6164.331706,5818.114878,6065.847448,13298244
HAL,2026-01-23,6045.327696,6186.508316,5969.653458,6110.024219,40636913
HAL,2026-01-26,6187.091362,6246.968245,5889.890619,5947.448305,75960964
HAL,2026-01-27,5956.105798,6071.987967,5768.592216,5883.053069,3061075
HAL,2026-01-28,5835.682526,5905.152265,5658.011053,5726.177208,137277912
HAL,2026-01-29,5707.810353,5789.414055,5630.359987,5711.908087,36643410
HAL,2026-01-30,5708.058791,5766.197601,5607.847438,5665.553312,101970371
HAL,2026-02-02,5660.694982,5717.856549,5591.498116,5648.536911,147616466
HAL,2026-02-03,5614.682091,5627.988393,5559.708313,5572.915632,131503450
HAL,2026-02-04,5571.218596,5643.681234,5270.319178,5339.771475,132050363
HAL,2026-02-05,5353.937976,5467.051456,5190.912747,5302.948975,71036198
HAL,2026-02-06,5324.128361,5426.810690,5111.884226,5212.411967,63277771
HAL,2026-02-09,5205.913136,5320.634830,4755.930920,4863.098066,36261444
HAL,2026-02-10,4884.712257,4940.100658,4660.201283,4713.649985,102556052
HAL,2026-02-11,4728.653703,4886.018533,4669.671718,4825.824507,100068833
HAL,2026-02-12,4796.566905,4864.389171,4767.565265,4835.154219,38704493
HAL,2026-02-13,4816.553569,4846.967503,4612.020803,4641.328284,78718055
HAL,2026-02-16,4700.474009,4782.513001,4501.134012,4581.089342,94123983
HAL,2026-02-17,4554.886937,4827.296727,4498.692037,4768.466832,90011530
HAL,2026-02-18,4753.423030,4819.227853,4602.753143,4667.366629,107696059
HAL,2026-02-19,4655.972895,4830.133580,4625.445040,4798.670101,145502828
HAL,2026-02-20,4776.284241,4905.863124,4738.009953,4866.862992,133916971
HAL,2026-02-23,4866.675869,4909.814215,4749.987750,4792.468319,65885961
HAL,2026-02-24,4782.758865,4900.399067,4650.451434,4767.721773,24516712
HAL,2026-02-25,4726.973005,5109.094416,4635.546765,5012.152410,98421588
HAL,2026-02-26,5091.994009,5200.433134,4991.431081,5099.717669,76938456
HAL,2026-02-27,5109.088491,5230.576363,4927.995074,5048.031074,65907602
HAL,2026-03-02,5005.933993,5220.280296,4918.003425,5130.167533,53875272
HAL,2026-03-03,5104.372324,5153.932446,5075.109656,5124.554079,75827380
HAL,2026-03-04,5126.308809,5191.234960,5066.566638,5131.433071,51282276
HAL,2026-03-05,5139.488668,5247.013416,4968.546183,5074.715799,134139285
HAL,2026-03-06,5094.491767,5177.293301,4964.963739,5046.993272,51937504
HAL,2026-03-09,5047.253713,5107.480508,4936.310659,4995.924969,81715150
HAL,2026-03-10,5013.553725,5042.888082,4927.996649,4957.000110,25311148
HAL,2026-03-11,4906.794132,4943.284103,4780.308621,4816.124316,132443357
HAL,2026-03-12,4829.150890,4992.105593,4760.337247,4921.969321,45435643
HAL,2026-03-13,4938.931021,5209.197557,4902.991953,5171.565679,122810892
HAL,2026-03-16,5155.476254,5342.467049,5084.111820,5269.523916,101805113
HAL,2026-03-17,5278.665939,5324.743541,5052.701713,5097.195253,27622398
HAL,2026-03-18,5104.105970,5370.168397,5045.761151,5309.476002,93862971
HAL,2026-03-19,5379.999285,5464.821819,5035.946829,5116.616804,20311907
HAL,2026-03-20,5106.380167,5183.148739,4974.529286,5050.457119,148252055
HAL,2026-03-23,5036.829696,5062.464696,4942.782658,4968.067693,80963338
HAL,2026-03-24,4957.353653,5012.776107,4690.421246,4743.452315,51491823
HAL,2026-03-25,4764.947793,4943.635832,4713.883946,4891.218795,64867829
HAL,2026-03-26,4868.607505,4942.188638,4840.056495,4913.375096,57556634
HAL,2026-03-27,4907.739074,4986.507790,4859.967137,4938.437039,127637993
HAL,2026-03-30,4939.409883,5098.685884,4875.384532,5033.441680,100969748
HAL,2026-03-31,5070.602632,5347.831671,5007.491670,5282.088463,120133225
HAL,2026-04-01,5303.205418,5442.579809,5246.949693,5385.451627,141549025
HAL,2026-04-02,5298.925546,5556.253157,5238.934939,5494.053453,82258553
HAL,2026-04-03,5451.958233,5484.137540,5439.699959,5471.834576,67924829
HAL,2026-04-06,5486.976691,5622.075323,5439.066019,5573.409941,34699227
HAL,2026-04-07,5577.782674,5618.212036,5532.504612,5572.898572,51754615
HAL,2026-04-08,5599.917612,5824.200962,5508.725988,5730.876739,68773761
HAL,2026-04-09,5689.087038,5863.818911,5681.962822,5856.485068,117400585
HAL,2026-04-10,5832.688317,5970.995207,5757.527036,5895.030570,78364867
HAL,2026-04-13,5920.510206,5978.493997,5895.972340,5953.818085,52190381
HAL,2026-04-14,6041.478138,6121.299121,5972.344948,6052.045014,37879209
HAL,2026-04-15,6057.884330,6120.531290,5959.852285,6022.129490,131292570
HAL,2026-04-16,6040.619656,6177.036346,5955.685208,6091.388067,133249372
HAL,2026-04-17,6151.130357,6170.616692,6056.365674,6075.612775,141984678
HAL,2026-04-20,6102.274023,6179.762495,5946.179497,6022.656968,13210189
HAL,2026-04-21,5991.141447,6193.153382,5890.674436,6091.011621,34572088
HAL,2026-04-22,6108.416543,6163.487206,6036.241590,6091.156645,146601095
HAL,2026-04-23,6108.878036,6174.067850,5987.976742,6052.565627,132876001
HAL,2026-04-24,6042.523401,6125.462846,5674.640464,5753.614355,147835623
HAL,2026-04-27,5784.827789,5801.105479,5716.581571,5732.712617,39978428
HAL,2026-04-28,5742.933343,5834.480341,5656.412976,5747.885369,115065342
HAL,2026-04-29,5803.267931,5848.148903,5767.283191,5812.109339,118469707
HAL,2026-04-30,5802.150421,5839.888654,5798.233993,5835.949412,125904386
HAL,2026-05-01,5846.563936,5930.527466,5675.278327,5757.969537,14376773
HAL,2026-05-04,5740.308492,5809.026135,5628.159712,5696.351139,125778245
HAL,2026-05-05,5657.805904,5726.570657,5596.773571,5665.455802,76866577
HAL,2026-05-06,5654.498284,5914.512321,5565.794892,5823.163046,67030253
HAL,2026-05-07,5824.019209,5965.660529,5759.797291,5900.594213,21406890
HAL,2026-05-08,5862.835521,6138.199768,5751.380612,6023.687007,51192231
HAL,2026-05-11,5977.281901,6021.558106,5854.819546,5898.512271,136174743
HAL,2026-05-12,5971.825355,6079.488892,5904.464306,6011.678310,5546250
HAL,2026-05-13,6134.533041,6298.794666,6058.920171,6222.102436,126544704
HAL,2026-05-14,6243.454008,6341.730096,6048.237758,6144.963541,139908454
HAL,2026-05-15,6109.292713,6247.253884,6091.558042,6229.171217,121754692
HAL,2026-05-18,6244.197497,6327.252252,6141.753340,6224.546718,130489135
HAL,2026-05-19,6186.430133,6376.271443,6066.200768,6254.715005,26442110
HAL,2026-05-20,6239.286171,6550.074183,6155.524228,6463.304806,66615562
HAL,2026-05-21,6445.165746,6552.591821,6219.813810,6325.241016,50473384
HAL,2026-05-22,6307.760290,6350.720015,6262.983358,6305.930623,141768269
HAL,2026-05-25,6262.118585,6459.828126,6176.259478,6372.456194,148092456
HAL,2026-05-26,6397.951598,6505.823533,6331.785146,6439.230186,145036205
HAL,2026-05-27,6571.072213,6605.631575,6341.809707,6375.339650,117469491
HAL,2026-05-28,6374.534896,6393.047637,6234.738139,6252.897624,123581074
HAL,2026-05-29,6261.558783,6491.522640,6195.069065,6423.315276,133122600
HAL,2026-06-01,6365.596581,6708.626031,6248.914432,6587.869591,88761131
HAL,2026-06-02,6628.753322,6698.983838,6392.955836,6461.413413,137797516
HAL,2026-06-03,6484.585191,6646.478203,6358.293299,6519.506199,110066267
HAL,2026-06-04,6558.067085,6599.610734,6108.111248,6147.051219,10073738
HAL,2026-06-05,6148.916952,6223.569581,5960.255710,6033.507175,5943211
HAL,2026-06-08,6106.642471,6247.808110,5925.173399,6065.385307,137252232
HAL,2026-06-09,6024.649685,6283.441934,6011.017944,6269.256731,1712368
HAL,2026-06-10,6284.761468,6294.777179,6269.567007,6279.574451,11335689
HAL,2026-06-11,6352.458852,6436.450916,6244.396864,6328.066412,49195504
HAL,2026-06-12,6359.105454,6481.581933,6150.922108,6271.715454,79553261
HAL,2026-06-15,6332.328910,6615.836378,6194.634576,6475.038864,78551988
HAL,2026-06-16,6448.366219,6610.472321,6381.270885,6542.398579,127496093
HAL,2026-06-17,6510.622969,6615.718942,6392.242643,6497.120659,87154073
HAL,2026-06-18,6459.347705,6558.425969,6243.323372,6340.579888,94115038
HAL,2026-06-19,6309.090298,6404.172178,6196.937252,6291.757923,39182044
HAL,2026-06-22,6291.922406,6374.128670,6138.385269,6219.647232,143011116
HAL,2026-06-23,6239.650975,6313.682772,6097.891222,6171.109796,66454817
HAL,2026-06-24,6141.508349,6254.306904,5883.086137,5993.160039,91804201
HAL,2026-06-25,6042.651850,6360.657826,5962.077951,6276.959622,2609572
HAL,2026-06-26,6224.725367,6493.349511,6140.925367,6407.094379,8853869
HAL,2026-06-29,6432.733076,6497.895668,6335.630213,6400.465944,79944047
HAL,2026-06-30,6403.776935,6454.850199,6351.252899,6402.314499,62718370
HAL,2026-07-01,6422.698959,6502.553497,6294.377099,6373.621448,6400271
HAL,2026-07-02,6410.372794,6881.320490,6352.752573,6820.018134,138065857
HAL,2026-07-03,6866.137031,6944.509387,6663.337324,6740.273027,83283316
HAL,2026-07-06,6727.843447,6932.241863,6683.520599,6886.871344,116647614
HAL,2026-07-07,6901.067167,7195.858600,6807.680765,7099.783141,84180581
HAL,2026-07-08,7096.164710,7226.300876,6954.332253,7084.249914,31892338
HAL,2026-07-09,7094.082031,7201.728697,6847.308807,6952.811818,55099005
HAL,2026-07-10,6914.949772,6964.612529,6761.682607,6810.595900,108615401
HAL,2026-07-13,6762.969786,7086.912229,6689.563472,7010.815757,131341562
HAL,2026-07-14,7020.842979,7131.298897,6735.096974,6842.751048,52992774
HAL,2026-07-15,6902.875428,7125.550387,6792.870535,7013.778137,47477957
HAL,2026-07-16,6978.059800,7072.611003,6799.312664,6892.707360,146503431
HAL,2026-07-17,6900.368585,6999.646675,6762.160706,6860.870523,63586847
HAL,2026-07-20,6821.479581,6881.453585,6762.931201,6822.893073,12399137
HAL,2026-07-21,6853.081012,6881.599192,6685.460999,6713.397907,40097183
HAL,2026-07-22,6709.680403,6826.949984,6471.864926,6586.990168,43607264
HAL,2026-07-23,6552.786338,6620.475798,6404.149527,6470.994083,5488697
HAL,2026-07-24,6455.649408,6497.419609,6407.525448,6449.254270,115743164
HAL,2026-07-27,6538.176937,6664.853157,6191.542780,6313.873147,98600016
HAL,2026-07-28,6299.390132,6379.017337,6154.051411,6232.837359,8708831
HAL,2026-07-29,6229.604113,6270.014236,6102.298703,6142.141474,51670863
HAL,2026-07-30,6161.665104,6216.778502,5954.432367,6008.172843,68525945
HAL,2026-07-31,5992.185037,6109.197587,5800.961391,5916.495920,2111845
HAL,2026-08-03,5917.027062,6025.152237,5769.596742,5876.990302,75097444
HAL,2026-08-04,5836.418880,5991.220040,5791.146180,5945.104275,131379850
HAL,2026-08-05,5967.609242,6026.055055,5950.944236,6009.273698,149064551
HAL,2026-08-06,5992.036791,6008.408815,5776.338211,5792.164123,100969326
HAL,2026-08-07,5818.144215,5985.585948,5798.027740,5964.961845,43378016
HAL,2026-08-10,5973.664518,6170.192809,5915.274148,6110.465262,103411760
HAL,2026-08-11,6136.613849,6246.077559,5958.646270,6066.865827,106584963
HAL,2026-08-12,6078.654184,6171.300001,5976.257228,6068.752126,59690669
HAL,2026-08-13,6037.347216,6165.150919,5972.780014,6099.914582,2705256
HAL,2026-08-14,6119.111233,6451.525732,6080.985042,6411.577281,111168304
HAL,2026-08-17,6391.730915,6637.573686,6364.742739,6609.665313,137491115
HAL,2026-08-18,6593.040317,6652.614655,6150.085401,6206.163946,86205090
HAL,2026-08-19,6268.952944,6367.589647,6121.605492,6219.463520,82993215
HAL,2026-08-20,6258.954377,6363.475960,6010.893909,6112.977751,72391865
HAL,2026-08-21,6120.472432,6143.797076,6112.721533,6136.026479,12364176
HAL,2026-08-24,6148.291600,6343.878768,6071.446076,6265.567451,42122589
HAL,2026-08-25,6272.701280,6487.356352,6190.884640,6403.829371,77335309
HAL,2026-08-26,6393.681147,6574.065630,6314.655548,6493.802535,67162152
HAL,2026-08-27,6459.591959,6586.546250,6434.430623,6560.989949,22672203
HAL,2026-08-28,6597.386121,6770.991143,6530.078033,6702.609541,77332760
HAL,2026-08-31,6679.802440,6921.721366,6596.100182,6836.061086,144932502
HAL,2026-09-01,6810.201730,6877.733525,6586.493359,6652.460954,148038806
HAL,2026-09-02,6689.300388,6812.210101,6534.762346,6657.080040,89802764
HAL,2026-09-03,6716.057713,6772.526115,6623.515315,6679.677836,133827349
HAL,2026-09-04,6667.615976,6764.683329,6574.974586,6671.981287,89886140
HAL,2026-09-07,6720.851159,6762.668585,6564.667637,6605.769018,109201283
HAL,2026-09-08,6576.817709,6825.801491,6510.159877,6757.314277,138209972
HAL,2026-09-09,6839.731933,6952.909618,6690.380834,6802.949883,51416433
HAL,2026-09-10,6837.994007,6910.072621,6611.203243,6681.633679,103404042
HAL,2026-09-11,6692.422548,7044.610104,6597.386451,6945.973444,55801932
HAL,2026-09-14,6956.297508,7115.406875,6864.327205,7022.560499,112106484
HAL,2026-09-15,7059.918635,7100.768948,6677.449755,6716.311880,99410960
HAL,2026-09-16,6727.300423,6996.133034,6639.718423,6906.221677,65493284
HAL,2026-09-17,6969.889712,7049.720282,6860.531171,6940.019620,71505480
HAL,2026-09-18,6948.482231,7060.971371,6645.993996,6755.356621,85285556
HAL,2026-09-21,6827.668441,6956.037393,6540.937153,6666.271637,24090372
HAL,2026-09-22,6594.735535,6656.162562,6550.468772,6611.781379,41178573
HAL,2026-09-23,6649.678262,6705.121131,6504.735416,6559.425789,15155107
BEL,2025-10-07,280.248132,288.390613,276.367460,284.451732,63421236
BEL,2025-10-08,284.471824,285.439575,275.559164,276.499795,51927981
BEL,2025-10-09,275.603405,279.517795,264.638399,268.451205,69270495
BEL,2025-10-10,268.283734,268.931783,267.477687,268.125353,17985495
BEL,2025-10-13,270.461201,272.904093,266.259173,268.686031,117332389
BEL,2025-10-14,271.517385,273.605433,263.276930,265.317298,23963187
BEL,2025-10-15,267.920585,271.979446,255.019283,258.942125,19213462
BEL,2025-10-16,259.132268,264.578345,254.928224,260.354473,8744138
BEL,2025-10-17,261.168551,261.402160,257.406442,257.636891,58617526
BEL,2025-10-20,256.982347,271.983348,253.294227,268.135167,115262869
BEL,2025-10-21,270.381069,274.339817,261.174501,265.055272,122135832
BEL,2025-10-22,265.814740,271.072292,248.743375,253.762547,1795327
BEL,2025-10-23,254.753607,267.823793,252.981066,265.973188,76167731
BEL,2025-10-24,265.139580,267.155885,258.538418,260.519589,69502208
BEL,2025-10-27,258.143598,262.353321,251.783852,255.957932,46234333
BEL,2025-10-28,256.957875,262.313222,252.693424,258.030962,5917969
BEL,2025-10-29,257.172041,263.083900,253.788854,259.667879,63151053
BEL,2025-10-30,260.326719,268.454541,256.140009,264.205452,88973214
BEL,2025-10-31,263.219576,273.929511,257.904987,268.508142,33839912
BEL,2025-11-03,268.031715,270.451502,256.030992,258.363495,43183420
BEL,2025-11-04,257.227237,261.771414,254.997647,259.521934,21794124
BEL,2025-11-05,259.468330,264.220024,255.861621,260.597618,128378305
BEL,2025-11-06,260.278778,266.738219,256.576884,262.997655,1555150
BEL,2025-11-07,263.892147,265.921722,261.239668,263.264415,86054647
BEL,2025-11-10,264.514382,265.391241,256.647994,257.501605,113052423
BEL,2025-11-11,257.832776,261.070666,250.392666,253.577113,100265641
BEL,2025-11-12,252.845896,257.293919,249.392194,253.826819,127755623
BEL,2025-11-13,252.219797,254.040619,243.601947,245.373344,3180336
BEL,2025-11-14,247.516817,256.663824,244.923849,254.002909,95797082
BEL,2025-11-17,253.354376,262.461793,249.349577,258.377591,27002128
BEL,2025-11-18,256.610844,267.160206,251.951968,262.396293,146214632
BEL,2025-11-19,262.735842,270.012701,261.119408,268.361655,57535958
BEL,2025-11-20,267.409958,270.962692,260.160475,263.663434,83060687
BEL,2025-11-21,262.407076,265.812262,257.542984,260.928989,1760864
BEL,2025-11-24,263.752855,267.891216,257.549421,261.654864,22179555
BEL,2025-11-25,262.574081,267.180613,251.130192,255.614629,8502053
BEL,2025-11-26,257.226666,261.776936,246.716706,251.159652,35073109
BEL,2025-11-27,249.520470,255.951290,247.962872,254.363460,108019663
BEL,2025-11-28,254.492060,265.089042,248.829345,259.318924,89560641
BEL,2025-12-01,258.083671,260.842180,255.587581,258.343576,81170362
BEL,2025-12-02,260.217945,264.200717,254.932863,258.895393,3974785
BEL,2025-12-03,258.955053,262.793321,248.742583,252.484950,106750592
BEL,2025-12-04,250.372566,253.086376,248.497011,251.204588,78458156
BEL,2025-12-05,251.387012,253.562331,250.388670,252.559333,40913722
BEL,2025-12-08,249.512206,252.421824,245.617139,248.515130,36534770
BEL,2025-12-09,249.745137,253.892637,229.965965,233.849487,108467346
BEL,2025-12-10,236.668605,237.827788,228.358305,229.482291,45183637
BEL,2025-12-11,227.379252,239.812161,225.633339,237.984814,52648010
BEL,2025-12-12,237.823438,247.648747,234.008384,243.738801,111503857
BEL,2025-12-15,245.419411,253.041941,242.622825,250.190982,50361567
BEL,2025-12-16,250.111494,256.843058,244.178006,250.891076,91418152
BEL,2025-12-17,250.591852,258.861161,246.939647,255.142632,59958197
BEL,2025-12-18,253.529673,262.689729,250.989243,260.083627,31493679
BEL,2025-12-19,259.982511,263.171516,259.244663,262.426731,48619375
BEL,2025-12-22,259.393455,276.820370,254.730719,271.932243,143243711
BEL,2025-12-23,271.342929,275.778574,267.503420,271.930747,107866137
BEL,2025-12-24,273.964290,281.235934,270.219874,277.443959,12878329
BEL,2025-12-25,275.900936,285.041310,271.459836,280.525765,78023162
BEL,2025-12-26,279.551587,283.575988,269.152330,273.083619,131731868
BEL,2025-12-29,273.903014,276.238794,265.220271,267.501461,4094135
BEL,2025-12-30,265.779941,274.511500,259.966808,268.635901,45556649
BEL,2025-12-31,268.912755,276.450732,265.995948,273.484338,58677283
BEL,2026-01-01,270.005446,281.564890,268.712977,280.223509,53559319
BEL,2026-01-02,282.502820,286.304214,278.357583,282.154287,102626711
BEL,2026-01-05,281.107710,293.192353,277.921725,289.906644,92519795
BEL,2026-01-06,290.636808,294.731412,284.954992,289.026915,122808195
BEL,2026-01-07,290.779078,302.679515,285.619676,297.402590,49765739
BEL,2026-01-08,294.463795,300.991225,288.631963,295.145884,80667152
BEL,2026-01-09,293.053783,307.697294,288.757577,303.251586,67053025
BEL,2026-01-12,303.047453,313.408519,299.480585,309.762613,8195611
BEL,2026-01-13,311.713731,315.342957,303.150798,306.721905,90067657
BEL,2026-01-14,310.386210,312.839938,297.549403,299.920395,19011102
BEL,2026-01-15,299.901682,305.602814,295.572351,301.253962,37812447
BEL,2026-01-16,301.532281,305.481129,295.371570,299.291067,79116391
BEL,2026-01-19,300.338920,313.048503,296.792288,309.394930,2209200
BEL,2026-01-20,308.193853,317.222349,305.616422,314.591415,111058326
BEL,2026-01-21,314.438094,328.474523,310.625169,324.539111,54311193
BEL,2026-01-22,326.094491,330.188458,319.289516,323.349015,52321837
BEL,2026-01-23,320.563635,325.661588,313.395635,318.460136,21818306
BEL,2026-01-26,319.477752,322.447275,301.075196,303.899924,27218077
BEL,2026-01-27,306.298837,311.916691,301.273014,306.881311,9191479
BEL,2026-01-28,304.926837,310.488564,303.907981,309.454580,77241711
BEL,2026-01-29,307.608659,321.129661,301.715654,315.093270,55464185
BEL,2026-01-30,317.441144,320.943635,314.046832,317.548178,139200334
BEL,2026-02-02,320.030005,323.867235,317.860344,321.686344,105155482
BEL,2026-02-03,318.532380,327.886589,316.411091,325.717451,16702083
BEL,2026-02-04,327.350452,331.365838,310.371007,314.225396,35128377
BEL,2026-02-05,315.862935,318.906853,310.965144,313.991022,136744763
BEL,2026-02-06,313.043955,333.315942,307.945087,327.973896,4604814
BEL,2026-02-09,329.192009,335.628228,318.513438,324.865058,137202712
BEL,2026-02-10,324.984102,329.519616,321.266102,325.792369,144691812
BEL,2026-02-11,328.018044,331.735258,323.822165,327.533892,109561743
BEL,2026-02-12,326.036065,335.906269,324.289018,334.115927,118608481
BEL,2026-02-13,334.504699,340.638703,322.803589,328.833598,46474430
BEL,2026-02-16,326.021761,340.107918,322.128044,336.093908,8705158
BEL,2026-02-17,339.009862,342.728939,333.740063,337.441939,110098430
BEL,2026-02-18,338.168619,346.830915,333.033046,341.642585,20103443
BEL,2026-02-19,341.370853,346.468350,332.958339,338.005584,125819705
BEL,2026-02-20,335.862552,347.890589,333.545397,345.506897,84526361
BEL,2026-02-23,347.007768,351.561418,344.670288,349.209109,113312596
BEL,2026-02-24,350.113500,352.019435,343.413626,345.293321,30281158
BEL,2026-02-25,346.241721,351.670032,341.638814,347.056297,50899787
BEL,2026-02-26,346.609490,350.120666,331.694101,335.088569,80994821
BEL,2026-02-27,335.836173,342.449588,320.085148,326.515007,10420305
BEL,2026-03-02,325.492824,333.086045,319.818060,327.378407,57056696
BEL,2026-03-03,323.677591,337.133753,316.112285,329.433905,94714818
BEL,2026-03-04,328.684916,331.876735,318.744181,321.869819,71440387
BEL,2026-03-05,320.796819,325.536625,316.368851,321.104411,32984759
BEL,2026-03-06,319.951783,327.949053,317.389569,325.343660,27370414
BEL,2026-03-09,328.455577,330.731530,316.970362,319.182056,105537505
BEL,2026-03-10,318.819843,320.282848,314.087542,315.535475,135647833
BEL,2026-03-11,316.138944,318.624937,302.821756,305.221902,34879931
BEL,2026-03-12,304.262573,313.391843,297.157304,306.240388,98222999
BEL,2026-03-13,305.801834,326.230280,300.447638,320.616696,96407726
BEL,2026-03-16,321.105496,326.249448,299.583465,304.460777,23540191
BEL,2026-03-17,305.049983,309.192424,302.809685,306.938259,114876952
BEL,2026-03-18,307.692744,312.826685,302.346423,307.476760,71718837
BEL,2026-03-19,304.125892,311.879654,298.750560,306.463014,131432637
BEL,2026-03-20,308.676815,312.742574,299.434883,303.431554,47489474
BEL,2026-03-23,305.939977,312.656803,303.067269,309.748335,47746321
BEL,2026-03-24,310.830070,317.387722,301.365985,307.860998,84092882
BEL,2026-03-25,305.678957,309.087912,299.158502,302.532366,147973164
BEL,2026-03-26,298.575279,312.662485,295.929339,309.916044,97257469
BEL,2026-03-27,307.237285,320.393477,302.573857,315.603068,25332025
BEL,2026-03-30,317.922133,321.195664,315.027280,318.297394,16102021
BEL,2026-03-31,315.348910,319.053779,308.811658,312.482855,136752585
BEL,2026-04-01,316.879888,316.883196,311.481978,311.485230,106209801
BEL,2026-04-02,308.450108,311.503767,295.723291,298.680229,92404116
BEL,2026-04-03,296.076445,303.265816,292.556148,299.702407,71044264
BEL,2026-04-06,299.743719,306.115240,294.063801,300.422460,39314371
BEL,2026-04-07,297.704603,325.378267,294.772393,322.204746,147492385
BEL,2026-04-08,321.628552,328.325320,319.205563,325.870375,110421765
BEL,2026-04-09,327.101640,331.876604,321.403056,326.164338,144144567
BEL,2026-04-10,328.479132,332.247044,325.198115,328.961211,20031312
BEL,2026-04-13,329.417764,334.607747,324.531141,329.716691,16568253
BEL,2026-04-14,327.064272,335.208693,323.101258,331.195619,20866702
BEL,2026-04-15,330.803361,333.079002,328.264831,330.538651,85074086
BEL,2026-04-16,330.200440,333.746341,321.030538,324.515389,106325451
BEL,2026-04-17,322.451610,329.684389,317.011188,324.214229,118069001
BEL,2026-04-20,322.768551,332.359684,319.656855,329.186119,42923237
BEL,2026-04-21,328.946926,333.558466,325.389272,329.989536,62137632
BEL,2026-04-22,327.163874,330.141309,320.885832,323.832953,136403426
BEL,2026-04-23,322.069772,336.492650,314.477884,328.743449,95007558
BEL,2026-04-24,326.249158,331.114605,315.865990,320.647904,26520253
BEL,2026-04-27,319.573628,323.068315,312.051227,315.501383,30944795
BEL,2026-04-28,314.401696,329.819542,308.619963,323.863805,65843811
BEL,2026-04-29,322.313556,334.586389,316.154951,328.313147,137319036
BEL,2026-04-30,329.889454,331.404822,319.068884,320.541310,32623719
BEL,2026-05-01,322.672014,331.973069,317.829696,327.064829,77203046
BEL,2026-05-04,326.149912,327.841729,317.856689,319.514084,118529494
BEL,2026-05-05,320.347367,321.216994,313.021933,313.873988,97594207
BEL,2026-05-06,313.334933,317.917854,305.686636,310.224056,28973214
BEL,2026-05-07,311.333490,313.836483,302.144197,304.592998,66214553
BEL,2026-05-08,308.585623,311.703915,304.032137,307.135777,135500275
BEL,2026-05-11,307.535151,314.100138,303.843772,310.374677,130605573
BEL,2026-05-12,313.383093,316.237267,309.354284,312.197661,40930611
BEL,2026-05-13,311.895116,320.852371,308.897751,317.798276,32210456
BEL,2026-05-14,321.807001,323.799136,315.426662,317.391463,63866315
BEL,2026-05-15,317.845436,323.787372,311.978857,317.919428,143178322
BEL,2026-05-18,320.384350,323.397141,317.270182,320.282011,65178014
BEL,2026-05-19,318.600187,320.212028,317.393054,319.003368,82109695
BEL,2026-05-20,321.180094,336.369403,319.498678,334.617641,2418754
BEL,2026-05-21,339.268874,343.970682,331.669397,336.330483,146294314
BEL,2026-05-22,336.549883,343.278558,331.334014,338.039601,85692230
BEL,2026-05-25,338.190018,343.478998,330.228687,335.475209,120523465
BEL,2026-05-26,336.641766,343.072148,335.104758,341.512899,37634424
BEL,2026-05-27,342.790043,344.318505,339.362696,340.882654,148533236
BEL,2026-05-28,343.797528,347.504233,339.401522,343.100714,87099229
BEL,2026-05-29,344.503189,346.854312,334.589430,336.888586,7932889
BEL,2026-06-01,334.971016,339.268623,315.952669,320.058958,104039824
BEL,2026-06-02,319.929745,323.848337,315.524630,319.437188,4365113
BEL,2026-06-03,318.439864,326.215774,314.063246,321.793069,83489501
BEL,2026-06-04,322.566235,326.980718,304.145505,308.365646,139261195
BEL,2026-06-05,309.297846,319.634554,303.577220,313.830101,143170330
BEL,2026-06-08,312.854542,322.339827,306.870325,316.289899,60574984
BEL,2026-06-09,318.224466,324.135984,309.812944,315.677141,80437151
BEL,2026-06-10,317.919752,332.856303,312.487257,327.264134,12237315
BEL,2026-06-11,327.773726,337.627319,322.180214,331.962328,16485698
BEL,2026-06-12,329.898066,343.184733,325.551449,338.721857,58380131
BEL,2026-06-15,336.446010,355.329994,331.318098,349.995567,98581409
BEL,2026-06-16,349.696081,352.607141,339.853386,342.706259,73890531
BEL,2026-06-17,350.282228,355.827548,331.633023,336.967557,87362904
BEL,2026-06-18,335.920149,343.990706,332.483080,340.506709,22869365
BEL,2026-06-19,343.147453,347.565300,321.934453,326.133251,146487149
BEL,2026-06-22,325.994610,332.595252,319.510255,326.108629,30846126
BEL,2026-06-23,326.145167,329.467005,320.645474,323.944902,64098905
BEL,2026-06-24,322.923088,343.235589,321.098185,341.306796,79084213
BEL,2026-06-25,342.022632,348.218279,332.435139,338.568210,144470622
BEL,2026-06-26,336.579017,342.015703,334.322783,339.738291,115933657
BEL,2026-06-29,336.885290,350.062654,331.654393,344.710257,22173895
BEL,2026-06-30,344.961546,355.391543,340.648831,351.003294,42925486
BEL,2026-07-01,352.270277,356.397770,343.331602,347.402054,105658972
BEL,2026-07-02,345.759593,355.938503,341.070480,351.175935,69670348
BEL,2026-07-03,347.520896,380.838155,338.464644,371.165729,58125720
BEL,2026-07-06,372.695813,376.725992,358.023649,361.937492,142725410
BEL,2026-07-07,363.350449,381.509527,358.070380,376.044986,77302664
BEL,2026-07-08,374.498398,380.975067,371.683011,378.132360,131194659
BEL,2026-07-09,374.400662,376.951052,365.596288,368.103784,111541472
BEL,2026-07-10,362.932986,368.536621,355.413579,360.987171,46832425
BEL,2026-07-13,361.278571,374.684241,356.224635,369.515084,99691475
BEL,2026-07-14,372.826286,381.527331,366.065226,374.731717,135864523
BEL,2026-07-15,375.489486,383.181700,369.692852,377.356248,90914379
BEL,2026-07-16,377.239774,381.288495,367.999019,371.991412,77417868
BEL,2026-07-17,374.102190,385.284841,370.507729,381.618164,59756618
BEL,2026-07-20,382.992240,396.447889,376.529823,389.869429,128580500
BEL,2026-07-21,390.560463,394.493533,383.966592,387.872594,65941100
BEL,2026-07-22,389.757731,397.701017,384.592063,392.499018,105310517
BEL,2026-07-23,397.793769,410.860852,390.718452,403.680826,26413150
BEL,2026-07-24,409.002374,413.456419,399.562296,403.961446,120201631
BEL,2026-07-27,401.242593,425.357550,397.121553,421.033246,117633253
BEL,2026-07-28,418.741312,435.660698,414.734361,431.531358,13198192
BEL,2026-07-29,432.723010,438.427926,425.974336,431.665308,113793450
BEL,2026-07-30,432.964101,440.807122,407.659636,415.180513,118383581
BEL,2026-07-31,416.477823,424.119249,406.091673,413.681798,77493417
BEL,2026-08-03,414.615330,426.912468,410.995953,423.217995,28695990
BEL,2026-08-04,421.042239,434.207151,414.789890,427.853655,79135195
BEL,2026-08-05,427.880347,432.714616,424.155325,428.980021,9251263
BEL,2026-08-06,426.159694,429.100672,422.169162,425.102847,45665570
BEL,2026-08-07,422.674209,446.787698,418.354479,442.267722,68323597
BEL,2026-08-10,441.593371,457.331342,439.455711,455.128163,23053778
BEL,2026-08-11,449.603893,464.023059,445.082433,459.403053,76173131
BEL,2026-08-12,461.120390,484.652900,453.774468,477.053160,67536774
BEL,2026-08-13,475.886603,481.621348,474.143769,479.863948,83099269
BEL,2026-08-14,477.293182,482.714213,467.775237,473.149202,139118986
BEL,2026-08-17,477.651547,480.569428,474.295083,477.210267,98631649
BEL,2026-08-18,480.696469,483.606334,471.883087,474.756998,38407515
BEL,2026-08-19,475.365541,483.836137,471.650440,480.084159,122370619
BEL,2026-08-20,479.506276,484.397044,471.422188,476.280050,57456357
BEL,2026-08-21,470.165022,471.715172,462.896692,464.427927,92287883
BEL,2026-08-24,462.684955,467.171927,449.044671,453.442008,112944918
BEL,2026-08-25,456.895241,461.914769,448.546483,453.529028,23482392
BEL,2026-08-26,454.494547,460.042693,441.895455,447.356465,130547914
BEL,2026-08-27,445.601756,459.456035,437.561861,451.313092,22636905
BEL,2026-08-28,448.272352,456.195206,442.845166,450.738167,131097254
BEL,2026-08-31,454.004539,470.858134,450.246428,466.992513,36404048
BEL,2026-09-01,468.784883,472.079615,464.503273,467.791020,21287565
BEL,2026-09-02,464.606694,467.458841,458.573996,461.406498,99564829
BEL,2026-09-03,457.212139,469.641312,452.643151,464.994554,45320542
BEL,2026-09-04,469.779338,474.521328,457.552727,462.218396,19824996
BEL,2026-09-07,467.396446,472.286324,465.406968,470.284553,24806092
BEL,2026-09-08,470.882487,478.771076,454.745802,462.493858,131299992
BEL,2026-09-09,459.440000,465.393757,446.608506,452.471967,65269801
BEL,2026-09-10,455.967796,459.167278,452.964805,456.163002,57615327
BEL,2026-09-11,455.609641,476.517347,445.497531,466.170835,2618511
BEL,2026-09-14,465.812063,482.470055,460.384032,476.912670,83445570
BEL,2026-09-15,475.956178,487.220874,471.824028,483.027333,33867685
BEL,2026-09-16,479.717726,504.167592,471.766317,495.947177,141572783
BEL,2026-09-17,502.913089,505.504476,478.288739,480.766007,57527567
BEL,2026-09-18,476.666192,483.786763,463.241060,470.266023,143794648
BEL,2026-09-21,471.515740,496.993246,463.261282,488.442466,40990405
BEL,2026-09-22,490.810068,501.830671,481.599413,492.586676,21680708
BEL,2026-09-23,493.427257,504.494595,484.976434,495.999714,128492276
IRCTC,2025-10-07,894.440056,911.093218,880.200905,896.816239,29151504
IRCTC,2025-10-08,895.696208,917.417138,884.987198,906.578025,128585691
IRCTC,2025-10-09,904.589330,921.333874,894.265664,910.937756,62397016
IRCTC,2025-10-10,900.485811,922.496376,888.646804,910.525376,56506316
IRCTC,2025-10-13,914.092314,920.612196,868.937931,875.180267,126670270
IRCTC,2025-10-14,871.808765,885.328732,854.968451,868.436115,33711136
IRCTC,2025-10-15,859.369963,905.303236,849.739276,895.270226,41721015
IRCTC,2025-10-16,889.671294,902.643632,870.017504,882.890978,131149341
IRCTC,2025-10-17,879.292781,884.238292,869.299557,874.216517,79934074
IRCTC,2025-10-20,878.499227,887.814402,870.184411,879.490206,131646132
IRCTC,2025-10-21,885.429064,893.402854,866.667967,874.543729,51488613
IRCTC,2025-10-22,881.231107,889.159192,866.779664,874.648528,36287411
IRCTC,2025-10-23,873.325601,887.951882,866.805467,881.371677,145284789
IRCTC,2025-10-24,881.323243,897.515500,855.722539,871.738702,108931708
IRCTC,2025-10-27,874.491709,884.120961,862.711110,872.316409,58702897
IRCTC,2025-10-28,870.595786,894.144118,854.079377,877.496787,23801410
IRCTC,2025-10-29,884.178811,894.258558,842.549620,852.265553,147349195
IRCTC,2025-10-30,845.437861,866.479832,840.351409,861.297959,66705659
IRCTC,2025-10-31,857.835563,864.509583,857.080251,863.749064,135520055
IRCTC,2025-11-03,869.451224,884.584939,860.498963,875.569679,145633243
IRCTC,2025-11-04,872.824555,881.921489,846.666222,855.583462,79308325
IRCTC,2025-11-05,859.849235,869.656486,849.129513,858.926237,122373722
IRCTC,2025-11-06,854.963454,869.033090,824.518057,838.313698,74792443
IRCTC,2025-11-07,842.207311,879.173988,834.846216,871.556375,34543870
IRCTC,2025-11-10,864.202181,881.962026,851.236307,868.925290,104887173
IRCTC,2025-11-11,872.070099,880.211395,858.113503,866.199997,108087392
IRCTC,2025-11-12,868.147383,872.123240,851.033378,854.948789,92072687
IRCTC,2025-11-13,859.791715,867.587305,838.313357,845.983752,110025727
IRCTC,2025-11-14,840.345459,852.860974,814.461755,826.775163,125300518
IRCTC,2025-11-17,824.434536,843.516485,815.365971,834.338973,80657834
IRCTC,2025-11-18,833.854029,844.872813,790.101803,800.682245,6127325
IRCTC,2025-11-19,815.484139,827.716511,786.976067,798.960584,49383459
IRCTC,2025-11-20,808.255456,814.357102,778.752143,784.675782,127390887
IRCTC,2025-11-21,782.357616,805.188009,769.756654,792.424899,133716501
IRCTC,2025-11-24,804.091360,819.160891,778.414062,793.280995,20380089
IRCTC,2025-11-25,786.572142,813.160302,777.090727,803.475136,49986121
IRCTC,2025-11-26,798.455632,818.973404,790.377656,810.770834,90527277
IRCTC,2025-11-27,810.379236,849.471221,800.810638,839.558092,41227894
IRCTC,2025-11-28,833.755183,859.856377,826.082848,852.016004,21432308
IRCTC,2025-12-01,857.203975,862.251373,824.763539,829.648685,129492309
IRCTC,2025-12-02,823.254615,850.646931,808.345467,835.515733,121356956
IRCTC,2025-12-03,840.100809,854.095710,819.950824,833.841453,138163658
IRCTC,2025-12-04,831.779156,853.659185,821.046921,842.784945,7110033
IRCTC,2025-12-05,850.088693,861.655751,842.730971,854.261909,55634763
IRCTC,2025-12-08,858.794474,869.392463,823.497703,833.787087,102652828
IRCTC,2025-12-09,830.711970,867.702461,823.815886,860.558608,30710862
IRCTC,2025-12-10,853.542354,865.458592,833.351344,845.150424,43576088
IRCTC,2025-12-11,844.725878,859.765088,798.901387,813.382571,64931218
IRCTC,2025-12-12,812.106516,817.758297,802.357964,807.981034,149599040
IRCTC,2025-12-15,804.258123,830.339518,792.072722,817.946721,114379351
IRCTC,2025-12-16,821.676051,834.052078,812.602209,824.942168,30890355
IRCTC,2025-12-17,826.564084,841.635669,813.183292,828.227942,134861168
IRCTC,2025-12-18,825.626764,856.438352,815.660013,846.222969,39140705
IRCTC,2025-12-19,853.695840,873.033431,819.470073,838.462607,62314985
IRCTC,2025-12-22,842.719353,858.271965,832.413100,847.902325,81479122
IRCTC,2025-12-23,841.673558,850.382551,818.479131,827.036672,107735972
IRCTC,2025-12-24,823.007153,838.632957,801.593177,817.106959,102612771
IRCTC,2025-12-25,806.299656,816.333668,794.385396,804.395715,73187456
IRCTC,2025-12-26,810.499498,817.412097,790.374820,797.173766,143995508
IRCTC,2025-12-29,800.600412,807.497182,792.895301,799.785047,26729259
IRCTC,2025-12-30,798.316829,820.493928,785.856352,807.884121,12943492
IRCTC,2025-12-31,806.219384,824.498183,795.586865,813.766137,7766708
IRCTC,2026-01-01,815.466440,820.559656,810.641029,815.732670,128093357
IRCTC,2026-01-02,823.449185,834.589903,808.018092,819.099968,37042710
IRCTC,2026-01-05,818.084427,831.786897,812.598254,826.245992,103620389
IRCTC,2026-01-06,828.116128,840.126560,801.685311,813.483521,142970596
IRCTC,2026-01-07,821.884040,873.734359,812.746724,864.127402,7738284
IRCTC,2026-01-08,871.352678,879.547608,847.231245,855.274966,26329613
IRCTC,2026-01-09,853.702053,854.388046,849.229762,849.912711,137127951
IRCTC,2026-01-12,850.585830,864.732499,831.670851,845.736873,134678650
IRCTC,2026-01-13,853.889632,860.844181,810.972067,817.631307,29503972
IRCTC,2026-01-14,817.515243,871.320413,811.047643,864.481252,56274746
IRCTC,2026-01-15,863.392897,894.482953,846.161297,876.980178,28434431
IRCTC,2026-01-16,878.105484,921.351983,868.933701,911.827970,90899274
IRCTC,2026-01-19,918.976967,923.725601,912.294169,917.032757,69035615
IRCTC,2026-01-20,921.174327,947.205720,910.459045,936.314327,71739309
IRCTC,2026-01-21,930.778900,957.026824,918.193490,944.259143,31984964
IRCTC,2026-01-22,945.923368,949.424433,931.668639,935.129755,126946339
IRCTC,2026-01-23,930.172794,950.135398,917.389985,937.255260,2792994
IRCTC,2026-01-26,936.057398,949.010545,916.043436,928.897505,43991028
IRCTC,2026-01-27,930.194152,943.515357,909.328675,922.540270,149953869
IRCTC,2026-01-28,918.717747,965.870530,902.680118,949.299057,106120231
IRCTC,2026-01-29,950.896178,958.353594,937.944534,945.358520,113790271
IRCTC,2026-01-30,952.778433,966.404975,898.341081,911.375482,110049599
IRCTC,2026-02-02,902.972917,917.851245,886.713975,901.569174,79828148
IRCTC,2026-02-03,890.835329,936.246588,877.152586,922.083885,56231596
IRCTC,2026-02-04,913.726327,921.405830,890.880752,898.431710,74567349
IRCTC,2026-02-05,900.935056,920.951364,886.236268,906.167215,124407313
IRCTC,2026-02-06,905.295466,930.751130,897.119120,922.420119,136182288
IRCTC,2026-02-09,927.411235,933.815467,877.726056,883.829334,97024004
IRCTC,2026-02-10,877.453556,880.017196,866.883057,869.423236,135587699
IRCTC,2026-02-11,870.455474,889.033222,863.607177,882.093365,22695761
IRCTC,2026-02-12,880.220835,901.024695,868.043571,888.729716,77007619
IRCTC,2026-02-13,891.639739,895.904584,864.076175,868.229043,86767901
IRCTC,2026-02-16,872.869776,885.091979,807.246916,818.710767,39630284
IRCTC,2026-02-17,820.080616,845.375567,815.627590,840.809981,110373335
IRCTC,2026-02-18,842.136031,863.469764,833.530492,854.735475,93003747
IRCTC,2026-02-19,851.927575,863.996530,815.260074,826.975543,6478759
IRCTC,2026-02-20,828.788779,861.208158,808.593317,840.721916,114163132
IRCTC,2026-02-23,832.030841,843.936704,823.938988,835.808116,28008220
IRCTC,2026-02-24,835.718715,842.317673,827.177411,833.760910,14831437
IRCTC,2026-02-25,830.877871,854.197665,819.914472,843.073348,86524274
IRCTC,2026-02-26,844.058070,851.044817,836.853874,843.838805,97389344
IRCTC,2026-02-27,839.460824,889.898691,834.548208,884.721206,128044951
IRCTC,2026-03-02,887.810495,897.586868,840.754171,850.115455,94507262
IRCTC,2026-03-03,846.906196,863.181184,837.839264,854.037901,115244505
IRCTC,2026-03-04,858.247921,893.298293,839.413861,874.116011,22986780
IRCTC,2026-03-05,868.903914,912.463756,862.689940,905.984600,31146297
IRCTC,2026-03-06,897.862448,925.388519,889.470236,916.819121,117207095
IRCTC,2026-03-09,913.080890,934.358949,905.684142,926.850654,128039943
IRCTC,2026-03-10,926.863986,954.861355,910.448955,938.244767,71644516
IRCTC,2026-03-11,934.228702,989.331121,920.752348,975.262845,6848775
IRCTC,2026-03-12,971.086395,986.668181,944.323729,959.723184,71741600
IRCTC,2026-03-13,952.720683,959.175636,932.268143,938.627611,149199939
IRCTC,2026-03-16,934.059222,947.186555,910.266124,923.241423,86881368
IRCTC,2026-03-17,923.208414,936.267700,903.187078,916.146469,16552869
IRCTC,2026-03-18,908.295795,967.619528,897.117708,955.856133,52429248
IRCTC,2026-03-19,962.133428,971.580916,956.716427,966.141349,129522502
IRCTC,2026-03-20,959.839407,968.685746,941.680978,950.440694,15003208
IRCTC,2026-03-23,955.430666,977.852824,940.431672,962.739098,49335032
IRCTC,2026-03-24,968.687288,978.657381,925.413921,935.037680,43092826
IRCTC,2026-03-25,938.112606,951.986561,907.839742,921.467530,139520176
IRCTC,2026-03-26,922.804185,959.636837,909.265774,945.761619,37407943
IRCTC,2026-03-27,949.067414,958.223077,921.539042,930.515736,54610266
IRCTC,2026-03-30,920.576961,954.642690,906.489441,940.254052,43381732
IRCTC,2026-03-31,943.644946,956.719301,934.967697,948.001987,90119107
IRCTC,2026-04-01,942.247083,1002.923245,920.000236,979.789994,126544502
IRCTC,2026-04-02,976.568344,989.029274,926.917535,938.897791,31513569
IRCTC,2026-04-03,945.356445,955.149102,928.787515,938.509243,122110114
IRCTC,2026-04-06,936.548528,945.456198,913.319654,922.089804,25025122
IRCTC,2026-04-07,922.575964,940.405505,874.584402,891.819550,23279978
IRCTC,2026-04-08,896.208019,918.823593,881.935364,904.420155,146850534
IRCTC,2026-04-09,897.262126,907.796746,878.792970,889.233326,95731963
IRCTC,2026-04-10,892.679066,919.077240,884.510971,910.743850,62323772
IRCTC,2026-04-13,907.559877,915.074463,878.232036,885.564501,7087063
IRCTC,2026-04-14,898.875409,910.667640,851.003494,862.316108,104138901
IRCTC,2026-04-15,856.842057,878.859523,850.920689,872.827683,24462206
IRCTC,2026-04-16,873.679822,918.403145,867.776248,912.239021,121721752
IRCTC,2026-04-17,915.972580,940.268796,909.667018,933.840233,37306321
IRCTC,2026-04-20,938.806523,948.751781,905.258073,914.950613,44974545
IRCTC,2026-04-21,916.478070,951.405333,901.866393,936.474841,85468512
IRCTC,2026-04-22,947.416559,953.979515,937.731376,944.272553,64918571
IRCTC,2026-04-23,943.346195,977.756288,933.430007,967.585306,95068519
IRCTC,2026-04-24,978.935218,997.049927,949.064935,966.958012,49833666
IRCTC,2026-04-27,969.835337,980.391687,942.818576,953.193788,12487751
IRCTC,2026-04-28,953.626062,974.769554,941.379077,962.409764,72415755
IRCTC,2026-04-29,956.235536,963.397254,949.872206,957.028646,46337355
IRCTC,2026-04-30,967.252644,980.665521,945.403850,958.698101,9771222
IRCTC,2026-05-01,961.170347,961.361002,923.247460,923.430629,103652462
IRCTC,2026-05-04,926.905583,942.253964,893.423565,908.466620,49560561
IRCTC,2026-05-05,901.810578,910.327579,891.081877,899.577792,130068494
IRCTC,2026-05-06,893.650164,904.046705,868.635370,878.859843,7334249
IRCTC,2026-05-07,878.920058,900.043075,863.540233,884.564481,67477713
IRCTC,2026-05-08,885.566990,892.049304,857.992451,864.319233,41975902
IRCTC,2026-05-11,865.630361,876.160991,829.283968,839.496674,1266916
IRCTC,2026-05-12,842.297949,852.959663,806.082966,816.417083,98555447
IRCTC,2026-05-13,810.923978,825.412744,787.040555,801.358413,38807553
IRCTC,2026-05-14,803.710707,813.323650,792.693819,802.289767,126813829
IRCTC,2026-05-15,803.695278,819.110726,777.715149,792.923995,23690407
IRCTC,2026-05-18,798.218478,806.534129,779.407784,787.612949,129998142
IRCTC,2026-05-19,776.770195,778.860391,762.515670,764.573045,47323504
IRCTC,2026-05-20,768.285605,777.857976,766.040473,775.591494,94775355
IRCTC,2026-05-21,782.715104,801.138716,742.591218,760.491735,81827861
IRCTC,2026-05-22,763.723739,776.132386,755.101726,767.468100,69181961
IRCTC,2026-05-25,765.259602,809.751301,754.368668,798.388881,71008778
IRCTC,2026-05-26,798.245925,811.710633,774.100766,787.382226,91062960
IRCTC,2026-05-27,786.887018,812.316591,774.122767,799.350173,47174255
IRCTC,2026-05-28,795.920791,805.298187,748.970124,757.899561,80867661
IRCTC,2026-05-29,765.146403,774.579449,750.467791,759.835361,98159981
IRCTC,2026-06-01,751.907694,800.177447,739.677876,787.370820,70139182
IRCTC,2026-06-02,787.964302,826.963610,777.686020,816.315512,95232416
IRCTC,2026-06-03,820.228405,849.712961,814.601480,843.923482,39680566
IRCTC,2026-06-04,849.657691,862.310913,834.213622,846.824654,133770427
IRCTC,2026-06-05,840.665331,844.376697,815.151162,818.765846,58007147
IRCTC,2026-06-08,812.401988,837.363403,798.866236,823.640403,74297781
IRCTC,2026-06-09,815.717601,836.947356,799.795590,820.923727,134889443
IRCTC,2026-06-10,818.504429,831.133867,812.339196,824.920308,109330572
IRCTC,2026-06-11,823.169235,838.594755,791.039627,806.146148,80527620
IRCTC,2026-06-12,803.364621,815.646511,790.880121,803.158865,91862487
IRCTC,2026-06-15,803.955829,827.509421,793.467024,816.852362,13780566
IRCTC,2026-06-16,819.860332,848.821205,807.607369,836.322215,81908169
IRCTC,2026-06-17,834.606457,847.586527,826.216480,839.150868,62755495
IRCTC,2026-06-18,840.930941,867.239112,829.410712,855.519036,87267252
IRCTC,2026-06-19,861.741503,873.404456,827.806761,839.164147,30024569
IRCTC,2026-06-22,837.341200,865.210753,824.943757,852.587576,135104354
IRCTC,2026-06-23,857.007091,892.175544,844.166932,879.005789,59973712
IRCTC,2026-06-24,872.472516,883.451181,861.999633,872.972299,89427425
IRCTC,2026-06-25,869.189998,905.679879,859.905796,896.108152,13384675
IRCTC,2026-06-26,897.696541,908.984602,873.517561,884.641461,100018001
IRCTC,2026-06-29,881.932536,900.234051,838.447009,856.214840,99365133
IRCTC,2026-06-30,849.488535,858.589705,827.733377,836.697507,8482643
IRCTC,2026-07-01,831.330407,859.096983,824.796064,852.397054,126138084
IRCTC,2026-07-02,855.097356,862.963270,836.876412,844.646188,38057555
IRCTC,2026-07-03,836.478026,851.869195,810.760988,825.958599,148206174
IRCTC,2026-07-06,822.924231,833.130719,791.406969,801.345826,77174590
IRCTC,2026-07-07,804.934126,810.534676,801.193850,806.785795,127047886
IRCTC,2026-07-08,799.160448,820.028728,789.790406,810.525434,15212803
IRCTC,2026-07-09,801.512595,803.341231,785.809826,787.606736,102275011
IRCTC,2026-07-10,783.461857,802.821372,777.750269,797.011008,104134533
IRCTC,2026-07-13,788.604766,819.758154,774.096121,804.948814,76838343
IRCTC,2026-07-14,800.609668,807.292351,769.848511,776.328520,143915042
IRCTC,2026-07-15,778.765712,793.875629,769.485414,784.526679,71926968
IRCTC,2026-07-16,781.997325,794.219456,763.368285,775.488690,3191927
IRCTC,2026-07-17,775.329924,786.434162,731.918456,742.553268,76665591
IRCTC,2026-07-20,749.106757,756.160789,726.518972,733.425338,104706453
IRCTC,2026-07-21,732.151328,764.780772,731.445130,764.043813,7074589
IRCTC,2026-07-22,767.525263,783.592987,739.910867,755.731699,130302795
IRCTC,2026-07-23,754.309267,757.801705,716.612232,719.945566,117900804
IRCTC,2026-07-24,722.215774,729.468635,714.118562,721.362858,127264132
IRCTC,2026-07-27,719.632801,746.317725,700.854563,727.338415,64664364
IRCTC,2026-07-28,721.508859,733.983911,708.712402,721.181800,44080965
IRCTC,2026-07-29,721.428817,736.527128,713.675478,728.695691,29188667
IRCTC,2026-07-30,733.237361,744.026651,708.797367,719.382793,65260633
IRCTC,2026-07-31,719.723062,727.227508,705.780093,713.216698,80046002
IRCTC,2026-08-03,707.210384,720.812711,690.714768,704.260355,138979530
IRCTC,2026-08-04,700.384437,701.651928,691.926703,693.181158,90081337
IRCTC,2026-08-05,698.585480,707.653933,670.424603,679.241954,137168856
IRCTC,2026-08-06,683.623739,696.476681,675.238167,688.036975,14667771
IRCTC,2026-08-07,685.362404,694.188584,654.007979,662.540252,4232714
IRCTC,2026-08-10,660.180061,684.566011,654.857009,679.090483,144826149
IRCTC,2026-08-11,677.432791,694.213861,673.908610,690.621071,25312449
IRCTC,2026-08-12,694.784100,706.642946,668.476405,680.084351,106340270
IRCTC,2026-08-13,677.815928,687.868393,658.980246,668.900489,26153948
IRCTC,2026-08-14,679.355535,689.711573,661.501550,671.741521,81604103
IRCTC,2026-08-17,669.772408,699.096757,658.961037,687.991300,3372852
IRCTC,2026-08-18,686.740695,697.306596,668.816390,679.267309,111679720
IRCTC,2026-08-19,676.148108,690.860339,663.792328,678.462270,142973373
IRCTC,2026-08-20,672.420742,691.036756,664.954162,683.447732,23200277
IRCTC,2026-08-21,682.146499,712.167721,676.995460,706.830290,27762640
IRCTC,2026-08-24,715.842511,744.640424,702.683675,731.199294,60484931
IRCTC,2026-08-25,729.294918,756.712588,719.880270,747.068496,68870377
IRCTC,2026-08-26,749.659586,764.395596,740.631325,755.299414,15735835
IRCTC,2026-08-27,757.931507,786.934639,746.818446,775.563058,48943339
IRCTC,2026-08-28,773.998162,808.578242,759.567538,793.778822,117246660
IRCTC,2026-08-31,797.519698,801.157744,793.209534,796.844500,15638841
IRCTC,2026-09-01,788.678088,798.627163,772.372955,782.240825,134650159
IRCTC,2026-09-02,784.550805,791.402243,754.383997,761.030029,100470210
IRCTC,2026-09-03,755.109258,761.994523,747.756760,754.637726,45857600
IRCTC,2026-09-04,756.966662,767.295916,733.941193,744.094803,19669110
IRCTC,2026-09-07,739.775495,747.933679,725.010680,733.095194,100097334
IRCTC,2026-09-08,734.184715,751.226999,719.007904,736.012406,18401782
IRCTC,2026-09-09,736.663370,746.352618,729.198923,738.865853,104550163
IRCTC,2026-09-10,737.079667,748.248567,715.869423,726.883826,75961241
IRCTC,2026-09-11,729.274716,734.464884,708.114007,713.189700,123813260
IRCTC,2026-09-14,713.937247,732.231720,692.598364,710.812773,86727394
IRCTC,2026-09-15,707.484379,718.440951,698.779722,709.708924,120364431
IRCTC,2026-09-16,699.937449,723.700389,687.674735,711.239663,24955009
IRCTC,2026-09-17,705.717669,727.777819,693.582519,715.474888,129188760
IRCTC,2026-09-18,713.829056,725.433404,705.581010,717.147020,65657600
IRCTC,2026-09-21,725.969264,730.053200,716.382760,720.435566,3034789
IRCTC,2026-09-22,722.811546,727.482496,713.016084,717.653702,30429812
IRCTC,2026-09-23,716.316176,727.875931,696.771399,708.200179,141815026
RVNL,2025-10-07,397.737861,400.833380,390.201182,393.261864,115391612
RVNL,2025-10-08,391.837458,409.456153,387.310883,404.780063,101632418
RVNL,2025-10-09,403.763236,413.678996,397.315147,407.176399,124984234
RVNL,2025-10-10,406.938104,416.201348,400.344650,409.565326,120967346
RVNL,2025-10-13,407.958140,414.584800,395.614552,402.146816,136348843
RVNL,2025-10-14,396.557854,403.170100,391.872780,398.462523,131422651
RVNL,2025-10-15,395.402761,398.624172,394.193077,397.408352,27776722
RVNL,2025-10-16,399.526783,401.694883,395.855757,398.015657,44880160
RVNL,2025-10-17,397.416580,407.604668,391.166058,401.293175,63385553
RVNL,2025-10-20,403.608006,420.915636,397.885371,415.031037,149652536
RVNL,2025-10-21,415.059002,426.992184,409.462736,421.311615,148571572
RVNL,2025-10-22,419.392549,422.981014,416.789122,420.371510,31167368
RVNL,2025-10-23,424.102021,437.234596,418.258180,431.291686,90545904
RVNL,2025-10-24,429.834954,435.024199,418.249025,423.360101,42927588
RVNL,2025-10-27,422.313785,445.690645,416.638619,439.780753,1026278
RVNL,2025-10-28,444.319271,452.787934,431.764906,440.154182,114719907
RVNL,2025-10-29,437.520398,443.529183,432.038474,438.040740,28741509
RVNL,2025-10-30,442.729375,449.164636,431.870285,438.240295,130800093
RVNL,2025-10-31,435.547704,442.467824,425.273771,432.139744,76473333
RVNL,2025-11-03,436.904153,439.623012,429.035850,431.722462,9553555
RVNL,2025-11-04,427.663255,437.529281,422.652780,432.462577,74712218
RVNL,2025-11-05,440.047755,444.605913,427.061482,431.531425,12289817
RVNL,2025-11-06,427.832823,436.596396,424.462500,433.183919,90661932
RVNL,2025-11-07,433.384077,439.853777,420.037667,426.403154,5308121
RVNL,2025-11-10,427.958458,436.700167,409.925633,418.473600,111696925
RVNL,2025-11-11,418.404260,420.616903,406.312452,408.472574,74017699
RVNL,2025-11-12,407.421186,414.841482,398.826194,406.224699,148814578
RVNL,2025-11-13,401.618738,413.094768,397.080570,408.479079,49500409
RVNL,2025-11-14,403.848675,408.691124,390.508853,395.248176,9848492
RVNL,2025-11-17,397.734660,405.322908,386.370831,393.885646,105722791
RVNL,2025-11-18,394.886448,395.193558,393.789099,394.095595,69281630
RVNL,2025-11-19,394.497572,401.560612,364.200494,370.839971,80409485
RVNL,2025-11-20,371.979371,375.635240,361.974462,365.567313,17167957
RVNL,2025-11-21,364.429813,369.930663,359.347200,364.842297,120801062
RVNL,2025-11-24,363.250790,378.217896,360.479437,375.354202,40969862
RVNL,2025-11-25,374.777103,377.569968,368.408206,371.174222,36447581
RVNL,2025-11-26,369.468001,374.963164,359.754346,365.185819,132457164
RVNL,2025-11-27,363.160688,390.789517,359.035166,386.399997,5418185
RVNL,2025-11-28,385.431497,388.293905,374.562174,377.364674,103274384
RVNL,2025-12-01,380.278854,386.461629,369.004599,375.103225,128177179
RVNL,2025-12-02,375.853794,381.310225,370.989992,376.438853,129535272
RVNL,2025-12-03,376.253811,387.162387,372.702785,383.542572,93108376
RVNL,2025-12-04,381.882021,398.411247,376.709343,393.086798,14806543
RVNL,2025-12-05,391.624201,395.696450,383.576861,387.607341,5305591
RVNL,2025-12-08,390.713943,395.732583,384.790267,389.797131,35083336
RVNL,2025-12-09,388.512850,393.387645,378.466704,383.275787,102176284
RVNL,2025-12-10,384.043616,392.734290,378.160619,386.808932,82575709
RVNL,2025-12-11,386.926593,401.270860,382.968134,397.207225,53173851
RVNL,2025-12-12,398.103639,412.128212,393.468497,407.385006,6554848
RVNL,2025-12-15,405.882440,412.331666,391.190161,397.506295,44302131
RVNL,2025-12-16,398.165540,403.771390,392.330268,397.932842,81403948
RVNL,2025-12-17,398.464202,402.627515,393.143615,397.294709,101716091
RVNL,2025-12-18,400.521013,409.224801,393.111155,401.791439,27679888
RVNL,2025-12-19,406.364659,410.395398,393.253650,397.193420,119476487
RVNL,2025-12-22,394.595172,402.197061,386.776056,394.373678,74738245
RVNL,2025-12-23,392.581132,396.271979,389.703878,393.388805,105870510
RVNL,2025-12-24,393.869295,396.968474,384.473323,387.522563,111009929
RVNL,2025-12-25,382.598133,387.317020,370.664852,375.293646,48548947
RVNL,2025-12-26,375.153936,397.101566,370.927119,392.677316,83328635
RVNL,2025-12-29,392.199415,407.263549,385.904476,400.830084,129714211
RVNL,2025-12-30,402.477444,404.636366,398.359161,400.507517,103966639
RVNL,2025-12-31,403.668620,408.900867,399.529149,404.750304,58939368
RVNL,2026-01-01,406.045685,410.699390,392.966345,397.522363,25135729
RVNL,2026-01-02,399.940736,411.637856,392.446156,404.065973,4867667
RVNL,2026-01-05,405.354605,406.259697,391.728932,392.605557,50481227
RVNL,2026-01-06,395.792424,418.613035,387.608760,410.132858,108253892
RVNL,2026-01-07,410.681279,434.610830,403.257110,426.893581,43444368
RVNL,2026-01-08,424.737234,442.048491,420.472810,437.654377,36050016
RVNL,2026-01-09,435.827262,447.243294,426.431036,437.804441,115475300
RVNL,2026-01-12,446.437555,452.899192,429.023139,435.323920,63561390
RVNL,2026-01-13,438.712844,451.568242,434.044950,446.814150,126878462
RVNL,2026-01-14,446.855649,468.766316,438.925159,460.592041,79940315
RVNL,2026-01-15,459.524135,467.514665,453.718102,461.681375,124704694
RVNL,2026-01-16,461.925357,473.578774,460.825680,472.454032,149616900
RVNL,2026-01-19,474.608737,491.889496,469.482755,486.633639,84123847
RVNL,2026-01-20,480.378496,483.137867,472.678134,475.408960,96333693
RVNL,2026-01-21,473.519046,484.599966,469.878040,480.902190,92089301
RVNL,2026-01-22,481.966067,492.810925,478.310714,489.101455,71090920
RVNL,2026-01-23,491.753118,502.636863,473.007989,483.713803,41455119
RVNL,2026-01-26,478.073042,486.400200,474.153890,482.445205,122110279
RVNL,2026-01-27,480.207931,489.868394,472.407833,482.038561,149326448
RVNL,2026-01-28,485.837990,492.942664,464.972683,471.873141,107787899
RVNL,2026-01-29,472.101415,481.542286,466.066858,475.464739,112468665
RVNL,2026-01-30,476.749165,494.476865,472.533353,490.142618,148985048
RVNL,2026-02-02,493.225008,499.559685,472.293646,478.438413,104198414
RVNL,2026-02-03,479.661239,492.251053,476.494380,489.022389,16309091
RVNL,2026-02-04,494.634814,503.296565,484.910006,493.552809,82980890
RVNL,2026-02-05,495.625562,496.516768,492.476947,493.364087,78396646
RVNL,2026-02-06,493.953198,499.306973,476.506108,481.727371,62836222
RVNL,2026-02-09,482.827421,489.156665,477.867721,484.183039,127512793
RVNL,2026-02-10,487.838265,496.370592,479.929795,488.452171,99477624
RVNL,2026-02-11,494.244019,502.149517,477.086405,484.841508,42818817
RVNL,2026-02-12,492.915834,508.039907,483.603246,498.619560,42263865
RVNL,2026-02-13,493.043558,519.361619,480.259174,506.235182,140509485
RVNL,2026-02-16,503.206245,536.373458,495.409371,528.189484,75249155
RVNL,2026-02-17,533.422241,548.896076,526.061346,541.424753,143200818
RVNL,2026-02-18,546.313444,562.458222,539.036980,555.065192,51003525
RVNL,2026-02-19,554.356647,590.921875,547.650615,583.858955,82904215
RVNL,2026-02-20,580.035386,604.172325,575.070781,599.045015,87226635
RVNL,2026-02-23,598.310044,608.247936,575.947608,585.675643,128084231
RVNL,2026-02-24,588.578228,596.594590,583.270484,591.262638,14532718
RVNL,2026-02-25,588.174075,604.771735,580.192224,596.674528,91250548
RVNL,2026-02-26,590.819925,597.339283,573.054284,579.448162,132316976
RVNL,2026-02-27,581.529774,591.176778,575.533400,585.143145,131326793
RVNL,2026-03-02,591.651071,596.190874,572.750980,577.179743,90228445
RVNL,2026-03-03,573.084026,583.472698,562.600817,572.987743,41439471
RVNL,2026-03-04,568.068614,579.178579,560.277248,571.342313,97814110
RVNL,2026-03-05,571.615863,602.800050,565.380035,596.294994,8861998
RVNL,2026-03-06,593.743848,600.457968,578.309608,584.923992,13441015
RVNL,2026-03-09,585.686635,595.102722,572.851100,582.211313,87735246
RVNL,2026-03-10,581.448333,592.516834,573.052184,584.082646,112846193
RVNL,2026-03-11,581.768349,600.628971,574.623768,593.342253,3062678
RVNL,2026-03-12,593.654031,600.369909,581.914857,588.573257,78881908
RVNL,2026-03-13,584.067602,593.614443,575.049059,584.587866,10138757
RVNL,2026-03-16,578.872975,585.785586,570.923773,577.823857,115876276
RVNL,2026-03-17,580.511072,606.116087,568.282827,593.611879,44294862
RVNL,2026-03-18,594.351802,603.348812,591.080173,600.045840,131613499
RVNL,2026-03-19,601.178809,607.530460,574.706575,580.843376,123757431
RVNL,2026-03-20,579.412266,587.271539,568.330653,576.145617,42913843
RVNL,2026-03-23,582.362032,590.161427,551.936719,559.428979,81022418
RVNL,2026-03-24,561.682310,570.241339,545.832777,554.278993,43926708
RVNL,2026-03-25,557.492469,568.570897,530.585907,541.343423,34152296
RVNL,2026-03-26,544.729512,548.707194,528.785563,532.675223,2664232
RVNL,2026-03-27,537.854621,546.145195,529.720525,538.008767,56604604
RVNL,2026-03-30,538.248584,548.094862,526.337087,536.144881,143702835
RVNL,2026-03-31,537.347190,547.155184,532.925170,542.689202,5883387
RVNL,2026-04-01,541.720857,547.746888,536.229194,542.249862,1184104
RVNL,2026-04-02,544.178449,550.902839,521.402276,527.925833,122542084
RVNL,2026-04-03,531.703639,542.697251,525.849952,536.787593,5271624
RVNL,2026-04-06,531.759669,566.419508,522.346517,556.567216,44442583
RVNL,2026-04-07,562.720946,580.304571,558.387780,575.870151,10324080
RVNL,2026-04-08,578.372055,587.847484,555.671158,564.926306,55067981
RVNL,2026-04-09,563.194226,586.224738,553.899727,576.707231,39203151
RVNL,2026-04-10,575.871706,584.508997,565.095914,573.700643,80117323
RVNL,2026-04-13,569.440066,595.146562,556.352522,581.775511,93052012
RVNL,2026-04-14,581.801221,588.316032,574.705454,581.213686,99724070
RVNL,2026-04-15,582.239930,590.040481,582.008541,589.806085,23517380
RVNL,2026-04-16,588.346934,610.436877,582.257028,604.183053,124060004
RVNL,2026-04-17,603.120414,635.187187,592.069911,623.758548,148403657
RVNL,2026-04-20,617.517334,629.582158,604.822032,616.874292,17762755
RVNL,2026-04-21,624.799414,633.516425,606.316732,614.895567,13726653
RVNL,2026-04-22,616.678604,621.049196,608.826643,613.172385,139323646
RVNL,2026-04-23,607.340776,621.170589,595.140693,608.938413,62513538
RVNL,2026-04-24,607.623857,621.584403,592.142479,606.067261,143972295
RVNL,2026-04-27,605.263038,616.757271,593.807757,605.301266,134377819
RVNL,2026-04-28,603.397421,606.859323,597.340416,600.787343,115751641
RVNL,2026-04-29,601.523883,611.426504,585.745703,595.549979,41709503
RVNL,2026-04-30,592.081991,601.545105,586.474293,595.901235,149678502
RVNL,2026-05-01,598.786393,615.150509,593.065636,609.329028,96141016
RVNL,2026-05-04,603.540438,610.691134,591.009861,598.096052,4462645
RVNL,2026-05-05,599.687403,628.031115,585.641411,613.657903,138240219
RVNL,2026-05-06,614.456884,634.334804,611.981460,631.789554,32584909
RVNL,2026-05-07,640.808172,649.625079,622.528290,631.213180,26152332
RVNL,2026-05-08,633.968652,650.211550,623.391079,639.541004,45272448
RVNL,2026-05-11,638.252359,663.092222,630.626700,655.263322,90654024
RVNL,2026-05-12,651.757909,659.922863,642.407216,650.557127,101613151
RVNL,2026-05-13,653.916372,662.756273,638.274027,647.020709,120257372
RVNL,2026-05-14,653.158624,664.644732,644.611105,656.059254,100083074
RVNL,2026-05-15,660.585103,664.756031,647.866225,651.982838,106509571
RVNL,2026-05-18,652.448226,718.770817,639.983006,705.295925,127214600
RVNL,2026-05-19,710.046076,710.621424,704.180215,704.751273,58700788
RVNL,2026-05-20,695.834686,745.875940,692.361241,742.171195,70874942
RVNL,2026-05-21,739.274217,788.843682,726.393373,775.334536,135817195
RVNL,2026-05-22,776.601667,787.379053,766.165539,776.938399,41792491
RVNL,2026-05-25,772.138926,813.333430,758.739266,799.459647,133607810
RVNL,2026-05-26,800.780250,811.842998,771.890696,782.703718,17068953
RVNL,2026-05-27,775.621614,781.262858,768.041887,773.668928,126292922
RVNL,2026-05-28,776.431100,820.167104,769.290035,812.692533,41769047
RVNL,2026-05-29,812.961406,834.197576,802.072410,823.171818,71242499
RVNL,2026-06-01,822.035586,829.680806,795.789028,803.259624,140927319
RVNL,2026-06-02,805.167949,835.004557,791.587085,821.154054,14665316
RVNL,2026-06-03,816.463707,831.245347,780.626091,795.019495,48843535
RVNL,2026-06-04,796.521211,801.054955,767.021994,771.412822,76384820
RVNL,2026-06-05,773.700208,785.929017,757.786551,769.956184,37318181
RVNL,2026-06-08,769.522162,790.499650,752.284600,773.180148,96505692
RVNL,2026-06-09,768.271524,773.422886,764.404557,769.549487,38592046
RVNL,2026-06-10,769.002774,772.716415,732.355752,735.909580,50329114
RVNL,2026-06-11,735.079981,744.270715,703.339211,712.244432,84115460
RVNL,2026-06-12,715.987068,729.325126,692.457995,705.602601,136975696
RVNL,2026-06-15,707.045395,717.793106,692.032389,702.714264,77251681
RVNL,2026-06-16,698.331747,706.479214,689.084689,697.219175,108824223
RVNL,2026-06-17,692.410133,730.879288,682.514774,720.581330,126370681
RVNL,2026-06-18,724.712970,728.243086,714.334717,717.831312,87827316
RVNL,2026-06-19,719.395428,776.285678,709.678745,765.940325,41834295
RVNL,2026-06-22,762.234529,788.775338,755.158723,781.520501,57727426
RVNL,2026-06-23,783.935158,791.583459,767.243964,774.803171,38274377
RVNL,2026-06-24,774.446781,815.249285,768.598387,809.138906,62690529
RVNL,2026-06-25,816.761924,834.878422,803.333442,821.374110,55816449
RVNL,2026-06-26,822.132528,835.306863,816.272306,829.394874,86529062
RVNL,2026-06-29,825.119355,850.017430,814.592972,839.310012,97184246
RVNL,2026-06-30,843.169755,853.973531,831.485842,842.278194,127333995
RVNL,2026-07-01,841.210557,853.816274,827.315927,839.902035,80832422
RVNL,2026-07-02,846.036601,878.241351,835.049971,866.982715,72730219
RVNL,2026-07-03,857.638585,874.669432,846.355581,863.311792,99624176
RVNL,2026-07-06,858.834136,897.725546,850.105674,888.693618,31646228
RVNL,2026-07-07,895.438810,910.044951,856.772393,870.979562,136142393
RVNL,2026-07-08,871.972968,895.715846,864.759945,888.367209,43612428
RVNL,2026-07-09,887.925457,900.146812,864.751148,876.819643,146015083
RVNL,2026-07-10,871.891141,896.388504,859.250691,883.578613,44998193
RVNL,2026-07-13,887.199993,898.289309,861.860661,872.769608,19495293
RVNL,2026-07-14,873.442753,894.560724,862.972737,883.964582,144728782
RVNL,2026-07-15,883.472672,893.945190,854.376834,864.625947,8588357
RVNL,2026-07-16,863.100339,895.675036,856.471490,888.848435,111977643
RVNL,2026-07-17,889.893671,913.086637,868.639470,891.787211,142054075
RVNL,2026-07-20,888.224642,930.217239,879.798199,921.475351,49109155
RVNL,2026-07-21,929.257492,941.397287,924.596710,936.699180,113490242
RVNL,2026-07-22,941.592405,955.416965,910.005367,923.565250,46358277
RVNL,2026-07-23,926.382252,953.996419,909.656877,937.077938,68784411
RVNL,2026-07-24,941.811657,955.429492,931.817468,945.397255,127534301
RVNL,2026-07-27,943.758858,991.774548,931.064118,978.611003,51756768
RVNL,2026-07-28,984.643036,1027.039764,972.365945,1014.391749,65492079
RVNL,2026-07-29,1024.684910,1038.893829,994.237733,1008.218317,98307337
RVNL,2026-07-30,1003.760859,1050.343377,992.631638,1038.825377,107716102
RVNL,2026-07-31,1040.025241,1078.734320,1022.646970,1061.005481,149262697
RVNL,2026-08-03,1055.011670,1138.738368,1029.900836,1112.264825,77180511
RVNL,2026-08-04,1115.722651,1133.758166,1080.407115,1098.158711,139144807
RVNL,2026-08-05,1107.737586,1135.555487,1102.016541,1129.720906,127851492
RVNL,2026-08-06,1124.764306,1143.014222,1098.704090,1116.825189,10254577
RVNL,2026-08-07,1104.497632,1133.911418,1097.574294,1126.847982,19342225
RVNL,2026-08-10,1117.148199,1140.892778,1109.454685,1133.089481,65905084
RVNL,2026-08-11,1135.356946,1167.735990,1125.385221,1157.569177,125571381
RVNL,2026-08-12,1152.589187,1173.905455,1150.462544,1171.743471,79403691
RVNL,2026-08-13,1159.104966,1218.557443,1123.607480,1182.348137,125757399
RVNL,2026-08-14,1182.734991,1242.649990,1164.341225,1223.620379,145995737
RVNL,2026-08-17,1229.956920,1238.556495,1213.249320,1221.791806,62728206
RVNL,2026-08-18,1227.353387,1236.111381,1195.766218,1204.360140,48088982
RVNL,2026-08-19,1211.000987,1233.986313,1180.395042,1203.232927,96862995
RVNL,2026-08-20,1210.761999,1230.249719,1143.797145,1162.508200,102605467
RVNL,2026-08-21,1161.107187,1190.430769,1146.176770,1175.317623,125302633
RVNL,2026-08-24,1167.457044,1188.841367,1127.980010,1149.026745,134661510
RVNL,2026-08-25,1161.143519,1188.226037,1148.352776,1175.279576,20923575
RVNL,2026-08-26,1167.971848,1285.512489,1145.367486,1261.105660,82459815
RVNL,2026-08-27,1261.856993,1305.197201,1242.283799,1285.260978,58003702
RVNL,2026-08-28,1279.355879,1319.817806,1252.780736,1292.960072,64154745
RVNL,2026-08-31,1274.249798,1313.615668,1240.794205,1280.008870,137096689
RVNL,2026-09-01,1283.081906,1298.122644,1262.740191,1277.718052,108065299
RVNL,2026-09-02,1281.138521,1292.211322,1270.662148,1281.730111,57020768
RVNL,2026-09-03,1266.081932,1285.491528,1254.510636,1273.849243,79723860
RVNL,2026-09-04,1277.508620,1302.886713,1267.799900,1293.059807,11772174
RVNL,2026-09-07,1287.355166,1296.881026,1271.614947,1281.094480,44563011
RVNL,2026-09-08,1273.614371,1291.589784,1235.772684,1253.463696,87099570
RVNL,2026-09-09,1246.864596,1268.018770,1218.672690,1239.705402,66754046
RVNL,2026-09-10,1244.264860,1260.439737,1216.157970,1232.175692,71214008
RVNL,2026-09-11,1230.389969,1254.291559,1216.176846,1239.967796,20173594
RVNL,2026-09-14,1247.869917,1270.328722,1173.275296,1194.778578,93749180
RVNL,2026-09-15,1188.127182,1196.338359,1168.332250,1176.462814,144984285
RVNL,2026-09-16,1174.585619,1191.446925,1118.982919,1135.279988,62521600
RVNL,2026-09-17,1131.083137,1156.664628,1121.348764,1146.795034,114944772
RVNL,2026-09-18,1151.177536,1166.191235,1141.629134,1156.597874,87636206
RVNL,2026-09-21,1154.254845,1173.109037,1094.116666,1112.285307,51332901
RVNL,2026-09-22,1117.030554,1129.307848,1104.143488,1116.414005,112939918
RVNL,2026-09-23,1116.714680,1129.470563,1079.249630,1091.720006,36749348
LT,2025-10-07,3622.909262,3654.787670,3534.409402,3565.785169,11854642
LT,2025-10-08,3571.335365,3643.263993,3551.064152,3622.701223,25584085
LT,2025-10-09,3644.974431,3744.587717,3396.095475,3491.514874,26170369
LT,2025-10-10,3514.121275,3602.926294,3440.614750,3529.106320,105482398
LT,2025-10-13,3566.625157,3678.658462,3505.127524,3616.304236,138968193
LT,2025-10-14,3669.267230,3730.186926,3585.169804,3645.698190,99139242
LT,2025-10-15,3637.741170,3823.879914,3563.187524,3747.085316,8112983
LT,2025-10-16,3751.638781,3782.784019,3688.386936,3719.263401,15439366
LT,2025-10-17,3727.941037,3850.534926,3699.927226,3821.815689,47891108
LT,2025-10-20,3793.531654,4045.813567,3768.832622,4019.642367,123094491
LT,2025-10-21,4015.190018,4068.474241,3968.124725,4021.336896,85410534
LT,2025-10-22,4036.184997,4071.491381,3993.767446,4029.011077,126325052
LT,2025-10-23,3988.645761,4115.870178,3934.117707,4060.361708,104632682
LT,2025-10-24,4090.709125,4132.872686,4031.927252,4073.917742,26398919
LT,2025-10-27,4053.223812,4088.495449,3932.737849,3967.261431,121455491
LT,2025-10-28,3960.953897,3973.016292,3923.153284,3935.137058,109780541
LT,2025-10-29,3950.399789,4020.901665,3846.087952,3915.975465,96378249
LT,2025-10-30,3922.319889,4054.938585,3880.775490,4012.439656,22203793
LT,2025-10-31,3950.365657,4110.895792,3889.666163,4048.685561,98967153
LT,2025-11-03,4002.393557,4150.412925,3964.554474,4111.541941,46808920
LT,2025-11-04,4100.193947,4297.794341,4027.387725,4222.810839,25123396
LT,2025-11-05,4241.168750,4275.147927,4155.764513,4189.328358,63142500
LT,2025-11-06,4174.905045,4226.644223,4131.435084,4183.089048,132683103
LT,2025-11-07,4143.506946,4315.079454,4092.352971,4262.456972,147119233
LT,2025-11-10,4273.023170,4382.363666,4184.826470,4293.739376,14384195
LT,2025-11-11,4241.934415,4365.671099,4154.776463,4277.776704,103777850
LT,2025-11-12,4297.637192,4336.617562,4116.959139,4154.642521,147956628
LT,2025-11-13,4137.684216,4199.567619,4034.808511,4096.069522,94737769
LT,2025-11-14,4079.278706,4128.461405,4038.212707,4087.314509,30520968
LT,2025-11-17,4094.916304,4289.383512,4039.190214,4231.794699,64149942
LT,2025-11-18,4231.012352,4259.770673,4163.924054,4192.420062,117678926
LT,2025-11-19,4172.253953,4239.378619,4115.410523,4182.396998,119332842
LT,2025-11-20,4152.987291,4217.555344,4111.564962,4175.904436,79241917
LT,2025-11-21,4193.913468,4237.403959,4093.873515,4136.771449,31014287
LT,2025-11-24,4114.055346,4254.517922,4064.834078,4204.217933,91068728
LT,2025-11-25,4222.663402,4335.890103,4162.427063,4274.908487,139790245
LT,2025-11-26,4286.503636,4396.531376,4243.910463,4353.274728,61626802
LT,2025-11-27,4327.083739,4665.214685,4285.707052,4621.027235,31079799
LT,2025-11-28,4631.788326,4754.528694,4581.311552,4703.272889,20616878
LT,2025-12-01,4646.062793,4700.791731,4564.807403,4619.220145,3042906
LT,2025-12-02,4631.204105,4714.193933,4559.479505,4642.297526,79083762
LT,2025-12-03,4662.897699,4746.516297,4429.268789,4510.148167,128416897
LT,2025-12-04,4525.221018,4583.825756,4366.785724,4424.080624,111023985
LT,2025-12-05,4431.868532,4620.919350,4396.861637,4584.705213,71643377
LT,2025-12-08,4569.169397,4813.350463,4513.838971,4755.760510,35772728
LT,2025-12-09,4786.193655,4856.766741,4704.530575,4774.937690,84909723
LT,2025-12-10,4801.202718,4886.311287,4706.594888,4791.532029,63866806
LT,2025-12-11,4822.093497,4923.572412,4564.492532,4662.615296,6971386
LT,2025-12-12,4674.298410,4744.610975,4534.198247,4603.445009,26012864
LT,2025-12-15,4585.243372,4664.539614,4483.878045,4562.785912,44079541
LT,2025-12-16,4570.407293,4622.825801,4553.939654,4606.229093,133768515
LT,2025-12-17,4615.223875,4647.897040,4603.956870,4636.577903,58590820
LT,2025-12-18,4639.021538,4736.290672,4582.079106,4678.859245,37285006
LT,2025-12-19,4703.161888,4749.579874,4637.841493,4684.071062,4785993
LT,2025-12-22,4693.270625,4719.565171,4548.378209,4574.004554,63871921
LT,2025-12-23,4573.572771,4642.370612,4431.253919,4498.928931,144090904
LT,2025-12-24,4512.644383,4538.092120,4350.827944,4375.502309,36148686
LT,2025-12-25,4375.634742,4459.303285,4329.325302,4412.602596,95741122
LT,2025-12-26,4445.177497,4568.609866,4378.311663,4500.905749,131584087
LT,2025-12-29,4538.897259,4582.326403,4302.939818,4344.509013,85336852
LT,2025-12-30,4360.652953,4442.557150,4239.242878,4320.390850,115200227
LT,2025-12-31,4354.719073,4436.401604,4273.585072,4355.257569,72323404
LT,2026-01-01,4342.537389,4429.383867,4212.187115,4298.145805,130047252
LT,2026-01-02,4283.138245,4375.225945,4229.893513,4321.504276,135169239
LT,2026-01-05,4275.136655,4345.362276,4242.519520,4312.460380,111653690
LT,2026-01-06,4258.002190,4401.303691,4191.329867,4333.449997,45892053
LT,2026-01-07,4336.000356,4387.642864,4279.716625,4331.303189,143016075
LT,2026-01-08,4391.838335,4449.196593,4349.507647,4406.722444,131598447
LT,2026-01-09,4442.275070,4473.724554,4298.930447,4329.582111,75057644
LT,2026-01-12,4320.358913,4364.121227,4308.408732,4352.083296,123710247
LT,2026-01-13,4295.846325,4385.719985,4033.522483,4119.711209,70231297
LT,2026-01-14,4092.019813,4095.187065,4059.993603,4063.138501,69096925
LT,2026-01-15,4087.897567,4122.499392,4007.121360,4041.329007,81422193
LT,2026-01-16,4037.415143,4209.020633,3968.861910,4138.746840,13748866
LT,2026-01-19,4174.761394,4237.915586,4093.338898,4156.212490,48894432
LT,2026-01-20,4149.702106,4290.845951,4119.120434,4259.455440,96809588
LT,2026-01-21,4260.133112,4281.860543,4225.322683,4246.983046,18167364
LT,2026-01-22,4260.606892,4307.980937,4255.073130,4302.392902,91657864
LT,2026-01-23,4351.195679,4401.855352,4278.226186,4328.623053,91838940
LT,2026-01-26,4288.152484,4636.792679,4252.440242,4598.495861,113807949
LT,2026-01-27,4604.494196,4687.301529,4560.107241,4642.547741,46863652
LT,2026-01-28,4581.538983,4741.569758,4567.493173,4727.077764,66332943
LT,2026-01-29,4737.501490,4900.774541,4636.506660,4798.479765,38776822
LT,2026-01-30,4822.529667,5017.649180,4787.157784,4981.114125,11186283
LT,2026-02-02,4978.594715,5063.698139,4896.965731,4982.013107,32166036
LT,2026-02-03,4981.833951,5015.570635,4836.902698,4869.881245,57169684
LT,2026-02-04,4876.440110,4984.235192,4853.875329,4961.277840,82390365
LT,2026-02-05,4965.009436,5149.535082,4918.926663,5102.179167,94984507
LT,2026-02-06,5082.312202,5118.189913,4962.990391,4998.274855,47619026
LT,2026-02-09,4967.757992,5224.541891,4900.775577,5155.034348,22472520
LT,2026-02-10,5173.031621,5256.857124,5116.066251,5199.599192,49232624
LT,2026-02-11,5226.691917,5345.350875,5029.459428,5146.293132,146417788
LT,2026-02-12,5170.301303,5366.745771,5132.014713,5327.296615,47381399
LT,2026-02-13,5335.378762,5386.943101,5157.657735,5207.990920,145705824
LT,2026-02-16,5200.170755,5547.104420,5122.819272,5465.801731,80702334
LT,2026-02-17,5474.528428,5613.531317,5472.269330,5611.215814,56493023
LT,2026-02-18,5601.946396,5674.254189,5474.144167,5545.726291,44156775
LT,2026-02-19,5587.704171,5626.841012,5420.492035,5458.725497,74037045
LT,2026-02-20,5497.915286,5681.051367,5453.184822,5635.203936,73719752
LT,2026-02-23,5634.131648,5634.532721,5438.167419,5438.554570,97528701
LT,2026-02-24,5407.490681,5572.614913,5368.566349,5532.788658,61406536
LT,2026-02-25,5552.652809,5632.220879,5277.388020,5354.111038,9580366
LT,2026-02-26,5351.608969,5440.127906,5289.501500,5377.717438,80842885
LT,2026-02-27,5382.492852,5429.572501,5299.285128,5346.045983,41229046
LT,2026-03-02,5357.763859,5603.446269,5304.735956,5548.530276,82255511
LT,2026-03-03,5509.170040,5699.599268,5460.837830,5650.031275,19981634
LT,2026-03-04,5600.164649,5757.685201,5465.005582,5621.999161,5690429
LT,2026-03-05,5605.439112,5677.222942,5516.870375,5588.436467,59028964
LT,2026-03-06,5631.611944,5669.136510,5418.148299,5454.492684,134109468
LT,2026-03-09,5473.847936,5550.954465,5370.001632,5446.726113,62607425
LT,2026-03-10,5396.425828,5783.542973,5280.218966,5661.625294,37218461
LT,2026-03-11,5642.575099,5762.273671,5509.969382,5629.388214,7362620
LT,2026-03-12,5637.813247,5835.972382,5550.873535,5747.343621,63313255
LT,2026-03-13,5788.489792,5901.184919,5682.305610,5794.883450,73106499
LT,2026-03-16,5817.888388,5892.827616,5732.069656,5806.866919,104947921
LT,2026-03-17,5776.572720,6012.678471,5719.484293,5953.838174,96114924
LT,2026-03-18,5948.349160,6094.039203,5899.604570,6044.506638,79365061
LT,2026-03-19,6031.524770,6172.388769,5918.984809,6059.330001,5636352
LT,2026-03-20,6122.513954,6193.445461,5869.152756,5937.945977,42667631
LT,2026-03-23,5902.837643,5962.134300,5722.159936,5780.224893,124164992
LT,2026-03-24,5770.383857,5946.842979,5718.713139,5894.064764,86483672
LT,2026-03-25,5869.384309,5944.887761,5804.054329,5879.445791,51718313
LT,2026-03-26,5878.850642,6030.727114,5843.993350,5995.180074,53151032
LT,2026-03-27,6024.156293,6110.474995,5831.421989,5916.193721,1449010
LT,2026-03-30,5963.470712,6064.073547,5825.666622,5925.631109,74329231
LT,2026-03-31,5972.281902,6038.644000,5945.591083,6011.776675,65355554
LT,2026-04-01,5998.055244,6118.609872,5848.341665,5968.298208,139578150
LT,2026-04-02,5999.626252,6079.149223,5796.953624,5874.822363,68923110
LT,2026-04-03,5854.350138,6047.803155,5800.094423,5992.269261,51824475
LT,2026-04-06,5988.416992,6068.047727,5751.493842,5829.004799,134237358
LT,2026-04-07,5861.709984,5984.558695,5639.602131,5760.326055,112809200
LT,2026-04-08,5788.054263,5902.355435,5691.041580,5805.057759,44625438
LT,2026-04-09,5840.914232,5977.697929,5832.949611,5969.557890,143912566
LT,2026-04-10,5943.476810,5989.326291,5804.112760,5849.235237,114428068
LT,2026-04-13,5895.192049,5994.061872,5826.384249,5924.907240,129239792
LT,2026-04-14,5927.956804,5974.206218,5616.523546,5660.687750,78072753
LT,2026-04-15,5640.456513,5693.706066,5345.385113,5396.329953,93167673
LT,2026-04-16,5404.043714,5488.115126,5169.705165,5251.401908,16076241
LT,2026-04-17,5248.819290,5358.421155,5156.413133,5265.717504,79196859
LT,2026-04-20,5231.354507,5439.222096,5112.277702,5318.169203,37528306
LT,2026-04-21,5260.275316,5407.818373,5191.481242,5338.007713,16397954
LT,2026-04-22,5360.418158,5431.775830,5170.400419,5240.157182,88539119
LT,2026-04-23,5284.844471,5319.149262,5015.507746,5048.276938,45482777
LT,2026-04-24,5027.133765,5128.926255,4888.042565,4989.064199,26661087
LT,2026-04-27,4981.392890,5067.700717,4854.938693,4940.538678,50750200
LT,2026-04-28,4895.716580,5022.093721,4838.908598,4964.487745,63096921
LT,2026-04-29,4929.418860,4988.645096,4832.467472,4891.234934,130153679
LT,2026-04-30,4916.778458,5031.600799,4857.133929,4971.294941,26676513
LT,2026-05-01,4965.686621,5196.735196,4859.702771,5088.137840,119155687
LT,2026-05-04,5136.459364,5332.034592,5059.153230,5252.974846,39575942
LT,2026-05-05,5233.124806,5347.656521,5085.466289,5199.256772,20883787
LT,2026-05-06,5245.036029,5311.215440,5115.899678,5181.274578,25940766
LT,2026-05-07,5218.037296,5294.130976,5020.196416,5094.488405,139099993
LT,2026-05-08,5110.073181,5191.843078,5080.255367,5161.723876,15869269
LT,2026-05-11,5204.394441,5254.955710,5142.534935,5192.985363,126106259
LT,2026-05-12,5137.296926,5298.566470,5065.270733,5225.306363,30190666
LT,2026-05-13,5236.638132,5406.249314,5144.468829,5312.740543,111847501
LT,2026-05-14,5349.044062,5433.258045,5067.439198,5148.495800,41470631
LT,2026-05-15,5149.019330,5234.208884,5066.642721,5151.787981,19414942
LT,2026-05-18,5146.034252,5220.499012,5090.399693,5164.663054,35621249
LT,2026-05-19,5163.425682,5240.331896,4970.946017,5046.104806,51032411
LT,2026-05-20,5051.409150,5117.969287,4808.639769,4872.847075,139140145
LT,2026-05-21,4850.088741,5026.798872,4805.870185,4981.383296,58918485
LT,2026-05-22,4984.755999,5015.278887,4899.745383,4929.932574,125186915
LT,2026-05-25,4952.678646,5049.226521,4827.578820,4923.559036,40523185
LT,2026-05-26,4958.193409,5023.559972,4818.800774,4883.178374,8978585
LT,2026-05-27,4854.804576,4907.944397,4831.438970,4884.436178,94123502
LT,2026-05-28,4863.245243,4950.135604,4686.852212,4772.114360,87122001
LT,2026-05-29,4739.263708,4809.495641,4680.656991,4750.746920,80025503
LT,2026-06-01,4755.134277,4967.082024,4661.828485,4871.493028,136656414
LT,2026-06-02,4929.283384,5042.764441,4883.420346,4996.278070,119053228
LT,2026-06-03,4976.315266,5026.249303,4811.813489,4860.586262,122872159
LT,2026-06-04,4838.220023,4935.947631,4780.334905,4877.591468,68835319
LT,2026-06-05,4865.469586,4963.786059,4835.644212,4933.543393,33650010
LT,2026-06-08,4915.995633,5015.534379,4817.538532,4917.056041,116888771
LT,2026-06-09,4900.298146,4991.951318,4843.033364,4934.289316,67414022
LT,2026-06-10,4922.451134,5017.256208,4788.705882,4882.746251,6636168
LT,2026-06-11,4833.372417,4922.793370,4800.570178,4889.609472,35142576
LT,2026-06-12,4884.331452,5072.611258,4820.641583,5007.317694,111254581
LT,2026-06-15,5020.617450,5057.967866,4901.053697,4937.787910,45446668
LT,2026-06-16,4930.387712,5034.524761,4879.800288,4983.393481,36823056
LT,2026-06-17,5021.184764,5045.651751,4934.784491,4958.948215,17531541
LT,2026-06-18,4971.052593,5005.367153,4928.389039,4962.645567,22097520
LT,2026-06-19,4905.116047,4989.995932,4577.704331,4658.313456,3261923
LT,2026-06-22,4662.500617,4870.064531,4608.481753,4814.287098,128047827
LT,2026-06-23,4816.001713,4858.509560,4731.821968,4773.958727,97996167
LT,2026-06-24,4767.191680,4806.047811,4726.216216,4765.054930,13863490
LT,2026-06-25,4794.138885,4928.911941,4745.369345,4879.276321,23158111
LT,2026-06-26,4884.445442,5080.286788,4817.279484,5011.375418,99793664
LT,2026-06-29,5005.373995,5072.464712,4885.067996,4951.435738,82821922
LT,2026-06-30,4970.673909,5133.588270,4914.110390,5075.828154,89316466
LT,2026-07-01,5044.283040,5113.445589,4966.868853,5035.916691,93409223
LT,2026-07-02,5035.832931,5265.078971,4956.948886,5183.875900,5967830
LT,2026-07-03,5207.886196,5271.609220,4996.755870,5058.652895,77425053
LT,2026-07-06,5030.483323,5186.160488,4975.944328,5130.536743,56419110
LT,2026-07-07,5086.739199,5366.400637,5028.039031,5305.179700,140608556
LT,2026-07-08,5264.246888,5368.244357,5185.158204,5288.786989,138812191
LT,2026-07-09,5285.678234,5337.669706,5238.903243,5290.848957,44715018
LT,2026-07-10,5343.624922,5424.698304,5112.835869,5191.602774,26947215
LT,2026-07-13,5184.802102,5204.624612,5013.239447,5032.479598,134308562
LT,2026-07-14,5102.512347,5261.893341,5001.103733,5159.355021,39087223
LT,2026-07-15,5188.160613,5248.516352,5089.632149,5149.538584,55783030
LT,2026-07-16,5152.544603,5205.577204,5029.354815,5081.657814,22860327
LT,2026-07-17,5038.366257,5120.762662,4983.574687,5065.674122,26925158
LT,2026-07-20,5077.775624,5158.485872,4938.370327,5018.132560,27035341
LT,2026-07-21,5035.193206,5226.800611,4954.804439,5144.664099,60411364
LT,2026-07-22,5090.036634,5181.372899,4948.449463,5038.867543,86716380
LT,2026-07-23,5074.780261,5263.530818,5012.985305,5200.208538,63932714
LT,2026-07-24,5174.099731,5243.233036,5098.900403,5167.951561,16374069
LT,2026-07-27,5151.472198,5409.395719,5138.181731,5395.475738,99344307
LT,2026-07-28,5425.014361,5492.879447,5269.014829,5335.763415,123291831
LT,2026-07-29,5356.217081,5494.959008,5299.060672,5436.941189,33381033
LT,2026-07-30,5468.489770,5698.639668,5374.836063,5602.687678,68306668
LT,2026-07-31,5585.826007,5632.316239,5402.236619,5447.576213,114339581
LT,2026-08-03,5460.325816,5552.502039,5325.151137,5416.589035,57275210
LT,2026-08-04,5394.548704,5517.446723,5326.477249,5448.692057,69194753
LT,2026-08-05,5446.566370,5484.857481,5316.134423,5353.773168,76945092
LT,2026-08-06,5338.088321,5492.590523,5282.929717,5436.415898,130303678
LT,2026-08-07,5397.740352,5509.514415,5201.095690,5311.075127,85065936
LT,2026-08-10,5334.151436,5483.167672,5239.425786,5387.494735,78451172
LT,2026-08-11,5353.089956,5461.016650,5252.188755,5359.985475,52708980
LT,2026-08-12,5341.017074,5427.482805,5184.597279,5269.911888,82633012
LT,2026-08-13,5260.548855,5356.368092,5229.095111,5324.531783,57838992
LT,2026-08-14,5301.284993,5439.871468,5283.480747,5421.662936,52478394
LT,2026-08-17,5384.603290,5564.283486,5346.733748,5525.423565,136479940
LT,2026-08-18,5535.999632,5598.328103,5381.290458,5442.566993,14144339
LT,2026-08-19,5451.758762,5492.371114,5313.905832,5353.788363,17684499
LT,2026-08-20,5384.586785,5475.503162,5278.368128,5369.021694,60172755
LT,2026-08-21,5367.083793,5453.126269,5004.049951,5085.579486,128070281
LT,2026-08-24,5105.970157,5159.808123,5044.827568,5098.587693,65942424
LT,2026-08-25,5158.229554,5224.633799,4968.514953,5033.311066,96046646
LT,2026-08-26,5016.238218,5292.284774,4956.206211,5229.698178,44801257
LT,2026-08-27,5265.824265,5289.924027,5187.603412,5211.454342,144431353
LT,2026-08-28,5193.574339,5276.537343,5143.874503,5226.522213,18615375
LT,2026-08-31,5218.670442,5491.901448,5145.746226,5416.216774,69731247
LT,2026-09-01,5432.718116,5589.534737,5321.275514,5477.180077,61759451
LT,2026-09-02,5441.904195,5584.531536,5402.289787,5544.172663,78935527
LT,2026-09-03,5535.544913,5614.101227,5464.285982,5542.749551,92343811
LT,2026-09-04,5505.835601,5567.856205,5295.765609,5356.099508,105537778
LT,2026-09-07,5360.482738,5444.685776,5286.226263,5370.293398,12482369
LT,2026-09-08,5356.842169,5407.408893,5273.584364,5323.839555,38074455
LT,2026-09-09,5345.154175,5504.138792,5293.669249,5451.628300,21280248
LT,2026-09-10,5412.217291,5428.394613,5312.587066,5328.514196,41971494
LT,2026-09-11,5314.010545,5339.351692,5255.309924,5280.491226,75027744
LT,2026-09-14,5286.893102,5452.247703,5236.702782,5400.974370,98174179
LT,2026-09-15,5401.253833,5411.302780,5172.132243,5181.772849,94152916
LT,2026-09-16,5196.385873,5278.160983,4954.712250,5033.930818,58736524
LT,2026-09-17,5016.122811,5060.145383,4922.988586,4966.576327,71165577
LT,2026-09-18,4951.896441,5092.987220,4862.797068,5002.968901,58030886
LT,2026-09-21,5002.614347,5059.581159,4875.850605,4932.013455,94110341
LT,2026-09-22,4882.409031,5018.177965,4815.943771,4950.781930,68963368
LT,2026-09-23,4961.038017,5000.904456,4861.203665,4900.584303,80968523
TATASTEEL,2025-10-07,149.987443,156.905189,148.309914,155.169698,8063034
TATASTEEL,2025-10-08,156.188148,160.092066,154.407175,158.287159,75789911
TATASTEEL,2025-10-09,158.272943,159.589456,154.222235,155.515814,64002528
TATASTEEL,2025-10-10,155.472402,157.785062,152.737726,155.044014,99946160
TATASTEEL,2025-10-13,154.147972,161.086726,152.283670,159.161785,107501690
TATASTEEL,2025-10-14,159.078834,168.022768,158.033416,166.925783,8941737
TATASTEEL,2025-10-15,168.875024,170.361225,162.586349,164.029910,123506461
TATASTEEL,2025-10-16,164.741319,167.479425,157.938726,160.608135,64280704
TATASTEEL,2025-10-17,160.981106,167.505712,158.020821,164.481066,3776020
TATASTEEL,2025-10-20,163.168137,165.873379,161.294254,163.990057,84390235
TATASTEEL,2025-10-21,162.900976,168.502295,161.414641,166.978754,71923323
TATASTEEL,2025-10-22,165.145703,167.554239,163.679284,166.079529,129232277
TATASTEEL,2025-10-23,165.534860,167.159017,163.216955,164.834238,104353798
TATASTEEL,2025-10-24,166.236173,167.748672,160.347286,161.819601,3758522
TATASTEEL,2025-10-27,162.214197,164.527165,160.399002,162.706461,119596118
TATASTEEL,2025-10-28,164.232107,168.682644,160.860170,165.289007,30143615
TATASTEEL,2025-10-29,165.698904,168.911852,159.674992,162.832356,52877638
TATASTEEL,2025-10-30,162.537494,169.956692,160.451365,167.802982,130069868
TATASTEEL,2025-10-31,169.263771,173.765688,167.505340,171.979049,38881342
TATASTEEL,2025-11-03,173.189994,178.191061,170.796799,175.762320,142349136
TATASTEEL,2025-11-04,175.841518,178.126456,168.485653,170.703831,17151976
TATASTEEL,2025-11-05,170.308035,176.425738,168.024791,174.091767,32956283
TATASTEEL,2025-11-06,173.930859,176.980015,170.414548,173.455368,71006675
TATASTEEL,2025-11-07,173.348438,174.830581,167.721457,169.167855,103770036
TATASTEEL,2025-11-10,169.097935,171.733571,165.258317,167.874890,132243436
TATASTEEL,2025-11-11,168.025249,170.908396,165.064615,167.946409,66290894
TATASTEEL,2025-11-12,167.372583,171.099949,166.229018,169.938851,149359007
TATASTEEL,2025-11-13,170.475741,172.824274,165.271853,167.580500,20093993
TATASTEEL,2025-11-14,169.834582,172.229505,163.790645,166.133376,66427313
TATASTEEL,2025-11-17,164.840050,171.337385,162.278542,168.715653,13615930
TATASTEEL,2025-11-18,169.960339,171.253077,163.106064,164.356177,144867697
TATASTEEL,2025-11-19,163.499322,165.273525,152.690426,154.365514,135842409
TATASTEEL,2025-11-20,153.907808,156.452282,148.953858,151.457829,108333878
TATASTEEL,2025-11-21,151.337661,152.969715,148.217494,149.833325,39442986
TATASTEEL,2025-11-24,150.028676,151.933406,146.219124,148.099360,47117029
TATASTEEL,2025-11-25,147.252542,148.656349,145.192887,146.590381,28777222
TATASTEEL,2025-11-26,146.235779,153.809948,144.043027,151.537695,102245836
TATASTEEL,2025-11-27,152.906309,158.220107,149.983714,155.252664,126397137
TATASTEEL,2025-11-28,156.270433,159.829956,154.140759,157.681057,125428805
TATASTEEL,2025-12-01,158.523706,163.552870,156.395896,161.386632,58887087
TATASTEEL,2025-12-02,161.019036,163.907529,157.746627,160.628107,35755610
TATASTEEL,2025-12-03,160.590378,161.880709,156.999556,158.271253,23654651
TATASTEEL,2025-12-04,157.274709,158.654756,156.115490,157.493921,74491177
TATASTEEL,2025-12-05,157.618942,159.390245,155.337884,157.103394,71857987
TATASTEEL,2025-12-08,157.033727,158.132617,154.667684,155.757645,51254140
TATASTEEL,2025-12-09,155.587994,155.588690,153.074585,153.075269,28261849
TATASTEEL,2025-12-10,153.387937,154.579945,146.129256,147.273749,15779171
TATASTEEL,2025-12-11,147.875523,149.234759,140.959479,142.267164,38479782
TATASTEEL,2025-12-12,141.153100,146.070278,138.538760,143.414062,19098867
TATASTEEL,2025-12-15,143.796895,149.940638,141.722753,147.808630,133488523
TATASTEEL,2025-12-16,147.319838,152.832835,145.437041,150.904228,66068553
TATASTEEL,2025-12-17,151.567496,156.915307,150.170880,155.482615,143731825
TATASTEEL,2025-12-18,155.261753,156.575796,153.343537,154.652423,142983513
TATASTEEL,2025-12-19,155.134548,156.967064,151.241928,153.049818,6250830
TATASTEEL,2025-12-22,153.766191,155.071799,150.072964,151.358125,35684743
TATASTEEL,2025-12-23,150.084230,151.380821,144.773113,146.034719,143545229
TATASTEEL,2025-12-24,145.603913,151.688140,143.943213,149.977556,21486724
TATASTEEL,2025-12-25,148.638512,151.026646,145.206068,147.577150,133516387
TATASTEEL,2025-12-26,146.868775,151.143487,145.786464,150.037822,76188226
TATASTEEL,2025-12-29,151.367141,152.301265,149.141402,150.067506,36904485
TATASTEEL,2025-12-30,150.287636,153.703218,148.013001,151.411571,135574883
TATASTEEL,2025-12-31,151.016736,157.173726,147.501700,153.598595,85617915
TATASTEEL,2026-01-01,153.972996,156.174599,152.197435,154.394181,52744908
TATASTEEL,2026-01-02,154.504166,157.647307,151.742361,154.878806,61178941
TATASTEEL,2026-01-05,154.989611,163.257750,153.565524,161.771351,50022088
TATASTEEL,2026-01-06,160.758268,164.510174,156.983039,160.734387,83511323
TATASTEEL,2026-01-07,159.474920,160.405759,150.144495,151.026019,77315289
TATASTEEL,2026-01-08,150.074410,156.645281,148.971795,155.502782,92279399
TATASTEEL,2026-01-09,155.881337,158.337631,145.602657,147.933717,133968587
TATASTEEL,2026-01-12,148.268306,149.583426,143.981006,145.269528,12914040
TATASTEEL,2026-01-13,145.505669,146.575490,139.801016,140.836506,114083970
TATASTEEL,2026-01-14,140.835612,141.282444,137.600067,138.038023,27094949
TATASTEEL,2026-01-15,138.209664,140.579498,137.652575,140.015132,147166650
TATASTEEL,2026-01-16,140.948506,143.410493,137.560081,140.005598,141499297
TATASTEEL,2026-01-19,140.798242,143.055334,138.567858,140.824534,9584935
TATASTEEL,2026-01-20,141.337629,142.344882,137.420863,138.407233,130984611
TATASTEEL,2026-01-21,139.504889,143.139661,139.173472,142.800415,124194614
TATASTEEL,2026-01-22,142.025651,148.100267,140.072439,146.091144,51253488
TATASTEEL,2026-01-23,145.087882,146.955733,142.429437,144.286977,68578737
TATASTEEL,2026-01-26,144.382685,146.417596,139.634448,141.630571,142762665
TATASTEEL,2026-01-27,141.739545,143.221816,137.607717,139.061987,41856756
TATASTEEL,2026-01-28,139.262595,140.985451,137.839496,139.559320,64215845
TATASTEEL,2026-01-29,140.077257,141.260252,138.904310,140.087221,62227695
TATASTEEL,2026-01-30,141.407522,144.049500,136.923536,139.530444,7758894
TATASTEEL,2026-02-02,138.471133,142.651649,138.318100,142.494169,137741545
TATASTEEL,2026-02-03,142.530222,144.023423,137.061537,138.512648,142284168
TATASTEEL,2026-02-04,137.701656,138.922314,131.872884,133.052329,9931818
TATASTEEL,2026-02-05,133.265150,134.904180,130.782722,132.411250,142140603
TATASTEEL,2026-02-06,132.072325,134.423902,130.474774,132.817339,45418918
TATASTEEL,2026-02-09,132.137300,135.244580,129.704243,132.799333,50033551
TATASTEEL,2026-02-10,131.935247,132.608938,126.571480,127.221100,82892472
TATASTEEL,2026-02-11,126.996860,133.517591,126.106342,132.587869,56017441
TATASTEEL,2026-02-12,131.054070,133.261712,129.604630,131.803978,4326255
TATASTEEL,2026-02-13,132.179890,133.135712,128.718864,129.656437,120679263
TATASTEEL,2026-02-16,128.962272,134.407253,127.523309,132.924084,148172867
TATASTEEL,2026-02-17,134.109823,137.415248,127.878909,131.110406,6982382
TATASTEEL,2026-02-18,130.267378,136.906343,128.550770,135.125714,144247623
TATASTEEL,2026-02-19,135.851336,137.014577,132.297098,133.439690,74151058
TATASTEEL,2026-02-20,134.190919,135.343265,132.100264,133.244483,54685195
TATASTEEL,2026-02-23,132.721959,138.135213,130.166206,135.525475,50808366
TATASTEEL,2026-02-24,135.892433,140.600014,133.364800,138.032574,32358779
TATASTEEL,2026-02-25,138.066980,139.890321,134.941147,136.747057,41131650
TATASTEEL,2026-02-26,136.714608,138.956660,132.300867,134.506712,37823928
TATASTEEL,2026-02-27,136.213682,138.960081,133.416477,136.161831,139417789
TATASTEEL,2026-03-02,136.565298,138.516425,130.238012,132.125710,88106484
TATASTEEL,2026-03-03,132.456750,135.206925,127.592945,130.298305,59420661
TATASTEEL,2026-03-04,130.674405,131.676805,127.534945,128.520824,148985784
TATASTEEL,2026-03-05,128.450569,130.431083,122.049036,123.960316,107657166
TATASTEEL,2026-03-06,122.177108,126.660883,120.124272,124.567876,143173802
TATASTEEL,2026-03-09,122.471475,126.245937,121.034232,124.781584,120555075
TATASTEEL,2026-03-10,123.924958,125.660363,121.627962,123.355391,149213283
TATASTEEL,2026-03-11,122.573058,125.881173,121.136676,124.423110,139923703
TATASTEEL,2026-03-12,124.282274,126.732542,114.249847,116.547624,88365827
TATASTEEL,2026-03-13,115.878475,117.497444,110.629424,112.196958,14237638
TATASTEEL,2026-03-16,111.586348,113.563133,107.612919,109.553695,97101150
TATASTEEL,2026-03-17,109.540813,110.763996,105.850404,107.045726,102512763
TATASTEEL,2026-03-18,106.088142,108.421522,103.205984,105.527022,143644069
TATASTEEL,2026-03-19,104.129371,106.453304,102.645193,104.957325,77170687
TATASTEEL,2026-03-20,104.493578,105.688406,104.071196,105.262914,38968600
TATASTEEL,2026-03-23,105.395186,105.739877,103.405076,103.744367,73247858
TATASTEEL,2026-03-24,104.250844,107.070006,102.812314,105.612685,75062039
TATASTEEL,2026-03-25,104.605962,107.933199,103.206992,106.508782,10532788
TATASTEEL,2026-03-26,106.365672,110.389836,104.656684,108.644239,54489998
TATASTEEL,2026-03-27,108.461681,111.764797,107.416604,110.698170,91311844
TATASTEEL,2026-03-30,110.779900,113.515300,109.084008,111.803734,45026246
TATASTEEL,2026-03-31,111.751862,113.937901,106.875971,109.008342,112382024
TATASTEEL,2026-04-01,108.794065,110.667668,105.314065,107.159518,60685531
TATASTEEL,2026-04-02,107.403071,107.891708,105.968037,106.452349,73725165
TATASTEEL,2026-04-03,106.326541,112.148968,103.541888,109.286788,79035098
TATASTEEL,2026-04-06,109.447488,111.002437,108.042199,109.595252,47401329
TATASTEEL,2026-04-07,109.033102,110.316926,104.449568,105.694077,117445578
TATASTEEL,2026-04-08,104.948009,105.494887,102.957634,103.496950,8665489
TATASTEEL,2026-04-09,103.929248,105.062267,103.292765,104.422761,68211489
TATASTEEL,2026-04-10,104.407801,105.453568,100.343507,101.358734,59995046
TATASTEEL,2026-04-13,101.666447,104.309414,100.147211,102.773633,126425197
TATASTEEL,2026-04-14,103.006740,104.557599,97.695503,99.188880,148856562
TATASTEEL,2026-04-15,99.619384,102.169111,99.012450,101.550412,106258208
TATASTEEL,2026-04-16,101.882088,102.939331,98.865035,99.901727,121510035
TATASTEEL,2026-04-17,99.750956,101.137751,97.952914,99.333911,120503630
TATASTEEL,2026-04-20,99.371010,100.693978,98.159369,99.480996,124706771
TATASTEEL,2026-04-21,99.811033,101.235778,97.845353,99.262265,120720987
TATASTEEL,2026-04-22,99.764524,104.039567,98.936895,103.183574,145485520
TATASTEEL,2026-04-23,102.177487,104.246527,100.490326,102.553162,38846601
TATASTEEL,2026-04-24,103.104050,104.213867,97.137047,98.194011,137879110
TATASTEEL,2026-04-27,97.828823,100.374632,97.109809,99.642289,48841341
TATASTEEL,2026-04-28,99.807801,101.413734,97.141882,98.730480,71949811
TATASTEEL,2026-04-29,97.796336,99.105716,93.026199,94.288615,62060172
TATASTEEL,2026-04-30,93.838939,101.985854,92.079675,100.109040,110719729
TATASTEEL,2026-05-01,99.919398,102.470447,98.314392,100.850485,15037827
TATASTEEL,2026-05-04,100.424754,101.709193,98.887749,100.168916,134881615
TATASTEEL,2026-05-05,99.506059,101.418859,97.649077,99.560854,128079460
TATASTEEL,2026-05-06,98.940600,100.527461,97.594009,99.177644,87402718
TATASTEEL,2026-05-07,98.866817,99.445007,91.785427,92.325362,45421933
TATASTEEL,2026-05-08,93.063111,97.512932,92.815543,97.254214,34601192
TATASTEEL,2026-05-11,96.575203,98.752219,95.511735,97.676622,57184409
TATASTEEL,2026-05-12,97.810954,98.514431,97.010734,97.713510,58746920
TATASTEEL,2026-05-13,97.455191,101.093805,95.673906,99.279181,19214387
TATASTEEL,2026-05-14,100.466436,102.713894,95.959542,98.155299,118028801
TATASTEEL,2026-05-15,98.636079,100.034928,92.465937,93.796146,92065455
TATASTEEL,2026-05-18,94.387667,94.934841,91.977443,92.513753,85384283
TATASTEEL,2026-05-19,92.852647,94.249936,91.753218,93.147022,43366006
TATASTEEL,2026-05-20,92.912458,93.421873,91.864174,92.370618,1690805
TATASTEEL,2026-05-21,92.659408,93.640605,87.012906,87.944172,110057850
TATASTEEL,2026-05-22,87.738521,90.706264,85.798256,88.743768,2054287
TATASTEEL,2026-05-25,89.705319,91.063187,88.228412,89.584450,89838963
TATASTEEL,2026-05-26,89.594981,91.376173,87.978033,89.756313,5775839
TATASTEEL,2026-05-27,88.468799,90.326797,87.445441,89.293895,125847290
TATASTEEL,2026-05-28,89.756634,91.953813,85.278269,87.418204,44498826
TATASTEEL,2026-05-29,86.776847,91.453754,85.528888,90.157181,76899303
TATASTEEL,2026-06-01,91.128231,92.686404,89.459090,91.015333,19188116
TATASTEEL,2026-06-02,90.836281,93.316610,90.190616,92.657995,82672320
TATASTEEL,2026-06-03,92.364451,93.729455,90.763703,92.125170,130014278
TATASTEEL,2026-06-04,91.655502,93.920417,90.149659,92.402304,86152308
TATASTEEL,2026-06-05,91.826124,92.267225,89.747663,90.180861,34762836
TATASTEEL,2026-06-08,89.614436,90.925741,86.475054,87.759211,84193254
TATASTEEL,2026-06-09,88.641131,89.271085,84.906413,85.514144,25418964
TATASTEEL,2026-06-10,85.122658,87.520250,84.053076,86.434189,52316408
TATASTEEL,2026-06-11,87.044707,89.039573,86.393243,88.378130,51993136
TATASTEEL,2026-06-12,88.312212,89.752534,85.278226,86.692125,143142036
TATASTEEL,2026-06-15,87.595617,88.337468,83.043332,83.752636,5327583
TATASTEEL,2026-06-16,83.594423,84.316993,82.704903,83.426017,116727554
TATASTEEL,2026-06-17,82.729940,86.946386,81.189169,85.356694,116022295
TATASTEEL,2026-06-18,84.450035,88.932760,83.271804,87.709061,36638749
TATASTEEL,2026-06-19,88.098334,90.074103,84.282485,86.216039,8356854
TATASTEEL,2026-06-22,85.871392,87.576643,81.863335,83.521930,113220812
TATASTEEL,2026-06-23,83.091954,89.965500,82.105539,88.910017,72218644
TATASTEEL,2026-06-24,88.591442,90.577901,87.995636,89.972805,146098927
TATASTEEL,2026-06-25,89.739409,89.987298,89.025529,89.272127,69541242
TATASTEEL,2026-06-26,89.263271,93.557588,88.454603,92.717625,32824068
TATASTEEL,2026-06-29,93.095287,96.503626,92.168708,95.552589,71359543
TATASTEEL,2026-06-30,95.428695,96.098695,93.441059,94.101743,79540032
TATASTEEL,2026-07-01,93.786608,94.073857,91.973106,92.255666,23471009
TATASTEEL,2026-07-02,92.837779,93.673411,91.576354,92.408119,119923084
TATASTEEL,2026-07-03,92.953489,94.199734,90.671468,91.903638,28405396
TATASTEEL,2026-07-06,92.353580,97.920277,91.344323,96.861754,108337844
TATASTEEL,2026-07-07,96.545053,97.189829,95.952245,96.596703,82826492
TATASTEEL,2026-07-08,96.599664,97.768290,94.975209,96.138252,46951299
TATASTEEL,2026-07-09,95.766278,97.914978,94.933066,97.070419,113048523
TATASTEEL,2026-07-10,97.012021,98.116039,92.674900,93.741701,55504562
TATASTEEL,2026-07-13,94.250668,95.509995,89.275895,90.484906,110900012
TATASTEEL,2026-07-14,90.757966,92.419898,88.469680,90.119928,22126767
TATASTEEL,2026-07-15,90.915421,94.375708,90.437259,93.881944,75093374
TATASTEEL,2026-07-16,94.069204,95.873898,93.188869,94.984993,138017105
TATASTEEL,2026-07-17,95.807544,97.355862,94.324647,95.871968,67369628
TATASTEEL,2026-07-20,95.258391,99.649218,95.219289,99.608331,9543552
TATASTEEL,2026-07-21,98.352390,102.612012,97.646181,101.880470,128005650
TATASTEEL,2026-07-22,101.831198,103.706474,97.114120,98.936080,27883180
TATASTEEL,2026-07-23,99.158068,100.588216,95.166267,96.558928,104513680
TATASTEEL,2026-07-24,96.687208,97.891935,93.835188,95.019130,139787194
TATASTEEL,2026-07-27,95.470195,96.916061,91.601732,93.010345,140981949
TATASTEEL,2026-07-28,93.276132,97.771285,91.827683,96.276249,7449897
TATASTEEL,2026-07-29,97.177953,99.226989,93.661083,95.678503,107688512
TATASTEEL,2026-07-30,96.213916,98.765502,95.346453,97.882991,145556618
TATASTEEL,2026-07-31,97.060935,98.205828,94.376543,95.503060,8065240
TATASTEEL,2026-08-03,94.837180,96.803109,94.312397,96.270396,36524898
TATASTEEL,2026-08-04,95.003764,96.765879,93.821567,95.576554,121908297
TATASTEEL,2026-08-05,95.950052,99.757393,94.194534,97.965010,144140791
TATASTEEL,2026-08-06,98.554266,99.723306,94.409202,95.542517,19762468
TATASTEEL,2026-08-07,94.718129,97.783065,94.296512,97.349734,68086267
TATASTEEL,2026-08-10,97.203516,101.733344,96.102492,100.593918,63366415
TATASTEEL,2026-08-11,100.621449,102.171467,95.491099,96.985101,88397173
TATASTEEL,2026-08-12,97.286723,97.644670,96.111619,96.466549,102129980
TATASTEEL,2026-08-13,96.608054,97.753081,95.857128,96.999115,114506648
TATASTEEL,2026-08-14,96.777178,98.153214,95.829561,97.201442,80673129
TATASTEEL,2026-08-17,97.128448,98.732180,96.203175,97.800505,70862406
TATASTEEL,2026-08-18,98.610354,99.550655,96.872961,97.805587,60190202
TATASTEEL,2026-08-19,97.657243,99.829162,96.662694,98.822744,115943424
TATASTEEL,2026-08-20,99.575459,102.016271,98.593609,101.020175,108253548
TATASTEEL,2026-08-21,101.804350,103.939753,99.692548,101.827471,83139297
TATASTEEL,2026-08-24,102.337560,104.925313,102.058903,104.640385,44225559
TATASTEEL,2026-08-25,105.735503,106.846334,102.618010,103.707536,13028369
TATASTEEL,2026-08-26,104.077488,106.121526,100.574123,102.588926,121347318
TATASTEEL,2026-08-27,102.518793,103.198739,101.459006,102.136416,141670449
TATASTEEL,2026-08-28,101.684738,103.617398,98.920338,100.836883,66517986
TATASTEEL,2026-08-31,100.519779,102.141730,99.192397,100.810508,90301487
TATASTEEL,2026-09-01,100.812315,105.237573,99.027715,103.407041,5668509
TATASTEEL,2026-09-02,104.438184,105.612446,100.931080,102.078815,1338089
TATASTEEL,2026-09-03,101.308579,102.052399,98.009431,98.734351,95461275
TATASTEEL,2026-09-04,98.704535,99.989601,97.128001,98.409222,4292603
TATASTEEL,2026-09-07,98.561866,102.699921,97.829638,101.942578,17489241
TATASTEEL,2026-09-08,101.879044,105.083021,100.098514,103.278040,11809687
TATASTEEL,2026-09-09,102.783618,105.792613,102.332613,105.330434,107709807
TATASTEEL,2026-09-10,103.946933,104.998707,100.948660,101.980537,4740929
TATASTEEL,2026-09-11,102.762856,103.656211,96.725117,97.573358,140920808
TATASTEEL,2026-09-14,97.420421,104.100338,95.388156,101.973102,30510306
TATASTEEL,2026-09-15,101.488439,103.701496,100.643185,102.844944,134258507
TATASTEEL,2026-09-16,102.402544,104.089919,96.520286,98.137381,148722967
TATASTEEL,2026-09-17,98.580131,99.604729,95.631349,96.635738,66633702
TATASTEEL,2026-09-18,97.158776,100.465699,95.384103,98.663540,68134610
TATASTEEL,2026-09-21,98.788309,100.005457,97.986740,99.200543,61164347
TATASTEEL,2026-09-22,98.260841,99.267647,95.852344,96.844639,105683958
TATASTEEL,2026-09-23,96.630308,102.005232,94.907350,100.218298,79072787
JSWSTEEL,2025-10-07,910.410367,914.892986,850.421746,854.629715,62519443
JSWSTEEL,2025-10-08,861.066968,871.079697,835.771867,845.604797,144779633
JSWSTEEL,2025-10-09,836.503247,880.515220,831.593315,875.377115,52642221
JSWSTEEL,2025-10-10,877.030487,883.610614,849.703130,856.126420,4178797
JSWSTEEL,2025-10-13,857.736663,869.586281,833.432680,845.107831,26481618
JSWSTEEL,2025-10-14,858.370463,868.623192,825.943670,835.928341,143638497
JSWSTEEL,2025-10-15,835.833296,847.851663,825.516086,837.513711,111852503
JSWSTEEL,2025-10-16,826.904312,844.803903,810.751319,828.617445,23675229
JSWSTEEL,2025-10-17,824.112111,828.575149,815.326471,819.765973,141327322
JSWSTEEL,2025-10-20,822.723835,827.803811,804.989271,809.990625,50618615
JSWSTEEL,2025-10-21,812.230767,828.228843,802.029906,817.956078,22390490
JSWSTEEL,2025-10-22,815.320671,821.285924,791.550960,797.384987,8556797
JSWSTEEL,2025-10-23,792.365474,811.139079,784.462769,803.129024,51307938
JSWSTEEL,2025-10-24,799.984285,813.095327,786.634382,799.741444,41006425
JSWSTEEL,2025-10-27,801.838295,819.518311,789.683087,807.280602,1584375
JSWSTEEL,2025-10-28,810.833223,821.546795,768.855373,779.150317,149697175
JSWSTEEL,2025-10-29,778.187305,791.916015,765.263942,778.979496,126050692
JSWSTEEL,2025-10-30,781.296018,816.335364,769.591568,804.286498,45674189
JSWSTEEL,2025-10-31,802.290167,826.711000,784.597020,808.872686,49819381
JSWSTEEL,2025-11-03,820.000247,830.529457,811.956970,822.462033,147438406
JSWSTEEL,2025-11-04,825.747871,838.966466,798.598876,811.590845,84114005
JSWSTEEL,2025-11-05,817.740473,830.675645,788.698512,801.374809,80976550
JSWSTEEL,2025-11-06,812.911600,828.104751,759.381997,773.845000,136508952
JSWSTEEL,2025-11-07,778.478677,786.859315,752.663208,760.854111,99139369
JSWSTEEL,2025-11-10,767.857745,777.725673,735.282162,744.854470,14537866
JSWSTEEL,2025-11-11,743.043366,757.785778,731.849024,746.538775,51614302
JSWSTEEL,2025-11-12,747.972307,757.419329,743.369327,752.786721,116961395
JSWSTEEL,2025-11-13,744.039490,759.276996,734.102310,749.269959,67632675
JSWSTEEL,2025-11-14,747.075704,756.331971,727.214294,736.337516,95873790
JSWSTEEL,2025-11-17,739.305297,747.002793,732.296962,739.987986,3212615
JSWSTEEL,2025-11-18,737.553139,764.350958,728.903523,755.490976,124920114
JSWSTEEL,2025-11-19,762.905381,776.649606,751.654479,765.362469,145602320
JSWSTEEL,2025-11-20,761.258370,789.415196,748.479364,776.382309,38232709
JSWSTEEL,2025-11-21,781.635530,803.364599,776.916858,798.543853,8244559
JSWSTEEL,2025-11-24,801.962146,828.017255,796.326584,822.239202,37654256
JSWSTEEL,2025-11-25,813.948774,834.086331,799.057303,819.100606,36164900
JSWSTEEL,2025-11-26,824.074656,854.909169,811.835492,842.397869,101074499
JSWSTEEL,2025-11-27,834.822408,850.042868,818.265727,833.461373,116184696
JSWSTEEL,2025-11-28,843.961467,853.200598,834.637080,843.875268,128948250
JSWSTEEL,2025-12-01,839.539962,842.246565,808.732850,811.348566,6271284
JSWSTEEL,2025-12-02,812.188465,837.542380,799.973325,825.132563,126111796
JSWSTEEL,2025-12-03,824.217907,830.919911,811.063254,817.712360,113514869
JSWSTEEL,2025-12-04,808.378760,864.512244,799.713335,855.343381,25725032
JSWSTEEL,2025-12-05,858.020581,865.456514,823.700291,830.901196,87752717
JSWSTEEL,2025-12-08,835.072393,841.006684,831.243156,837.167839,34256014
JSWSTEEL,2025-12-09,842.092569,852.012194,805.797761,815.402990,84427084
JSWSTEEL,2025-12-10,823.453736,832.854919,808.962157,818.304553,46762867
JSWSTEEL,2025-12-11,816.825803,827.418575,790.981936,801.374330,134637558
JSWSTEEL,2025-12-12,803.174575,813.618224,766.865102,776.967988,58423635
JSWSTEEL,2025-12-15,773.149701,796.056797,761.296785,784.036971,41462950
JSWSTEEL,2025-12-16,791.990073,804.583430,767.339792,779.738335,94476841
JSWSTEEL,2025-12-17,779.344471,787.943641,743.213198,751.505195,51084511
JSWSTEEL,2025-12-18,750.880010,782.202644,739.833959,770.862632,87948277
JSWSTEEL,2025-12-19,771.853240,807.031171,763.590822,798.483683,69179701
JSWSTEEL,2025-12-22,797.049224,803.042873,776.618260,782.502521,116993874
JSWSTEEL,2025-12-23,780.882586,801.889283,771.980532,792.850791,34074645
JSWSTEEL,2025-12-24,795.804211,804.986215,774.017062,783.051930,71249282
JSWSTEEL,2025-12-25,783.372903,788.615133,770.726361,775.918709,45462971
JSWSTEEL,2025-12-26,787.704702,810.869805,781.022797,804.049254,116453623
JSWSTEEL,2025-12-29,806.945692,816.529418,772.592193,781.878204,16388433
JSWSTEEL,2025-12-30,781.053985,786.751603,766.156727,771.786742,1111694
JSWSTEEL,2025-12-31,776.178630,787.525246,769.117304,780.425285,115266616
JSWSTEEL,2026-01-01,779.398092,792.585718,763.346348,776.484679,27970117
JSWSTEEL,2026-01-02,765.945612,806.762805,759.354065,799.879233,39267956
JSWSTEEL,2026-01-05,804.672864,837.183324,795.968000,828.223690,145628538
JSWSTEEL,2026-01-06,827.201834,864.505597,809.851074,846.744917,52807349
JSWSTEEL,2026-01-07,849.291478,861.931855,836.982766,849.618405,59850160
JSWSTEEL,2026-01-08,856.320108,882.264752,841.425749,867.181476,113572524
JSWSTEEL,2026-01-09,864.484262,891.876320,853.166301,880.350634,33291627
JSWSTEEL,2026-01-12,876.833622,889.512694,869.202826,881.838343,130585754
JSWSTEEL,2026-01-13,887.681968,894.584629,882.668735,889.560785,123732607
JSWSTEEL,2026-01-14,885.301507,899.321069,870.629085,884.638142,56894310
JSWSTEEL,2026-01-15,884.031235,896.993820,871.835754,884.787901,144052926
JSWSTEEL,2026-01-16,879.705187,919.124629,876.787565,916.086345,137108200
JSWSTEEL,2026-01-19,912.913727,944.533665,902.355267,933.734400,118320367
JSWSTEEL,2026-01-20,940.875120,951.990599,915.308582,926.251295,18867847
JSWSTEEL,2026-01-21,914.384959,934.566106,897.309140,917.433359,35988275
JSWSTEEL,2026-01-22,915.126322,921.504467,873.935908,880.069719,78873936
JSWSTEEL,2026-01-23,876.166399,887.970226,848.965347,860.558908,49396969
JSWSTEEL,2026-01-26,847.524499,888.782486,837.675163,878.572334,62296105
JSWSTEEL,2026-01-27,873.032491,917.374582,855.005540,898.815251,78276254
JSWSTEEL,2026-01-28,891.008129,935.949445,879.644348,924.162814,127005453
JSWSTEEL,2026-01-29,917.135464,927.054798,893.706476,903.478098,11798838
JSWSTEEL,2026-01-30,895.866344,925.996349,882.980277,912.865763,49145000
JSWSTEEL,2026-02-02,903.567869,932.294261,887.253809,915.760069,8849768
JSWSTEEL,2026-02-03,912.328397,927.517196,894.879684,910.030222,21577913
JSWSTEEL,2026-02-04,904.266545,926.043964,895.785122,917.438992,122568715
JSWSTEEL,2026-02-05,922.144343,935.898864,904.138301,917.828447,128843976
JSWSTEEL,2026-02-06,914.416626,921.566072,899.637835,906.727160,32555130
JSWSTEEL,2026-02-09,907.345444,955.417626,895.801956,943.415249,31660253
JSWSTEEL,2026-02-10,949.354045,963.444961,911.519058,925.252239,86464529
JSWSTEEL,2026-02-11,932.999103,955.532137,922.491760,944.890870,94875288
JSWSTEEL,2026-02-12,948.529372,956.856931,932.778359,941.040167,63725914
JSWSTEEL,2026-02-13,939.143949,951.801479,935.418965,948.041206,109329881
JSWSTEEL,2026-02-16,945.500042,969.964160,936.825047,961.145616,68018157
JSWSTEEL,2026-02-17,958.754275,978.301992,944.325414,963.797236,109871668
JSWSTEEL,2026-02-18,964.912118,975.750419,953.862729,964.698633,37051152
JSWSTEEL,2026-02-19,962.291026,976.853596,952.665214,967.178890,124731716
JSWSTEEL,2026-02-20,965.537069,974.072810,909.169944,917.279065,55740590
JSWSTEEL,2026-02-23,908.223099,934.977394,893.815640,920.377130,139497617
JSWSTEEL,2026-02-24,932.420789,936.698825,912.370918,916.576258,62389984
JSWSTEEL,2026-02-25,918.514455,925.792395,869.831361,876.778602,97125550
JSWSTEEL,2026-02-26,883.163904,886.675254,859.316856,862.747031,11961160
JSWSTEEL,2026-02-27,856.024169,906.130311,845.653119,895.283618,90122848
JSWSTEEL,2026-03-02,899.915426,915.574368,852.470426,867.566481,93483321
JSWSTEEL,2026-03-03,865.352214,875.620512,851.900803,862.130876,46698681
JSWSTEEL,2026-03-04,860.213926,870.981497,828.784035,839.289691,126781194
JSWSTEEL,2026-03-05,836.344124,850.522313,826.430526,840.558756,51827030
JSWSTEEL,2026-03-06,839.672409,876.535503,831.782638,868.376027,39562690
JSWSTEEL,2026-03-09,867.209297,878.037385,823.708385,834.123357,37359753
JSWSTEEL,2026-03-10,835.867011,846.781175,825.651404,836.557133,111589842
JSWSTEEL,2026-03-11,836.643408,852.098209,799.746481,814.797741,66854989
JSWSTEEL,2026-03-12,809.150953,845.735812,800.643489,836.936212,124131191
JSWSTEEL,2026-03-13,827.120824,836.385609,823.809956,833.051003,5756716
JSWSTEEL,2026-03-16,834.129210,842.765575,783.541904,791.739376,59680998
JSWSTEEL,2026-03-17,792.968814,795.230744,783.632382,785.874076,62660970
JSWSTEEL,2026-03-18,788.573624,796.353695,782.697731,790.463719,132015069
JSWSTEEL,2026-03-19,797.074358,809.218997,771.976445,783.920667,130273105
JSWSTEEL,2026-03-20,788.247441,807.887656,771.895283,791.468674,36237190
JSWSTEEL,2026-03-23,803.843113,811.182990,801.565447,808.891021,124166026
JSWSTEEL,2026-03-24,809.334841,824.124056,799.540728,814.270218,114888588
JSWSTEEL,2026-03-25,817.267006,854.445413,806.843402,843.684870,55443796
JSWSTEEL,2026-03-26,838.675362,866.282781,836.047459,863.576852,102673584
JSWSTEEL,2026-03-27,861.489408,871.245081,826.704610,836.173602,30482695
JSWSTEEL,2026-03-30,834.496582,841.915361,824.242521,831.635867,132331353
JSWSTEEL,2026-03-31,833.194787,856.711223,826.809341,850.195487,86441969
JSWSTEEL,2026-04-01,848.366575,857.592782,823.102258,832.152129,116884849
JSWSTEEL,2026-04-02,822.843789,829.072402,813.999696,820.208360,127572829
JSWSTEEL,2026-04-03,828.098921,839.749635,810.279851,821.842542,47974354
JSWSTEEL,2026-04-06,813.448202,835.233309,801.070300,822.714407,61298893
JSWSTEEL,2026-04-07,817.829386,859.467035,812.631726,854.039246,37320680
JSWSTEEL,2026-04-08,848.603242,863.973003,841.922174,857.224063,126695550
JSWSTEEL,2026-04-09,855.723991,900.250632,842.818585,886.875423,28855816
JSWSTEEL,2026-04-10,892.306887,900.157062,864.341614,872.013254,108869426
JSWSTEEL,2026-04-13,869.263011,885.774037,856.437624,872.895061,27098975
JSWSTEEL,2026-04-14,869.795440,873.785100,861.048230,865.015968,137961298
JSWSTEEL,2026-04-15,868.232104,886.455428,862.312090,880.452093,114638803
JSWSTEEL,2026-04-16,877.150975,885.799765,831.696744,839.979015,101848664
JSWSTEEL,2026-04-17,838.512325,850.187288,801.499831,812.817028,42374360
JSWSTEEL,2026-04-20,810.242931,814.943559,779.830181,784.380770,56544739
JSWSTEEL,2026-04-21,787.274444,806.703783,773.851609,793.180255,84288796
JSWSTEEL,2026-04-22,793.803818,822.046362,776.772539,804.779595,4447575
JSWSTEEL,2026-04-23,803.979775,824.832132,794.926071,815.647042,42377773
JSWSTEEL,2026-04-24,814.028498,847.017239,807.163103,839.933366,74342174
JSWSTEEL,2026-04-27,836.089047,848.383120,819.428694,831.657606,61664906
JSWSTEEL,2026-04-28,831.147145,834.525155,828.046251,831.423230,142438415
JSWSTEEL,2026-04-29,829.352968,852.597486,813.087024,836.197306,136060575
JSWSTEEL,2026-04-30,827.998775,867.100180,822.589249,861.471965,98623035
JSWSTEEL,2026-05-01,864.793882,870.915828,848.069697,854.116054,16414397
JSWSTEEL,2026-05-04,851.416099,868.882265,833.882160,851.346907,4372271
JSWSTEEL,2026-05-05,853.975401,865.189744,816.564221,827.429971,8174592
JSWSTEEL,2026-05-06,821.897252,831.652028,797.105686,806.679852,41143573
JSWSTEEL,2026-05-07,802.014990,826.960222,788.691070,813.446391,103926401
JSWSTEEL,2026-05-08,815.501267,838.565044,802.141286,825.048652,61940785
JSWSTEEL,2026-05-11,829.579542,839.062196,818.858350,828.326683,105604017
JSWSTEEL,2026-05-12,832.759660,875.390333,816.935330,859.066121,10175901
JSWSTEEL,2026-05-13,860.817812,870.758243,814.384875,823.898979,108939753
JSWSTEEL,2026-05-14,825.015059,843.594675,818.060598,836.543039,5728016
JSWSTEEL,2026-05-15,832.460083,836.264915,806.895240,810.600159,113036943
JSWSTEEL,2026-05-18,816.179660,826.279242,784.644048,794.475053,8742967
JSWSTEEL,2026-05-19,791.933326,815.262243,785.210169,808.399297,67336173
JSWSTEEL,2026-05-20,810.057469,831.358921,799.726757,820.890061,79080967
JSWSTEEL,2026-05-21,813.506662,855.642266,798.436188,840.079520,71228829
JSWSTEEL,2026-05-22,851.110104,879.417138,843.195843,871.314997,16380262
JSWSTEEL,2026-05-25,874.093383,880.916275,847.701398,854.370338,50716026
JSWSTEEL,2026-05-26,846.644948,861.993088,836.748905,852.034055,7969952
JSWSTEEL,2026-05-27,852.267103,901.507338,837.101550,885.746048,56557848
JSWSTEEL,2026-05-28,885.454746,891.080234,869.838589,875.400199,134985075
JSWSTEEL,2026-05-29,874.159366,890.456479,849.283709,865.417852,103755558
JSWSTEEL,2026-06-01,858.512625,904.429777,847.313893,892.783997,113939356
JSWSTEEL,2026-06-02,889.330482,950.001219,881.789668,942.013693,129742478
JSWSTEEL,2026-06-03,938.175830,941.569901,919.775677,923.115263,133468439
JSWSTEEL,2026-06-04,916.782034,927.326914,901.729444,912.221872,136757548
JSWSTEEL,2026-06-05,915.630816,926.939492,874.621464,885.558728,25324914
JSWSTEEL,2026-06-08,885.041641,894.676336,870.800230,880.384224,108972869
JSWSTEEL,2026-06-09,877.067129,899.023783,868.190606,890.016206,35683861
JSWSTEEL,2026-06-10,886.450611,934.463111,872.376875,919.858968,140437709
JSWSTEEL,2026-06-11,928.085228,941.377242,904.305780,917.445411,39204828
JSWSTEEL,2026-06-12,929.917935,948.016301,921.168194,939.179417,81123003
JSWSTEEL,2026-06-15,935.757606,958.097017,926.135848,948.345822,80976432
JSWSTEEL,2026-06-16,939.579981,949.910993,931.269899,941.583194,112100914
JSWSTEEL,2026-06-17,944.514366,954.508003,892.716163,902.262747,36724692
JSWSTEEL,2026-06-18,897.170661,912.931022,885.953283,901.657544,47535201
JSWSTEEL,2026-06-19,898.132416,913.457957,864.781053,879.793666,108002153
JSWSTEEL,2026-06-22,883.359974,899.397383,859.719562,875.616386,29476193
JSWSTEEL,2026-06-23,881.068036,908.006986,866.139353,892.878193,81750843
JSWSTEEL,2026-06-24,893.444827,911.613785,883.229207,901.308255,61333978
JSWSTEEL,2026-06-25,898.445966,963.141460,885.407400,949.363954,140005505
JSWSTEEL,2026-06-26,949.732348,961.082918,926.600835,937.808905,77412030
JSWSTEEL,2026-06-29,934.113305,963.016365,926.282324,955.010199,142267000
JSWSTEEL,2026-06-30,952.010647,1011.216269,937.879288,996.425628,7072299
JSWSTEEL,2026-07-01,1002.645160,1034.022870,990.441261,1021.588400,41859914
JSWSTEEL,2026-07-02,1019.258663,1043.060412,1008.340342,1032.005545,44202836
JSWSTEEL,2026-07-03,1027.723020,1037.988610,976.873523,986.729643,58098715
JSWSTEEL,2026-07-06,967.472185,981.351217,951.603284,965.453355,117349579
JSWSTEEL,2026-07-07,962.478923,987.782578,949.954467,975.093966,136075901
JSWSTEEL,2026-07-08,973.145895,1004.583494,962.000297,993.208120,16821284
JSWSTEEL,2026-07-09,996.897559,1004.455191,956.776726,964.085605,56791304
JSWSTEEL,2026-07-10,959.189716,970.617067,949.671926,961.080514,139539595
JSWSTEEL,2026-07-13,962.959246,981.627898,952.602025,971.182234,69153810
JSWSTEEL,2026-07-14,971.754642,1016.658661,948.925212,993.322536,37605934
JSWSTEEL,2026-07-15,983.579545,1000.942057,964.357201,981.686293,102794093
JSWSTEEL,2026-07-16,982.083089,998.804180,934.393471,950.578154,114856703
JSWSTEEL,2026-07-17,947.066167,981.504324,940.462293,974.707707,48590045
JSWSTEEL,2026-07-20,982.890878,1026.817292,970.504240,1014.038129,46482702
JSWSTEEL,2026-07-21,1005.998078,1021.738893,991.473213,1007.196721,83228067
JSWSTEEL,2026-07-22,999.016296,1059.669675,985.005919,1045.014216,46277132
JSWSTEEL,2026-07-23,1040.252129,1042.700133,1027.335609,1029.758919,38199452
JSWSTEEL,2026-07-24,1028.763432,1082.669171,1007.169795,1060.411250,119985027
JSWSTEEL,2026-07-27,1057.341300,1102.717644,1040.360044,1085.287561,116916502
JSWSTEEL,2026-07-28,1077.592786,1106.886095,1065.175611,1094.276671,113811194
JSWSTEEL,2026-07-29,1104.578346,1123.322612,1042.575649,1060.573164,123843359
JSWSTEEL,2026-07-30,1073.422834,1078.351226,1042.115794,1046.922516,112794629
JSWSTEEL,2026-07-31,1039.332650,1055.627366,1008.807704,1024.875765,98186631
JSWSTEEL,2026-08-03,1019.359210,1033.961155,993.123111,1007.555980,69978393
JSWSTEEL,2026-08-04,1007.354949,1019.489794,993.055310,1005.163760,76386686
JSWSTEEL,2026-08-05,1001.418749,1025.741040,987.509815,1011.689455,124842726
JSWSTEEL,2026-08-06,1021.901277,1041.554842,993.984421,1013.475947,63812183
JSWSTEEL,2026-08-07,1013.684888,1027.672672,970.809928,984.393522,66833555
JSWSTEEL,2026-08-10,994.800545,1001.431229,976.392046,982.943699,83607559
JSWSTEEL,2026-08-11,986.659757,993.811714,924.217540,930.965791,56605973
JSWSTEEL,2026-08-12,933.450214,974.676640,928.316072,969.345069,127706049
JSWSTEEL,2026-08-13,968.508422,984.030310,957.142325,972.616008,29552094
JSWSTEEL,2026-08-14,975.426285,978.946572,956.037800,959.500612,7417459
JSWSTEEL,2026-08-17,954.674936,1000.953495,941.723943,987.556436,104900444
JSWSTEEL,2026-08-18,992.782063,1011.153255,982.599160,1000.887218,30380477
JSWSTEEL,2026-08-19,997.854024,1038.134191,982.712099,1022.616508,28423039
JSWSTEEL,2026-08-20,1023.227227,1043.920870,1005.256739,1025.903382,4765553
JSWSTEEL,2026-08-21,1024.558393,1101.577983,1010.034419,1086.180464,72952231
JSWSTEEL,2026-08-24,1069.416791,1086.872530,1064.678152,1082.077789,137626684
JSWSTEEL,2026-08-25,1091.704420,1108.086152,1070.036031,1086.337225,63848045
JSWSTEEL,2026-08-26,1079.242756,1135.639343,1064.483709,1120.318568,28572387
JSWSTEEL,2026-08-27,1123.783410,1136.980072,1069.129759,1081.833803,123233396
JSWSTEEL,2026-08-28,1081.052474,1136.411742,1063.513670,1118.269142,133369281
JSWSTEEL,2026-08-31,1119.533451,1142.213060,1107.379737,1129.946304,79254506
JSWSTEEL,2026-09-01,1139.756170,1152.347356,1118.192415,1130.683371,23088563
JSWSTEEL,2026-09-02,1136.493976,1148.021363,1122.463112,1133.964846,22618788
JSWSTEEL,2026-09-03,1139.164854,1198.217293,1126.180447,1184.713712,64893156
JSWSTEEL,2026-09-04,1187.167785,1197.967273,1148.732989,1159.278775,32632224
JSWSTEEL,2026-09-07,1167.858434,1182.741107,1145.399672,1160.184552,120433121
JSWSTEEL,2026-09-08,1159.562816,1190.787138,1150.228373,1181.277889,35164982
JSWSTEEL,2026-09-09,1201.128512,1209.458367,1128.826546,1136.709654,42610288
JSWSTEEL,2026-09-10,1128.835592,1154.878278,1111.268767,1137.181573,92494723
JSWSTEEL,2026-09-11,1137.824508,1141.770997,1118.447652,1122.340436,92277828
JSWSTEEL,2026-09-14,1111.250450,1122.988502,1100.247122,1111.977971,96778952
JSWSTEEL,2026-09-15,1102.248138,1176.866865,1085.495633,1159.248048,66571915
JSWSTEEL,2026-09-16,1165.042312,1198.177078,1147.435559,1180.339151,65995541
JSWSTEEL,2026-09-17,1190.100308,1209.813940,1157.054126,1176.543188,116751814
JSWSTEEL,2026-09-18,1185.056978,1207.676149,1115.296886,1136.998770,43370644
JSWSTEEL,2026-09-21,1149.135539,1170.130975,1135.996587,1156.903209,53497116
JSWSTEEL,2026-09-22,1151.559043,1181.945989,1142.570928,1172.792146,9335172
JSWSTEEL,2026-09-23,1164.282230,1171.346828,1152.778417,1159.815915,83953841
HUL,2025-10-07,2403.387894,2503.998598,2374.330595,2474.086543,7631430
HUL,2025-10-08,2468.663557,2470.871653,2399.335607,2401.483613,35674600
HUL,2025-10-09,2408.295924,2486.891415,2364.251774,2442.226721,76444565
HUL,2025-10-10,2428.798247,2451.155449,2390.447038,2412.655646,117955645
HUL,2025-10-13,2420.916538,2570.705191,2389.666245,2537.944251,114313226
HUL,2025-10-14,2524.353858,2682.968888,2479.106578,2635.725351,137128010
HUL,2025-10-15,2632.151155,2659.504212,2567.852146,2594.817233,90573803
HUL,2025-10-16,2594.407404,2639.271294,2453.992480,2497.174975,114310326
HUL,2025-10-17,2485.264842,2576.785775,2451.907559,2542.658158,68149878
HUL,2025-10-20,2532.027464,2576.607773,2515.280299,2559.677726,67669941
HUL,2025-10-21,2588.529260,2634.776702,2524.648876,2570.575552,74040499
HUL,2025-10-22,2566.681819,2598.216017,2558.930915,2590.393508,111030172
HUL,2025-10-23,2574.629055,2781.858360,2530.308688,2734.781092,83048605
HUL,2025-10-24,2749.176411,2794.610306,2655.215016,2699.833451,37210362
HUL,2025-10-27,2700.998629,2713.907600,2627.124456,2639.740655,26400993
HUL,2025-10-28,2644.563501,2712.070316,2611.420569,2678.502049,121139167
HUL,2025-10-29,2701.785218,2743.455001,2601.680316,2642.434733,112310887
HUL,2025-10-30,2637.024636,2669.525518,2515.009407,2546.393272,147161988
HUL,2025-10-31,2538.625458,2572.443876,2473.372863,2506.766875,26729908
HUL,2025-11-03,2519.112833,2556.315291,2485.443726,2522.599582,120615146
HUL,2025-11-04,2533.493404,2559.063298,2455.296862,2480.330193,40677310
HUL,2025-11-05,2485.798320,2518.559850,2457.125578,2489.840484,132134932
HUL,2025-11-06,2475.612461,2536.510570,2447.796545,2508.327073,106730319
HUL,2025-11-07,2504.423035,2528.756000,2450.670341,2474.714659,15616881
HUL,2025-11-10,2474.903022,2523.471895,2441.570449,2489.936844,134687894
HUL,2025-11-11,2504.840925,2596.776927,2491.689562,2583.214075,145277180
HUL,2025-11-12,2566.159860,2672.683165,2519.622928,2625.077766,42909150
HUL,2025-11-13,2633.364754,2697.811396,2609.023606,2673.102933,25519148
HUL,2025-11-14,2725.984195,2760.740201,2629.454278,2663.412502,121657769
HUL,2025-11-17,2687.598114,2718.804903,2577.568280,2607.849071,131702639
HUL,2025-11-18,2621.857871,2637.755020,2561.622078,2577.248748,92955765
HUL,2025-11-19,2599.096831,2639.955549,2546.953568,2587.632056,145111361
HUL,2025-11-20,2583.942276,2662.818949,2565.763773,2644.216406,8571588
HUL,2025-11-21,2636.642220,2676.624832,2572.411124,2612.020365,19073523
HUL,2025-11-24,2592.440705,2636.223504,2566.592077,2610.197823,129116701
HUL,2025-11-25,2627.920225,2668.587056,2615.445187,2655.978820,100907141
HUL,2025-11-26,2680.147407,2692.617481,2575.995362,2588.036868,7851708
HUL,2025-11-27,2608.416697,2632.360860,2551.689287,2575.329726,89547890
HUL,2025-11-28,2589.102742,2616.076848,2516.272319,2542.763649,10920880
HUL,2025-12-01,2542.187421,2561.981002,2493.258708,2512.823662,87472143
HUL,2025-12-02,2515.941005,2521.286766,2425.883081,2431.048465,137088534
HUL,2025-12-03,2471.297666,2498.073363,2367.790936,2393.726171,63634467
HUL,2025-12-04,2394.242806,2411.327861,2368.138786,2385.159021,108036777
HUL,2025-12-05,2387.239192,2405.712584,2346.462198,2364.761649,71649268
HUL,2025-12-08,2370.929443,2389.698829,2341.201185,2359.883122,104561317
HUL,2025-12-09,2344.461893,2372.753944,2263.461391,2291.109607,135760791
HUL,2025-12-10,2287.990270,2315.307593,2233.839531,2260.832606,138616910
HUL,2025-12-11,2271.652653,2287.830135,2226.833825,2242.805876,134533616
HUL,2025-12-12,2239.687173,2301.056818,2197.712383,2258.725228,6738724
HUL,2025-12-15,2271.116959,2326.530816,2224.291936,2279.532289,99176533
HUL,2025-12-16,2289.649099,2361.282874,2274.355695,2345.615648,116001882
HUL,2025-12-17,2350.119087,2391.428305,2297.528284,2338.635652,112107517
HUL,2025-12-18,2340.120527,2362.692308,2329.086636,2351.604270,28062496
HUL,2025-12-19,2360.825758,2425.560106,2331.334221,2395.633746,73230996
HUL,2025-12-22,2388.212649,2446.337032,2362.012899,2419.790855,7545700
HUL,2025-12-23,2443.164579,2472.763993,2432.226326,2461.742565,25367294
HUL,2025-12-24,2447.942615,2526.935739,2428.482347,2507.005939,88750748
HUL,2025-12-25,2494.604528,2543.807477,2471.769647,2520.733420,41240128
HUL,2025-12-26,2510.896567,2602.155330,2475.823380,2566.308133,146542559
HUL,2025-12-29,2558.600920,2610.163043,2436.926558,2487.046686,20947247
HUL,2025-12-30,2479.375075,2514.186929,2388.307244,2422.317983,46338549
HUL,2025-12-31,2433.060622,2459.744069,2377.539020,2403.902691,146207155
HUL,2026-01-01,2425.492038,2425.925466,2341.228327,2341.646771,132750695
HUL,2026-01-02,2350.778447,2358.374865,2293.205703,2300.640102,122048063
HUL,2026-01-05,2284.646803,2375.526881,2251.882962,2341.941386,22231680
HUL,2026-01-06,2345.133324,2391.704223,2317.636192,2363.986039,1957832
HUL,2026-01-07,2340.915112,2432.433956,2322.863617,2413.820266,81256298
HUL,2026-01-08,2435.415254,2486.514957,2395.430472,2446.350637,98533060
HUL,2026-01-09,2441.577468,2564.383124,2425.857712,2547.978320,8635244
HUL,2026-01-12,2541.203875,2565.312139,2461.774488,2485.352896,98365932
HUL,2026-01-13,2501.596906,2531.822866,2449.131810,2479.085776,96226977
HUL,2026-01-14,2470.371141,2522.241263,2428.330317,2480.035963,25065905
HUL,2026-01-15,2483.073540,2495.517750,2433.456517,2445.713492,51087204
HUL,2026-01-16,2457.849942,2538.308924,2421.207261,2501.022606,145866771
HUL,2026-01-19,2517.121664,2549.910315,2417.162194,2449.064313,5120976
HUL,2026-01-20,2464.108043,2554.050527,2417.076855,2506.215653,76148582
HUL,2026-01-21,2523.576289,2546.055294,2485.652485,2507.992677,48061813
HUL,2026-01-22,2519.568980,2550.174536,2438.848233,2468.837547,123589412
HUL,2026-01-23,2465.493528,2493.710321,2363.306794,2390.667223,65431940
HUL,2026-01-26,2380.615648,2428.888379,2321.040922,2369.079735,25438970
HUL,2026-01-27,2384.396942,2397.579187,2299.794422,2312.579622,92272069
HUL,2026-01-28,2306.322489,2340.191449,2270.000068,2303.832462,41869950
HUL,2026-01-29,2316.741876,2365.028337,2292.244278,2340.281824,76949676
HUL,2026-01-30,2356.150548,2384.190069,2294.996502,2322.637195,16722867
HUL,2026-02-02,2328.347882,2390.323085,2302.661591,2364.240824,63654069
HUL,2026-02-03,2352.147116,2392.585645,2325.784729,2366.067245,57825259
HUL,2026-02-04,2357.362247,2405.038453,2339.552899,2387.005160,2161588
HUL,2026-02-05,2404.650468,2442.055919,2342.837795,2379.857581,86130176
HUL,2026-02-06,2380.510637,2437.543224,2340.771633,2397.520270,135845531
HUL,2026-02-09,2408.940410,2423.078515,2387.206977,2401.300242,140290366
HUL,2026-02-10,2397.734925,2534.171820,2342.347128,2476.954057,36280126
HUL,2026-02-11,2479.384423,2570.242709,2442.753894,2532.822680,123984625
HUL,2026-02-12,2554.434518,2574.830896,2472.993995,2492.899032,118610940
HUL,2026-02-13,2488.233028,2571.582237,2446.773305,2529.435978,14786628
HUL,2026-02-16,2544.346563,2560.484729,2467.250236,2482.999291,146866866
HUL,2026-02-17,2495.124951,2567.310833,2454.019646,2525.701798,79831708
HUL,2026-02-18,2530.608041,2633.052674,2495.497688,2597.020889,54047927
HUL,2026-02-19,2613.570436,2705.510051,2561.216211,2652.378436,97517902
HUL,2026-02-20,2645.232245,2682.710473,2590.744931,2627.978707,78205472
HUL,2026-02-23,2611.390889,2708.707450,2566.913011,2663.344682,106263346
HUL,2026-02-24,2655.679812,2765.435008,2633.731334,2742.766780,131411211
HUL,2026-02-25,2749.762856,2798.419806,2648.892355,2696.608745,20298389
HUL,2026-02-26,2706.989135,2734.103344,2671.226982,2698.253693,128942860
HUL,2026-02-27,2694.020661,2770.236414,2674.245676,2750.050154,147427213
HUL,2026-03-02,2735.908611,2824.490328,2700.397601,2788.299308,23638979
HUL,2026-03-03,2773.686017,2801.652581,2728.644277,2756.436921,48127185
HUL,2026-03-04,2749.246645,2777.129409,2689.276796,2716.830799,114317515
HUL,2026-03-05,2721.955436,2739.261376,2614.935514,2631.667410,96951710
HUL,2026-03-06,2641.460986,2698.896478,2608.429635,2665.563723,123733102
HUL,2026-03-09,2680.910870,2719.545309,2666.147979,2704.651685,98545540
HUL,2026-03-10,2677.519359,2839.600554,2627.346023,2787.368778,45411531
HUL,2026-03-11,2795.423755,2842.171954,2759.968562,2806.575323,50279530
HUL,2026-03-12,2802.277904,2811.187443,2747.871619,2756.636046,44130058
HUL,2026-03-13,2752.752909,2830.330533,2738.041896,2815.285340,77865162
HUL,2026-03-16,2813.241375,2909.468289,2773.338195,2868.777382,112631798
HUL,2026-03-17,2864.285918,2895.559204,2813.520360,2844.578473,3578225
HUL,2026-03-18,2838.778783,2978.227354,2811.203503,2949.575815,75991792
HUL,2026-03-19,2952.131544,3006.876843,2921.940129,2976.436858,3257928
HUL,2026-03-20,2961.971857,3050.113545,2937.073384,3024.687878,18216312
HUL,2026-03-23,3069.274966,3143.749218,3028.600360,3102.632551,141866337
HUL,2026-03-24,3102.885002,3115.882665,2944.062533,2956.446783,78129604
HUL,2026-03-25,2964.412299,2990.976770,2904.909961,2931.176603,104389136
HUL,2026-03-26,2944.374086,2978.551842,2863.557341,2897.187362,53348187
HUL,2026-03-27,2890.498416,2975.637381,2837.942697,2922.499804,107431383
HUL,2026-03-30,2905.066485,2964.832069,2884.700409,2944.191705,146725590
HUL,2026-03-31,2919.269919,2948.458369,2843.395878,2872.112826,19806700
HUL,2026-04-01,2858.210525,2904.985889,2770.067671,2816.154782,25078175
HUL,2026-04-02,2789.799683,2851.913336,2759.670481,2821.442400,56665877
HUL,2026-04-03,2821.584137,2948.859820,2799.884541,2926.354481,71150966
HUL,2026-04-06,2886.960814,2990.774170,2832.878673,2935.777533,124274362
HUL,2026-04-07,2919.669790,3027.636489,2890.927939,2998.122334,120986916
HUL,2026-04-08,3022.706516,3070.301696,2857.132456,2902.840236,81699851
HUL,2026-04-09,2884.190858,2910.371341,2815.627741,2841.419984,95236748
HUL,2026-04-10,2844.383731,2919.017564,2806.415597,2880.566447,73029723
HUL,2026-04-13,2863.696434,2898.523539,2793.608929,2828.001933,148226286
HUL,2026-04-14,2845.565860,2956.529946,2800.702908,2910.641025,73858846
HUL,2026-04-15,2961.681347,3012.359616,2935.971795,2986.435183,41684213
HUL,2026-04-16,2982.255002,3021.142830,2895.704714,2933.962824,85108732
HUL,2026-04-17,2923.536122,3066.182721,2914.543224,3056.779960,51042386
HUL,2026-04-20,3034.454152,3158.671193,2999.091594,3122.285081,24086303
HUL,2026-04-21,3124.332069,3189.603279,3071.442345,3136.507446,14964660
HUL,2026-04-22,3136.553101,3242.523157,3087.151312,3192.244214,63662821
HUL,2026-04-23,3165.884816,3255.633976,3130.244448,3219.391253,99221867
HUL,2026-04-24,3221.312192,3395.229563,3177.086375,3349.247308,130932762
HUL,2026-04-27,3323.592728,3388.838623,3285.131002,3350.070488,91764233
HUL,2026-04-28,3368.066126,3544.645553,3340.776022,3516.155540,106968492
HUL,2026-04-29,3524.638752,3596.818895,3486.886047,3558.701341,112249616
HUL,2026-04-30,3575.143966,3610.265131,3527.220370,3562.214519,56059995
HUL,2026-05-01,3586.980399,3609.968369,3520.023581,3542.727949,21594128
HUL,2026-05-04,3540.088791,3627.247114,3514.755107,3601.474143,144881944
HUL,2026-05-05,3609.588208,3651.007352,3588.406251,3629.707331,19200544
HUL,2026-05-06,3650.295650,3688.738232,3615.478074,3653.886406,2130460
HUL,2026-05-07,3695.625483,3752.691536,3619.611906,3676.380792,25421792
HUL,2026-05-08,3692.328393,3726.778896,3520.027842,3553.180050,104910773
HUL,2026-05-11,3550.922848,3747.379187,3496.294296,3690.601768,125217730
HUL,2026-05-12,3694.226467,3764.313578,3634.297059,3704.222017,64695392
HUL,2026-05-13,3687.591396,3722.254227,3579.991209,3613.961934,96272171
HUL,2026-05-14,3607.962353,3637.678205,3425.962873,3454.414073,48453812
HUL,2026-05-15,3424.563372,3477.268739,3328.823223,3380.855915,40229180
HUL,2026-05-18,3373.594551,3439.040277,3247.688317,3311.937943,54535326
HUL,2026-05-19,3275.098328,3424.943216,3219.665118,3367.938623,24237379
HUL,2026-05-20,3387.821731,3506.011948,3346.802573,3464.069594,124270282
HUL,2026-05-21,3488.359425,3538.052575,3366.174585,3414.820136,60891707
HUL,2026-05-22,3391.093188,3488.100594,3356.101501,3452.475521,146448991
HUL,2026-05-25,3446.103540,3765.444967,3375.741030,3690.100528,34992304
HUL,2026-05-26,3688.756476,3880.663458,3639.488932,3829.515912,31072077
HUL,2026-05-27,3839.457363,3855.327105,3757.452038,3773.047285,137696632
HUL,2026-05-28,3748.462264,3896.996895,3691.696225,3838.861861,56198246
HUL,2026-05-29,3861.500660,4127.240386,3805.698130,4068.447272,109936279
HUL,2026-06-01,4093.524072,4134.751908,4058.919437,4100.091753,103616325
HUL,2026-06-02,4082.020188,4115.599334,4049.709092,4083.278280,147671547
HUL,2026-06-03,4097.068910,4126.748398,3906.511053,3935.016621,5036522
HUL,2026-06-04,3915.500815,4045.677084,3860.221433,3989.355023,89948318
HUL,2026-06-05,3986.622185,4037.727310,3811.956217,3861.456827,134053978
HUL,2026-06-08,3890.439826,3988.755509,3841.242736,3938.945040,133912926
HUL,2026-06-09,3955.706873,4107.533984,3895.307762,4045.759867,32537566
HUL,2026-06-10,4033.102811,4077.754412,3861.178649,3904.405406,59909706
HUL,2026-06-11,3903.891964,3971.125763,3777.102892,3843.293041,4537101
HUL,2026-06-12,3853.117536,3981.824865,3787.631912,3915.282714,95827567
HUL,2026-06-15,3923.084738,4000.584716,3884.746771,3961.867746,56611416
HUL,2026-06-16,3973.663604,4057.021526,3918.968933,4001.937683,29532408
HUL,2026-06-17,4003.935157,4061.677084,3887.669218,3944.554803,51784244
HUL,2026-06-18,3914.426332,3981.711490,3878.142806,3945.143243,101524701
HUL,2026-06-19,3967.948917,4033.324787,3793.077818,3856.619425,35481992
HUL,2026-06-22,3877.385484,4178.261254,3820.733330,4118.092155,43126723
HUL,2026-06-23,4137.712175,4163.371301,4107.851446,4133.484354,21929582
HUL,2026-06-24,4138.975512,4174.001700,4073.020353,4107.782570,74289458
HUL,2026-06-25,4053.032134,4160.068400,4026.019491,4132.525947,78883984
HUL,2026-06-26,4126.722841,4174.334019,3959.890345,4006.109978,29789569
HUL,2026-06-29,4001.287280,4097.401143,3968.728484,4064.329369,78699177
HUL,2026-06-30,4043.357924,4079.484925,3911.604405,3946.869290,38445395
HUL,2026-07-01,3966.901550,3992.441881,3920.407954,3945.812506,138623453
HUL,2026-07-02,3934.785749,3970.723274,3820.813217,3856.031456,132229169
HUL,2026-07-03,3834.590775,3910.199313,3808.091613,3883.363108,37335403
HUL,2026-07-06,3892.196909,4117.637262,3835.418612,4058.433945,95376048
HUL,2026-07-07,4026.615424,4073.258627,3871.716954,3917.091461,129520289
HUL,2026-07-08,3889.872308,3927.513565,3833.689854,3871.149939,45308919
HUL,2026-07-09,3888.136581,3910.040218,3826.803903,3848.484160,117306479
HUL,2026-07-10,3857.312612,3947.062995,3811.626706,3900.861299,117619507
HUL,2026-07-13,3904.010436,3961.354319,3814.869403,3871.739272,129052993
HUL,2026-07-14,3858.148576,4072.848644,3786.711631,3998.807281,10993277
HUL,2026-07-15,3983.261249,4046.108900,3911.967019,3974.679264,103828950
HUL,2026-07-16,4001.243529,4061.525499,3929.107161,3989.207803,83917046
HUL,2026-07-17,4031.951939,4088.464315,3886.944901,3942.199292,54146392
HUL,2026-07-20,3952.103403,4069.577190,3885.453114,4002.084003,35325509
HUL,2026-07-21,4004.077948,4106.889648,3943.990057,4046.170093,139235740
HUL,2026-07-22,4057.843132,4086.618928,3938.668772,3966.798937,17328370
HUL,2026-07-23,3961.695321,3980.027755,3855.033502,3872.955299,52867443
HUL,2026-07-24,3872.082025,3949.503717,3824.738870,3901.797240,66654645
HUL,2026-07-27,3882.078592,3966.112327,3827.392257,3911.018321,111396509
HUL,2026-07-28,3910.657257,4048.870339,3878.828174,4016.182380,68681865
HUL,2026-07-29,4008.651216,4169.331185,3968.805110,4128.295809,6983734
HUL,2026-07-30,4162.324304,4182.814305,4068.313728,4088.440016,19344814
HUL,2026-07-31,4130.393771,4344.640256,4090.125350,4302.692049,138063865
HUL,2026-08-03,4314.132254,4433.233949,4291.621011,4410.221311,44281263
HUL,2026-08-04,4423.486869,4653.751686,4387.450619,4616.145924,45982483
HUL,2026-08-05,4593.018271,4724.749307,4552.734298,4683.670253,19851160
HUL,2026-08-06,4679.902353,4746.749219,4482.943018,4547.904450,50652284
HUL,2026-08-07,4559.992665,4626.967651,4473.360570,4540.042538,31664557
HUL,2026-08-10,4543.851659,4570.170693,4432.654491,4458.479028,7674045
HUL,2026-08-11,4448.413365,4704.706743,4403.029998,4657.193372,29060007
HUL,2026-08-12,4654.683535,4823.003154,4588.224802,4755.110541,68537671
HUL,2026-08-13,4735.106266,4791.510654,4674.558224,4730.912658,105643552
HUL,2026-08-14,4745.297126,4773.419494,4636.769085,4664.412099,29456872
HUL,2026-08-17,4682.024900,4717.536777,4519.100882,4553.638987,124204046
HUL,2026-08-18,4598.314629,4651.838257,4394.967485,4446.726654,66048465
HUL,2026-08-19,4465.377175,4516.601079,4192.762306,4241.417085,51494707
HUL,2026-08-20,4211.372267,4273.662746,4133.815480,4195.876765,24242719
HUL,2026-08-21,4219.731591,4272.609865,4150.622142,4203.294440,102841439
HUL,2026-08-24,4178.306902,4227.087887,4161.926841,4210.581301,97379334
HUL,2026-08-25,4246.397019,4279.506460,4169.000954,4201.762376,107536041
HUL,2026-08-26,4184.506727,4241.968971,4094.325326,4151.332010,105661972
HUL,2026-08-27,4134.495217,4175.291002,4041.419379,4081.694167,115420689
HUL,2026-08-28,4102.955655,4254.499164,4025.495868,4175.666664,39980247
HUL,2026-08-31,4174.097502,4257.399810,3938.913626,4019.123116,27193012
HUL,2026-09-01,3978.953540,4105.940404,3950.616380,4076.905652,26375763
HUL,2026-09-02,4096.966254,4138.191757,4062.701327,4103.869098,60668259
HUL,2026-09-03,4078.763419,4165.618822,4002.486979,4089.148178,107523717
HUL,2026-09-04,4053.347948,4095.464656,4026.074986,4068.092486,30889584
HUL,2026-09-07,4099.424896,4163.298914,3817.848345,3878.276604,59618617
HUL,2026-09-08,3875.596444,3942.342228,3828.015487,3894.528836,60034592
HUL,2026-09-09,3873.524310,3910.558835,3851.398519,3888.348368,4169032
HUL,2026-09-10,3900.500387,3910.931790,3773.542122,3783.661052,140158696
HUL,2026-09-11,3756.798961,3845.791313,3739.132169,3827.790674,145622026
HUL,2026-09-14,3797.305555,3869.207328,3740.780320,3812.456562,69068687
HUL,2026-09-15,3805.868807,3889.462366,3650.575397,3732.558746,74401929
HUL,2026-09-16,3770.960150,3808.763470,3674.457686,3711.666596,12184152
HUL,2026-09-17,3730.191735,3953.241051,3672.652724,3893.187791,61776301
HUL,2026-09-18,3905.701928,3983.451673,3853.614505,3931.026515,115739520
HUL,2026-09-21,3919.422937,4067.898367,3862.624841,4009.790711,21802855
HUL,2026-09-22,3998.318094,4110.669267,3950.273428,4061.861055,78725135
HUL,2026-09-23,4049.550011,4107.964340,3794.894225,3850.436361,118096904
ITC,2025-10-07,478.805271,485.033054,462.329803,468.422538,93960568
ITC,2025-10-08,470.485847,478.625016,465.543012,473.648950,130920247
ITC,2025-10-09,468.323160,469.425650,452.330638,453.397992,69818172
ITC,2025-10-10,450.966978,457.913909,438.256467,445.113225,95511510
ITC,2025-10-13,445.546264,459.732156,441.806529,455.905470,54766396
ITC,2025-10-14,452.501770,475.232840,447.537610,470.075885,131935644
ITC,2025-10-15,471.830305,478.581560,463.384496,470.111151,3947732
ITC,2025-10-16,470.721422,502.164386,460.393279,491.382907,62988727
ITC,2025-10-17,495.086798,515.358500,490.127925,510.247772,76252327
ITC,2025-10-20,511.296743,515.598527,503.217903,507.487638,38472210
ITC,2025-10-21,506.879271,517.826829,501.285601,512.174721,103987110
ITC,2025-10-22,510.956451,536.718565,505.347903,530.891202,103864546
ITC,2025-10-23,533.672212,547.240433,527.299181,540.782492,142385325
ITC,2025-10-24,539.236787,567.374837,528.066744,555.860442,50062339
ITC,2025-10-27,554.917800,564.841118,547.371027,557.262458,21815094
ITC,2025-10-28,557.276284,590.783672,551.588170,584.814476,35406694
ITC,2025-10-29,587.300501,592.860933,570.993342,576.451054,116301379
ITC,2025-10-30,574.170865,579.604810,548.983281,554.228492,118919770
ITC,2025-10-31,551.081488,559.396980,549.335192,557.629933,99747078
ITC,2025-11-03,548.464352,567.198588,540.479435,559.059421,34076142
ITC,2025-11-04,558.558168,583.067921,548.007424,572.258390,2196066
ITC,2025-11-05,576.523775,584.963203,571.320189,579.730672,83347770
ITC,2025-11-06,579.336990,599.837172,575.696886,596.091794,50388531
ITC,2025-11-07,599.919194,611.149298,572.319853,583.237690,86419755
ITC,2025-11-10,586.146658,596.328484,571.576597,581.680849,135467768
ITC,2025-11-11,586.441438,591.082191,572.311985,576.877051,58818804
ITC,2025-11-12,573.535192,584.260064,564.214885,574.917296,68659160
ITC,2025-11-13,576.109744,597.035071,565.506509,586.245293,24798537
ITC,2025-11-14,584.029925,595.303050,549.087013,559.894264,46589399
ITC,2025-11-17,560.326267,576.714196,554.421093,570.699698,91051634
ITC,2025-11-18,570.895688,592.134381,563.987348,585.054704,50314981
ITC,2025-11-19,585.984027,588.244795,576.392923,578.625301,140783449
ITC,2025-11-20,575.412133,587.270917,568.050627,579.852602,4239103
ITC,2025-11-21,580.542659,586.529414,566.669564,572.574144,117177470
ITC,2025-11-24,571.345677,579.307077,555.427292,563.276249,33726004
ITC,2025-11-25,568.626653,581.026423,558.786352,571.142583,49064297
ITC,2025-11-26,583.363781,588.964718,559.437618,564.860907,15758222
ITC,2025-11-27,565.959651,583.971070,564.422801,582.389605,6502301
ITC,2025-11-28,581.584524,592.449145,574.494330,585.313490,98561094
ITC,2025-12-01,585.769993,593.412156,561.879532,569.306912,58383763
ITC,2025-12-02,574.301984,578.938354,569.460830,574.095533,12850339
ITC,2025-12-03,577.743861,593.140327,575.847923,591.200231,131730638
ITC,2025-12-04,590.180027,593.253449,584.727903,587.788873,58001454
ITC,2025-12-05,589.562303,600.360896,569.741220,580.371470,119050385
ITC,2025-12-08,579.895680,604.550291,569.175047,593.576734,149594034
ITC,2025-12-09,592.230396,596.045364,567.632012,571.312232,96716598
ITC,2025-12-10,569.217219,588.909815,561.404248,580.935994,119183810
ITC,2025-12-11,588.033248,590.586377,571.386787,573.878458,77419733
ITC,2025-12-12,574.438327,600.281655,570.916270,596.623573,33827379
ITC,2025-12-15,605.241973,613.973406,595.514403,604.231255,34797266
ITC,2025-12-16,605.511633,624.086128,598.109660,616.549227,33037138
ITC,2025-12-17,622.741074,628.334592,598.289510,603.712107,4356557
ITC,2025-12-18,600.833246,614.306144,594.126717,607.524922,75712022
ITC,2025-12-19,608.853134,623.984776,606.767462,621.854566,56861896
ITC,2025-12-22,620.004464,637.975391,610.838825,628.681479,5916919
ITC,2025-12-23,628.230670,637.204994,606.573235,615.363754,24722964
ITC,2025-12-24,617.011228,626.529714,615.762221,625.264000,51892195
ITC,2025-12-25,624.683094,634.250946,608.539894,618.005469,58419614
ITC,2025-12-26,621.220327,631.055512,615.839472,625.636406,58435408
ITC,2025-12-29,617.060332,648.700389,610.179432,641.546442,99895518
ITC,2025-12-30,636.873378,649.414846,613.806980,626.137025,138614401
ITC,2025-12-31,622.556359,633.864143,620.118514,631.391700,148449992
ITC,2026-01-01,632.253816,639.635243,615.975791,623.252125,55944460
ITC,2026-01-02,624.652198,633.101698,618.036256,626.466539,85431594
ITC,2026-01-05,623.967047,628.626853,606.715983,611.281050,49662932
ITC,2026-01-06,612.925648,632.232702,607.262631,626.444778,82528696
ITC,2026-01-07,634.049387,642.386877,616.254148,624.465616,61349050
ITC,2026-01-08,623.436855,634.858392,592.504249,603.561667,93843484
ITC,2026-01-09,593.135845,608.026363,588.004154,602.810966,140233446
ITC,2026-01-12,607.113518,615.866618,573.362268,581.749684,51082556
ITC,2026-01-13,583.431401,594.323180,578.000673,588.842088,129859187
ITC,2026-01-14,584.996391,604.436028,580.182723,599.502991,29586090
ITC,2026-01-15,603.778298,607.164779,589.039975,592.362426,136249880
ITC,2026-01-16,594.000416,599.811571,581.964867,587.714527,53192858
ITC,2026-01-19,583.455074,609.483541,573.033626,598.788219,69068810
ITC,2026-01-20,597.480589,619.635244,584.330121,606.290864,27067390
ITC,2026-01-21,607.417106,620.794655,598.820106,612.130938,87106805
ITC,2026-01-22,616.187947,622.363719,585.885161,591.816671,3443154
ITC,2026-01-23,592.808172,598.712294,590.940019,596.831462,3000555
ITC,2026-01-26,593.027679,599.180900,588.825749,594.965242,104311524
ITC,2026-01-27,597.546127,601.316617,590.564127,594.314223,108538954
ITC,2026-01-28,595.197466,606.043109,583.648550,594.481140,41853461
ITC,2026-01-29,592.005675,599.917542,584.609120,592.514628,42129064
ITC,2026-01-30,591.428227,609.783018,582.643504,600.858227,4164523
ITC,2026-02-02,606.331655,620.865850,599.861697,614.310751,133832371
ITC,2026-02-03,614.234064,623.489734,609.799574,619.020687,123522265
ITC,2026-02-04,618.970561,625.672884,607.932669,614.587531,63474669
ITC,2026-02-05,610.561996,627.934579,609.622797,626.970140,36067754
ITC,2026-02-06,627.064167,636.181309,605.333924,614.264973,144446435
ITC,2026-02-09,611.917499,616.248354,600.256097,604.534700,9499261
ITC,2026-02-10,599.852487,615.482139,590.388032,605.921921,142546193
ITC,2026-02-11,601.346473,608.320594,594.749425,601.719454,113556023
ITC,2026-02-12,600.803450,610.962144,566.534941,576.278963,102622500
ITC,2026-02-13,571.358959,608.301790,565.492146,602.119127,127764631
ITC,2026-02-16,603.545307,608.005386,585.131057,589.487249,6395514
ITC,2026-02-17,591.741827,599.738934,577.568769,585.481268,116573139
ITC,2026-02-18,585.558987,595.207761,571.201718,580.771606,24350809
ITC,2026-02-19,583.433121,588.998318,566.339526,571.793698,142870331
ITC,2026-02-20,576.490756,580.724932,549.127741,553.190784,8796599
ITC,2026-02-23,549.614980,571.193920,539.943498,561.316528,111578872
ITC,2026-02-24,564.761374,572.225469,557.181505,564.644050,76097281
ITC,2026-02-25,563.151166,574.246608,558.955014,569.999428,43954354
ITC,2026-02-26,571.531111,573.334326,562.440198,564.220347,41589227
ITC,2026-02-27,571.365255,583.774851,556.610191,568.967714,113333427
ITC,2026-03-02,570.526830,575.389417,569.331320,574.186239,136532720
ITC,2026-03-03,572.549133,591.050793,564.477886,582.834552,76904023
ITC,2026-03-04,589.067824,596.768497,574.060362,581.664251,11827990
ITC,2026-03-05,582.122522,593.455374,563.911842,575.108137,81039415
ITC,2026-03-06,574.431130,589.610007,569.793490,584.887944,122017137
ITC,2026-03-09,580.628322,594.973682,573.039908,587.298098,14305108
ITC,2026-03-10,585.771861,599.997538,576.744287,590.891070,75281815
ITC,2026-03-11,596.505387,602.803622,590.836878,597.129184,141907697
ITC,2026-03-12,601.052466,606.943108,592.158545,598.019462,32545240
ITC,2026-03-13,598.648785,606.373237,593.870071,601.571194,119331493
ITC,2026-03-16,602.134985,621.161655,589.961810,608.852671,30077707
ITC,2026-03-17,617.240782,626.442534,590.484027,599.420111,101600326
ITC,2026-03-18,603.352301,607.886051,590.010290,594.477351,30191269
ITC,2026-03-19,594.247637,599.377660,588.116325,593.237629,13282327
ITC,2026-03-20,594.770317,604.210386,579.455326,588.800645,71201567
ITC,2026-03-23,592.377847,599.219083,582.764886,589.573737,54540592
ITC,2026-03-24,592.237575,600.261631,561.505861,569.218032,97604258
ITC,2026-03-25,567.960562,595.777453,562.035273,589.626136,118933999
ITC,2026-03-26,597.457367,603.256172,585.313483,591.050101,36065414
ITC,2026-03-27,591.781874,598.274460,578.442819,584.859457,11494964
ITC,2026-03-30,585.755696,606.992123,577.189855,598.243663,122369070
ITC,2026-03-31,597.051621,624.472187,588.323168,615.474406,51882046
ITC,2026-04-01,614.957953,622.766159,606.112911,613.907782,104402507
ITC,2026-04-02,609.665146,614.164223,601.179306,605.648744,146260153
ITC,2026-04-03,610.742881,621.807570,597.768376,608.797827,106272220
ITC,2026-04-06,610.928492,623.567136,587.863891,600.282291,119065194
ITC,2026-04-07,600.421485,601.389506,598.117415,599.083278,120815159
ITC,2026-04-08,596.208695,631.726176,591.062045,626.319599,80948934
ITC,2026-04-09,628.979928,630.634809,617.931382,619.561483,45384988
ITC,2026-04-10,621.360359,631.959223,606.076744,616.594312,13801895
ITC,2026-04-13,617.832543,629.753073,604.162558,616.048669,29854247
ITC,2026-04-14,618.171063,618.505771,611.775500,612.106924,28977925
ITC,2026-04-15,613.151014,626.671760,608.764852,622.220718,105563142
ITC,2026-04-16,624.287435,632.511891,612.739740,620.919831,78860167
ITC,2026-04-17,627.986870,632.375041,603.884099,608.133541,67573756
ITC,2026-04-20,614.347596,624.705980,575.703850,585.577141,137209106
ITC,2026-04-21,586.245883,589.837515,582.238854,585.827926,71056965
ITC,2026-04-22,582.773819,612.962051,572.641292,602.486779,52266210
ITC,2026-04-23,607.689039,610.940290,593.747847,596.941597,47041197
ITC,2026-04-24,596.541502,608.047860,591.309985,602.761793,117173075
ITC,2026-04-27,598.344618,618.919513,588.498857,608.900062,54434294
ITC,2026-04-28,602.701254,612.704828,600.343038,610.316815,11708340
ITC,2026-04-29,613.779619,619.824348,596.450899,602.383393,147926888
ITC,2026-04-30,598.234701,623.735933,591.368893,616.658677,89516135
ITC,2026-05-01,614.789939,621.862022,592.573862,599.469713,41509500
ITC,2026-05-04,603.363570,623.317517,596.183850,615.987577,91421244
ITC,2026-05-05,617.704590,622.969415,610.889420,616.140917,65322865
ITC,2026-05-06,614.904671,645.865288,604.526173,635.145166,149575019
ITC,2026-05-07,631.566085,638.397381,618.740318,625.506066,36542661
ITC,2026-05-08,623.031111,629.728633,612.206766,618.859443,10674032
ITC,2026-05-11,621.544679,631.460558,590.366377,599.937544,86336284
ITC,2026-05-12,601.526516,607.995269,584.782659,591.139714,89962259
ITC,2026-05-13,592.402510,616.754361,583.762114,607.888103,47159860
ITC,2026-05-14,603.918460,640.241349,597.888393,633.911801,124059727
ITC,2026-05-15,632.565009,642.505666,599.849177,609.426211,19753508
ITC,2026-05-18,614.362822,619.457383,604.697712,609.754055,54516154
ITC,2026-05-19,620.981331,632.080414,600.047326,610.967426,108539495
ITC,2026-05-20,612.535767,633.361987,602.067708,622.719884,97180107
ITC,2026-05-21,619.275577,630.671164,597.088361,608.281643,132626848
ITC,2026-05-22,606.698535,615.255890,600.755815,609.287808,94018495
ITC,2026-05-25,609.651184,632.870846,606.367497,629.480356,76963889
ITC,2026-05-26,630.361349,643.237600,616.520355,629.376489,66065581
ITC,2026-05-27,630.656952,646.191108,625.123591,640.570764,15253573
ITC,2026-05-28,642.043164,657.833835,631.294401,647.002052,83653266
ITC,2026-05-29,648.297471,660.961378,640.801659,653.406494,95628417
ITC,2026-06-01,649.980474,667.078442,641.965501,658.952831,80618690
ITC,2026-06-02,660.025400,683.233802,656.191871,679.288390,23923544
ITC,2026-06-03,682.289979,689.273451,669.509086,676.432606,42031513
ITC,2026-06-04,676.245319,712.812796,667.607728,703.822959,133396420
ITC,2026-06-05,703.710507,731.166401,702.251121,729.653214,77297837
ITC,2026-06-08,725.876753,732.016025,720.424032,726.558184,2191476
ITC,2026-06-09,725.230656,748.451285,714.025580,737.063389,93924951
ITC,2026-06-10,733.695757,750.331236,723.103413,739.652889,58655487
ITC,2026-06-11,741.188142,762.106949,732.113861,752.889411,106323948
ITC,2026-06-12,753.383211,775.839607,738.784172,761.091203,117820879
ITC,2026-06-15,758.357186,779.414672,748.446749,769.360442,47024035
ITC,2026-06-16,761.399840,795.832217,747.615481,781.680695,103287124
ITC,2026-06-17,792.564782,796.620147,740.092979,743.899334,84738645
ITC,2026-06-18,738.312829,749.480003,710.907320,721.825113,74835510
ITC,2026-06-19,725.488067,745.238198,712.078272,731.713336,126157833
ITC,2026-06-22,733.601498,735.866434,730.022852,732.283720,69538267
ITC,2026-06-23,731.716501,740.837720,716.555348,725.600325,128976820
ITC,2026-06-24,735.102068,743.938607,701.113789,709.644305,12670098
ITC,2026-06-25,708.060903,730.798774,698.504427,721.066762,20190690
ITC,2026-06-26,725.881747,741.254845,676.063785,690.691608,39612724
ITC,2026-06-29,691.467837,707.479260,680.141608,696.077523,18111590
ITC,2026-06-30,689.364960,710.386970,682.457402,703.339386,98500735
ITC,2026-07-01,700.418346,729.842476,694.263797,723.485239,121687127
ITC,2026-07-02,723.036375,741.544972,709.235057,727.655485,27081002
ITC,2026-07-03,719.786566,764.811821,712.057167,756.686177,40057777
ITC,2026-07-06,754.503240,784.611972,742.230032,772.053284,19705235
ITC,2026-07-07,771.349491,780.851395,751.502728,760.875610,58982278
ITC,2026-07-08,760.519964,764.996723,742.594507,746.991631,134461964
ITC,2026-07-09,747.988380,758.442591,740.565641,750.990064,40722287
ITC,2026-07-10,756.389929,763.663903,731.970914,739.078408,140831117
ITC,2026-07-13,731.850691,737.843244,719.008827,724.944833,31729842
ITC,2026-07-14,724.633626,735.179127,697.224528,707.520992,56323537
ITC,2026-07-15,704.426500,709.283383,690.526202,695.320300,115645008
ITC,2026-07-16,691.946468,711.440153,684.963230,704.331919,145634014
ITC,2026-07-17,701.801822,709.354537,689.788468,697.292656,142312590
ITC,2026-07-20,694.543299,708.404220,650.390113,663.634186,29831280
ITC,2026-07-21,658.133632,672.742143,651.827300,666.357013,131358415
ITC,2026-07-22,672.624888,677.485833,659.186662,663.985169,27160561
ITC,2026-07-23,666.160377,666.881985,661.650058,662.367558,16500141
ITC,2026-07-24,662.549037,668.149450,653.199607,658.768061,16708029
ITC,2026-07-27,657.445688,669.876837,640.811971,653.162126,121429487
ITC,2026-07-28,653.209374,687.475928,642.714803,676.605471,19704594
ITC,2026-07-29,680.072105,692.030602,655.107851,666.833559,131123283
ITC,2026-07-30,667.754829,681.297981,652.303275,665.806920,17124456
ITC,2026-07-31,668.826558,681.428218,655.027914,667.606587,104643943
ITC,2026-08-03,671.953237,689.481072,664.751203,682.169540,66092373
ITC,2026-08-04,675.535084,690.064914,672.802368,687.284668,122436729
ITC,2026-08-05,688.587656,692.583720,671.480478,675.400011,31025866
ITC,2026-08-06,674.780638,697.911560,661.960045,684.898726,133545435
ITC,2026-08-07,681.432374,692.382196,673.427164,684.342796,4877269
ITC,2026-08-10,681.682364,693.210159,664.237598,675.663610,54055921
ITC,2026-08-11,671.551822,709.057445,654.347627,691.346148,16280648
ITC,2026-08-12,686.943449,704.433541,672.033224,689.468509,147940533
ITC,2026-08-13,688.765350,699.071424,668.313625,678.465582,1866831
ITC,2026-08-14,679.644340,680.233842,670.196213,670.778024,19615475
ITC,2026-08-17,673.836626,686.564640,673.753015,686.479459,22150477
ITC,2026-08-18,686.335890,698.954378,677.765431,690.333993,10826730
ITC,2026-08-19,693.484073,708.169775,667.409275,681.848575,136410716
ITC,2026-08-20,681.359127,699.493473,676.022511,694.057400,108015871
ITC,2026-08-21,692.790046,700.702459,665.348872,673.035668,69961892
ITC,2026-08-24,675.361137,681.631434,649.194856,655.278700,83405024
ITC,2026-08-25,656.085017,677.336396,645.813837,666.895967,140499091
ITC,2026-08-26,665.433257,677.181968,661.960304,673.666047,4614097
ITC,2026-08-27,668.549937,679.406200,663.792434,674.605604,56579453
ITC,2026-08-28,677.659448,691.108456,674.363211,687.763074,132124283
ITC,2026-08-31,687.417519,709.616846,684.379800,706.494824,132079628
ITC,2026-09-01,703.886987,723.638379,697.604928,717.237173,44017489
ITC,2026-09-02,714.723820,737.621512,704.814050,727.534124,50099823
ITC,2026-09-03,734.410021,734.623742,708.222388,708.428548,134929439
ITC,2026-09-04,703.492022,736.794894,695.745518,728.770042,81384757
ITC,2026-09-07,725.657367,737.672152,719.375203,731.340786,140528322
ITC,2026-09-08,731.324882,737.892615,713.621229,720.088048,100078995
ITC,2026-09-09,723.655174,740.418295,710.199790,726.902532,95862636
ITC,2026-09-10,732.014039,738.282389,712.812226,718.968869,40235135
ITC,2026-09-11,717.702706,740.940132,709.526303,732.594080,29788442
ITC,2026-09-14,732.998352,743.329686,720.266732,730.563751,3059379
ITC,2026-09-15,726.137356,742.022747,718.610233,734.409871,3110144
ITC,2026-09-16,723.710952,742.361298,707.068263,725.673478,6757714
ITC,2026-09-17,731.623459,738.941508,702.501368,709.599120,13558525
ITC,2026-09-18,701.199120,718.438797,697.908331,715.082850,149520593
ITC,2026-09-21,711.469980,717.007277,687.247202,692.637931,104603315
ITC,2026-09-22,698.981771,709.674202,670.008245,680.416683,67164345
ITC,2026-09-23,672.523579,680.952849,663.931324,672.358525,93851557
TRENT,2025-10-07,5970.307601,6205.069568,5847.882640,6080.387352,21429737
TRENT,2025-10-08,6092.615175,6140.814126,5913.533399,5960.688674,99517785
TRENT,2025-10-09,5980.901205,6115.404695,5973.669633,6108.019423,134828890
TRENT,2025-10-10,6173.692683,6233.992607,6007.357563,6066.611601,29955397
TRENT,2025-10-13,6069.255091,6171.142639,5819.989072,5919.360262,76860205
TRENT,2025-10-14,5894.094893,6006.389595,5829.561943,5941.339377,103787048
TRENT,2025-10-15,5925.785342,6060.996808,5592.144951,5722.723048,40029332
TRENT,2025-10-16,5771.594766,5915.261578,5691.715381,5834.511421,85638716
TRENT,2025-10-17,5798.406948,6043.424730,5719.437737,5962.224468,42627044
TRENT,2025-10-20,5954.586993,5995.242878,5901.847180,5942.419993,131537619
TRENT,2025-10-21,5934.411824,6154.808071,5894.695772,6113.890855,55377249
TRENT,2025-10-22,6159.264908,6270.700897,6001.004267,6111.577475,44215678
TRENT,2025-10-23,6096.975798,6600.235257,5923.614457,6417.752943,12439319
TRENT,2025-10-24,6447.028138,6840.849262,6357.532984,6747.187413,1241761
TRENT,2025-10-27,6705.890022,7007.078661,6661.654741,6961.159499,42739211
TRENT,2025-10-28,6989.828812,7048.193388,6675.289322,6731.496845,46666997
TRENT,2025-10-29,6725.776585,7003.111057,6588.276555,6862.809560,114186912
TRENT,2025-10-30,6919.101754,7000.431154,6626.290662,6705.104669,121699867
TRENT,2025-10-31,6719.593238,6942.600140,6624.016947,6845.236755,139386825
TRENT,2025-11-03,6840.036188,6910.460840,6575.812119,6644.220664,10487369
TRENT,2025-11-04,6702.313230,6808.784478,6430.668099,6534.473081,44143314
TRENT,2025-11-05,6553.982751,6750.443182,6489.735603,6684.912560,34855546
TRENT,2025-11-06,6747.087795,6833.085406,6459.896683,6543.296798,58562119
TRENT,2025-11-07,6533.872288,6706.412489,6444.359326,6615.777440,130076549
TRENT,2025-11-10,6577.466668,6886.577297,6477.935252,6783.921765,44355832
TRENT,2025-11-11,6885.096773,6988.843679,6771.857019,6875.458696,10006940
TRENT,2025-11-12,6906.281555,6964.027671,6884.585917,6942.219137,73216493
TRENT,2025-11-13,6989.279682,7075.042928,6849.258663,6934.347858,104752323
TRENT,2025-11-14,6931.732955,7070.304969,6882.362831,7020.304012,8759212
TRENT,2025-11-17,6997.643291,7270.265271,6917.643302,7188.088037,76090668
TRENT,2025-11-18,7225.141144,7346.695763,6856.651412,6973.980545,17293736
TRENT,2025-11-19,6991.698852,7203.729479,6850.913203,7061.537550,24148094
TRENT,2025-11-20,7022.524759,7236.664953,6980.037804,7193.145725,147846900
TRENT,2025-11-21,7229.839284,7342.060887,7151.327903,7263.187368,16403566
TRENT,2025-11-24,7242.213356,7477.949805,7128.435584,7362.285654,49929136
TRENT,2025-11-25,7359.831073,7432.363200,7303.632809,7376.041159,127912335
TRENT,2025-11-26,7313.071115,7457.609573,7292.043277,7436.227614,102602239
TRENT,2025-11-27,7468.157411,7527.899445,7332.743244,7391.875052,84148578
TRENT,2025-11-28,7353.154285,7436.731706,7258.409681,7341.858715,1588055
TRENT,2025-12-01,7339.235328,7412.081335,6906.659248,6975.898938,31953334
TRENT,2025-12-02,6992.471406,7082.260726,6874.183266,6963.601877,79826950
TRENT,2025-12-03,6996.513180,7092.808053,6839.812300,6935.264186,38394408
TRENT,2025-12-04,6921.907516,7006.938282,6821.188094,6906.023739,128450940
TRENT,2025-12-05,6875.189116,7002.070351,6809.463954,6935.766087,75221994
TRENT,2025-12-08,6869.696593,6903.446234,6651.543768,6684.382995,109714777
TRENT,2025-12-09,6658.317761,7077.896607,6519.286037,6933.126625,116363735
TRENT,2025-12-10,6963.637141,7079.951458,6907.083106,7022.916000,126033054
TRENT,2025-12-11,6968.268974,7114.378187,6845.326789,6991.034349,96333947
TRENT,2025-12-12,7047.393096,7100.482531,7039.541869,7092.580962,44046112
TRENT,2025-12-15,7080.740146,7411.627692,6996.470117,7324.457113,30942829
TRENT,2025-12-16,7254.166863,7350.497971,6861.357772,6953.698840,14856610
TRENT,2025-12-17,6990.210061,7095.795601,6948.521425,7053.728153,107401753
TRENT,2025-12-18,7074.145459,7196.052229,6882.780557,7003.469385,24840893
TRENT,2025-12-19,6998.082155,7094.598278,6895.816694,6992.252415,124450955
TRENT,2025-12-22,6986.320112,7177.310158,6940.723770,7130.771055,15504185
TRENT,2025-12-23,7049.088403,7377.804003,6957.022218,7282.686853,131845349
TRENT,2025-12-24,7292.330046,7393.485493,7191.711385,7292.859526,148461195
TRENT,2025-12-25,7354.819641,7448.199525,7278.566968,7371.771104,116153710
TRENT,2025-12-26,7372.604252,7435.601456,7336.678221,7399.544150,8544017
TRENT,2025-12-29,7355.078858,7468.406884,7100.732497,7211.853690,142338164
TRENT,2025-12-30,7189.463392,7290.475832,6827.293622,6924.584497,124528378
TRENT,2025-12-31,6921.132613,7059.042334,6616.649644,6751.172763,27046107
TRENT,2026-01-01,6710.795419,6811.387347,6524.674639,6623.965016,105255738
TRENT,2026-01-02,6611.980443,6675.660770,6233.008637,6293.622845,106689358
TRENT,2026-01-05,6307.338433,6429.845533,6211.263525,6333.374044,145139906
TRENT,2026-01-06,6351.196350,6521.691410,6204.639417,6374.594552,14234055
TRENT,2026-01-07,6396.218084,6517.681843,6286.538871,6407.803962,145004638
TRENT,2026-01-08,6454.622091,6502.594041,6317.730154,6365.036287,112682858
TRENT,2026-01-09,6339.988757,6475.356769,6281.889453,6416.555808,72433718
TRENT,2026-01-12,6416.935950,6545.813640,6323.302157,6451.672976,139264873
TRENT,2026-01-13,6447.111485,6554.026084,6282.055791,6387.989958,110482741
TRENT,2026-01-14,6398.306548,6483.692874,6159.142669,6242.449054,86437633
TRENT,2026-01-15,6202.187008,6271.688819,6090.069142,6159.087985,105681435
TRENT,2026-01-16,6127.425301,6186.148268,6045.316291,6103.812967,84296489
TRENT,2026-01-19,6099.970209,6148.645216,6055.528568,6104.172956,139408476
TRENT,2026-01-20,6080.016055,6195.439065,5999.862301,6114.826401,60531232
TRENT,2026-01-21,6144.019111,6259.763390,5741.978308,5852.225626,15222364
TRENT,2026-01-22,5857.187919,5884.417122,5780.500144,5807.498347,24499509
TRENT,2026-01-23,5810.174596,5991.078823,5714.112310,5893.636622,65705712
TRENT,2026-01-26,5932.362632,5955.120934,5788.721379,5811.014152,115739610
TRENT,2026-01-27,5753.485625,5874.110119,5680.893723,5800.919740,9241864
TRENT,2026-01-28,5758.399061,5857.248765,5594.670109,5692.386631,94158747
TRENT,2026-01-29,5713.364254,5795.122693,5631.531628,5713.288990,81953899
TRENT,2026-01-30,5696.442809,5836.402843,5639.747596,5778.887084,126769450
TRENT,2026-02-02,5713.216298,5931.849050,5632.409898,5849.120453,61510377
TRENT,2026-02-03,5812.420889,5969.000533,5753.052470,5908.649232,128579736
TRENT,2026-02-04,5941.622458,6028.371413,5694.520130,5778.893204,46261847
TRENT,2026-02-05,5800.149825,5837.644681,5628.811068,5665.435065,36519795
TRENT,2026-02-06,5698.591246,5803.882073,5576.647737,5681.625086,129854083
TRENT,2026-02-09,5663.139165,5774.316488,5628.026234,5738.734844,5460532
TRENT,2026-02-10,5749.711486,5814.407032,5451.098973,5513.132541,130360684
TRENT,2026-02-11,5530.664067,5632.007953,5249.899223,5347.894031,141384120
TRENT,2026-02-12,5329.747779,5578.113794,5297.239699,5544.297100,136524567
TRENT,2026-02-13,5567.756935,5630.032306,5419.025335,5480.322755,149407752
TRENT,2026-02-16,5485.873650,5691.821958,5422.872529,5627.197836,51003677
TRENT,2026-02-17,5605.454177,5962.540839,5492.437876,5844.700882,125122115
TRENT,2026-02-18,5870.667296,5993.082792,5661.312719,5781.876749,30727953
TRENT,2026-02-19,5801.475075,5921.739485,5773.197537,5893.015759,125563876
TRENT,2026-02-20,5944.023753,6005.005544,5762.955781,5822.692796,18328262
TRENT,2026-02-23,5834.548620,6029.601035,5740.405546,5933.855597,98827406
TRENT,2026-02-24,5920.110090,6219.093128,5835.299562,6131.257734,17342392
TRENT,2026-02-25,6122.683384,6213.622248,6043.998396,6134.781778,115630968
TRENT,2026-02-26,6103.405935,6182.737096,5916.305304,5994.217247,120920951
TRENT,2026-02-27,6060.921334,6110.010496,5785.719233,5832.962087,94166285
TRENT,2026-03-02,5830.834968,5875.668662,5744.593365,5789.106204,129981163
TRENT,2026-03-03,5790.457346,5841.564235,5593.340097,5643.146815,101742750
TRENT,2026-03-04,5626.326383,5828.793500,5513.309430,5714.015128,148915911
TRENT,2026-03-05,5677.966166,5766.327957,5581.738656,5669.976104,39652597
TRENT,2026-03-06,5667.661476,5735.798406,5460.060366,5526.500248,57860513
TRENT,2026-03-09,5508.920512,5567.482717,5299.713417,5356.656995,76104216
TRENT,2026-03-10,5355.366513,5359.533958,5331.873194,5336.025589,19786538
TRENT,2026-03-11,5332.424034,5393.074113,5233.897603,5294.111927,42842259
TRENT,2026-03-12,5269.058103,5335.979330,4874.464622,4937.170614,79889884
TRENT,2026-03-13,4921.127706,4983.317895,4685.172837,4745.138989,115276243
TRENT,2026-03-16,4737.287993,4991.221578,4634.419404,4885.142382,113579152
TRENT,2026-03-17,4873.893259,4957.677079,4822.783763,4906.228503,75224295
TRENT,2026-03-18,4890.162558,4922.463413,4848.703349,4880.943309,94986454
TRENT,2026-03-19,4905.411379,4992.956264,4758.261739,4844.723553,132010868
TRENT,2026-03-20,4850.464770,4956.489305,4802.136638,4907.591980,140620621
TRENT,2026-03-23,4884.465229,5055.307689,4827.234359,4996.761057,103416368
TRENT,2026-03-24,5011.757897,5087.679133,4869.447924,4944.347993,36663723
TRENT,2026-03-25,4953.584577,5025.291588,4817.483358,4888.244521,67261502
TRENT,2026-03-26,4938.454512,4993.083006,4790.805001,4844.393000,25031095
TRENT,2026-03-27,4800.985489,5088.516796,4741.356627,5026.092082,21172421
TRENT,2026-03-30,5045.034432,5088.697938,4923.921475,4966.908823,23348274
TRENT,2026-03-31,5011.210930,5104.896547,4666.597263,4755.502356,18152855
TRENT,2026-04-01,4753.228595,4781.616730,4687.937016,4716.103425,69046413
TRENT,2026-04-02,4761.679872,4832.623351,4528.362808,4596.850522,142636896
TRENT,2026-04-03,4608.587825,4677.929084,4523.724409,4592.828552,104489349
TRENT,2026-04-06,4591.520418,4655.456676,4405.109157,4467.315885,29333448
TRENT,2026-04-07,4447.542713,4509.735231,4371.081891,4433.072057,77489096
TRENT,2026-04-08,4460.940839,4491.315360,4330.601284,4360.290478,105952039
TRENT,2026-04-09,4313.491013,4359.115190,4278.768296,4324.305419,121829918
TRENT,2026-04-10,4334.702972,4382.292473,4157.192261,4203.339560,84902725
TRENT,2026-04-13,4190.602385,4250.125879,3989.049082,4046.526111,148747482
TRENT,2026-04-14,4046.525196,4113.508352,4005.971305,4072.692217,45549459
TRENT,2026-04-15,4057.478619,4133.028179,4005.362521,4080.614907,54570863
TRENT,2026-04-16,4060.522861,4252.033359,4026.779971,4216.990228,61332933
TRENT,2026-04-17,4197.245798,4341.924275,4131.266465,4274.726964,88433923
TRENT,2026-04-20,4301.880490,4425.570302,4223.625103,4346.503185,108279788
TRENT,2026-04-21,4338.035481,4452.136686,4277.446598,4390.810696,11018591
TRENT,2026-04-22,4386.475873,4473.570261,4345.538943,4432.206548,31386094
TRENT,2026-04-23,4378.720949,4540.104905,4317.989866,4477.996905,87333012
TRENT,2026-04-24,4438.912131,4718.940353,4337.764857,4613.807819,114260128
TRENT,2026-04-27,4628.235528,4673.182652,4475.900093,4519.794088,137811994
TRENT,2026-04-28,4538.992198,4631.875752,4484.856458,4577.283320,5217643
TRENT,2026-04-29,4540.551398,4619.513871,4485.863222,4564.536804,71355770
TRENT,2026-04-30,4547.859117,4746.960047,4488.883268,4686.190343,138403801
TRENT,2026-05-01,4675.163608,4985.116124,4644.223762,4952.341934,72040680
TRENT,2026-05-04,4931.570482,5234.416581,4860.018947,5159.557216,79924957
TRENT,2026-05-05,5228.240632,5283.777914,5131.049047,5186.139104,144761379
TRENT,2026-05-06,5157.241532,5169.002097,5009.665820,5021.115964,88069518
TRENT,2026-05-07,4981.357622,5150.810344,4951.369489,5119.987648,104430814
TRENT,2026-05-08,5124.890470,5179.509534,5059.443365,5113.945784,139473519
TRENT,2026-05-11,5118.370985,5209.504308,4912.331994,5001.382317,129323660
TRENT,2026-05-12,5010.441837,5145.103099,4978.577530,5112.589178,146687014
TRENT,2026-05-13,5032.273510,5129.539630,4856.499689,4952.218468,119194850
TRENT,2026-05-14,4987.694149,5046.002987,4924.591131,4982.843260,109473485
TRENT,2026-05-15,4983.491581,5126.893599,4928.738193,5071.176818,108102955
TRENT,2026-05-18,5073.146929,5370.880238,4983.821999,5277.949271,126690383
TRENT,2026-05-19,5290.760296,5495.640100,5272.946762,5477.198844,106075093
TRENT,2026-05-20,5458.450562,5654.624635,5457.783473,5653.933656,8310118
TRENT,2026-05-21,5628.342561,5709.188140,5537.092375,5617.786324,99819992
TRENT,2026-05-22,5586.273865,5747.279386,5519.707946,5679.601378,106054032
TRENT,2026-05-25,5683.191623,5764.649300,5464.492539,5543.954518,119995911
TRENT,2026-05-26,5524.336952,5737.697507,5453.269468,5664.822752,83852173
TRENT,2026-05-27,5689.263813,5794.657808,5628.432962,5733.355519,124409339
TRENT,2026-05-28,5680.322547,5746.398641,5557.198612,5622.603289,145803939
TRENT,2026-05-29,5598.306085,5853.310197,5587.819889,5842.366851,8234801
TRENT,2026-06-01,5848.931093,5932.785963,5737.171067,5820.620047,56377563
TRENT,2026-06-02,5804.558852,5806.201917,5762.042349,5763.673842,1629604
TRENT,2026-06-03,5744.128720,5777.410198,5547.983106,5580.315450,72525361
TRENT,2026-06-04,5560.776335,5610.001083,5410.320783,5458.641419,98277641
TRENT,2026-06-05,5441.014177,5643.919561,5335.272342,5536.325427,60987590
TRENT,2026-06-08,5579.090503,5643.963006,5340.294187,5403.120547,17328158
TRENT,2026-06-09,5404.188138,5568.546897,5334.829363,5497.984318,98997449
TRENT,2026-06-10,5475.884000,5716.828862,5421.105906,5660.206890,12249426
TRENT,2026-06-11,5624.568804,5828.426902,5570.887041,5773.325383,66534273
TRENT,2026-06-12,5749.754529,5777.972902,5694.494467,5722.579472,61181997
TRENT,2026-06-15,5623.096039,5748.038869,5539.131712,5663.471652,97122940
TRENT,2026-06-16,5645.003813,5765.386343,5611.851804,5731.725036,141615797
TRENT,2026-06-17,5759.458729,5920.128887,5694.996273,5854.601549,99961266
TRENT,2026-06-18,5858.789235,5997.067400,5778.473868,5915.968195,97744445
TRENT,2026-06-19,5876.126836,5944.919024,5763.112547,5831.380892,120788279
TRENT,2026-06-22,5786.717055,6020.684597,5712.705092,5944.652642,67533991
TRENT,2026-06-23,5984.004410,6059.089331,5829.559793,5903.636286,8615482
TRENT,2026-06-24,5930.914336,6166.306202,5871.275071,6104.917223,107498068
TRENT,2026-06-25,6114.004875,6240.887478,5969.629295,6096.141177,96174133
TRENT,2026-06-26,6092.146606,6247.305547,6030.699096,6184.922269,97882892
TRENT,2026-06-29,6212.121642,6420.985167,6067.675434,6275.075143,120531797
TRENT,2026-06-30,6270.000368,6678.261738,6183.195058,6587.066788,43871734
TRENT,2026-07-01,6641.144884,6808.729997,6606.534859,6773.430571,115380421
TRENT,2026-07-02,6752.534645,6850.960485,6514.471832,6610.832198,62389499
TRENT,2026-07-03,6574.127327,6657.948226,6256.210543,6337.008145,134618814
TRENT,2026-07-06,6287.135032,6542.832879,6212.205205,6465.774039,45156904
TRENT,2026-07-07,6547.317951,6602.120780,6456.135203,6510.630952,79934962
TRENT,2026-07-08,6483.516386,6503.682336,6366.080911,6385.943375,73948801
TRENT,2026-07-09,6386.966937,6490.223055,6241.588673,6344.152626,148886218
TRENT,2026-07-10,6376.902119,6546.048884,6286.225293,6454.271893,35263327
TRENT,2026-07-13,6446.006774,6492.635745,6418.968438,6465.515578,110133390
TRENT,2026-07-14,6517.862121,6566.301913,6271.600320,6318.558919,91065634
TRENT,2026-07-15,6300.057237,6388.369934,6092.759068,6179.380142,93942149
TRENT,2026-07-16,6102.062633,6298.284482,5986.615857,6181.337873,120286946
TRENT,2026-07-17,6175.040993,6427.573943,6091.114450,6341.386556,66703304
TRENT,2026-07-20,6253.387787,6430.922412,6177.417700,6353.733265,24503605
TRENT,2026-07-21,6303.454680,6473.375963,6217.857533,6386.649086,13648349
TRENT,2026-07-22,6403.331722,6522.333388,6402.602361,6521.590557,142154624
TRENT,2026-07-23,6471.346921,6495.506069,6330.891897,6354.615257,127310438
TRENT,2026-07-24,6334.617653,6395.163554,6276.930665,6337.450766,12417997
TRENT,2026-07-27,6337.427068,6513.208016,6215.123629,6389.892076,102367803
TRENT,2026-07-28,6314.026392,6460.440467,6227.314804,6372.920082,61568519
TRENT,2026-07-29,6292.187975,6531.203257,6245.998497,6483.608605,78237231
TRENT,2026-07-30,6502.282250,6588.989472,6180.541853,6264.072575,56339935
TRENT,2026-07-31,6202.431773,6327.019698,6156.137223,6280.145101,58835235
TRENT,2026-08-03,6368.012133,6416.048089,6137.790225,6184.441448,7431206
TRENT,2026-08-04,6188.875246,6236.404325,6133.468458,6180.936570,5321696
TRENT,2026-08-05,6238.269371,6290.400340,6127.799652,6179.438996,147576244
TRENT,2026-08-06,6170.556870,6294.606309,6019.087476,6142.574370,55295515
TRENT,2026-08-07,6122.079302,6394.249798,6017.121982,6286.474083,32635876
TRENT,2026-08-10,6270.217217,6358.238312,5962.592661,6047.487078,23560942
TRENT,2026-08-11,6088.938906,6144.600397,5955.862687,6010.809969,88714805
TRENT,2026-08-12,6062.025007,6174.017068,5999.831105,6111.317446,1789252
TRENT,2026-08-13,6193.822548,6214.510931,5926.375153,5946.236558,10515064
TRENT,2026-08-14,5936.938104,5999.327816,5847.117642,5909.216030,97968425
TRENT,2026-08-17,5869.756307,5967.714657,5644.593592,5740.393043,139651431
TRENT,2026-08-18,5748.283552,6036.544073,5689.878821,5975.827412,2978482
TRENT,2026-08-19,5948.314426,6043.866928,5812.775463,5907.675143,79505427
TRENT,2026-08-20,5878.338438,6084.407646,5777.557838,5981.852362,72468739
TRENT,2026-08-21,5883.224143,6161.138818,5800.710007,6075.922032,4737270
TRENT,2026-08-24,6069.675421,6165.093642,5752.415574,5844.290638,49470727
TRENT,2026-08-25,5848.642411,5936.144225,5690.768932,5777.201921,129661755
TRENT,2026-08-26,5792.819317,5835.534034,5686.448348,5728.690193,74452277
TRENT,2026-08-27,5737.085225,5991.091783,5641.574954,5892.986094,112871448
TRENT,2026-08-28,5829.863348,5901.529054,5615.919767,5685.814703,7679060
TRENT,2026-08-31,5703.742145,5755.334485,5534.545422,5585.064279,124738783
TRENT,2026-09-01,5517.737150,5707.434032,5407.727216,5595.866395,14784265
TRENT,2026-09-02,5565.552256,5825.681560,5483.692172,5741.237437,84917709
TRENT,2026-09-03,5732.340041,5823.246434,5520.007704,5608.957432,96630039
TRENT,2026-09-04,5602.245675,5730.084211,5519.095651,5646.280608,97720270
TRENT,2026-09-07,5608.886924,5762.018044,5526.893314,5678.999493,133592442
TRENT,2026-09-08,5666.337023,5847.424762,5602.324588,5782.104506,109086067
TRENT,2026-09-09,5727.098021,5763.132217,5703.250631,5739.234292,104350148
TRENT,2026-09-10,5736.273561,5861.290428,5666.982030,5791.333795,107148434
TRENT,2026-09-11,5764.854594,5999.790110,5701.489162,5934.559338,137926792
TRENT,2026-09-14,5955.733958,6070.812586,5879.833135,5994.418758,36481982
TRENT,2026-09-15,6028.903864,6104.710101,5958.622824,6034.365393,26351264
TRENT,2026-09-16,6041.816680,6083.994877,6018.527661,6060.633327,72428868
TRENT,2026-09-17,6024.358666,6100.541839,5944.614790,6020.752359,18045284
TRENT,2026-09-18,6028.464618,6069.251869,5867.577010,5907.546154,147835241
TRENT,2026-09-21,5819.371188,5909.243912,5738.511342,5828.260549,34951281
TRENT,2026-09-22,5786.329810,5864.137608,5574.162213,5650.138672,45882254
TRENT,2026-09-23,5587.706672,5752.132233,5509.353984,5672.589293,127998465
SUNPHARMA,2025-10-07,1593.444105,1614.024470,1550.484894,1570.772440,69948505
SUNPHARMA,2025-10-08,1584.882952,1599.609644,1523.450688,1537.739323,53283232
SUNPHARMA,2025-10-09,1536.490417,1650.250436,1523.205491,1636.104222,99129067
SUNPHARMA,2025-10-10,1646.537437,1662.102157,1579.030818,1594.099846,116932530
SUNPHARMA,2025-10-13,1601.947262,1649.580375,1584.138089,1631.443289,113862411
SUNPHARMA,2025-10-14,1628.387000,1668.665265,1612.798150,1652.842301,104784016
SUNPHARMA,2025-10-15,1656.015646,1659.448481,1632.055386,1635.445581,70635457
SUNPHARMA,2025-10-16,1648.080774,1683.208132,1591.022029,1625.671759,149306363
SUNPHARMA,2025-10-17,1618.358431,1632.255203,1584.287459,1598.009496,99447890
SUNPHARMA,2025-10-20,1599.204389,1614.765232,1567.605776,1583.009032,109949763
SUNPHARMA,2025-10-21,1591.076901,1656.093253,1558.282887,1622.648509,66329814
SUNPHARMA,2025-10-22,1628.990090,1662.194909,1598.990916,1632.137768,35624586
SUNPHARMA,2025-10-23,1640.058998,1652.043859,1597.170140,1608.927505,102333243
SUNPHARMA,2025-10-24,1614.921541,1683.769875,1593.880639,1662.114098,77702615
SUNPHARMA,2025-10-27,1650.497400,1688.258709,1633.370461,1670.919850,35234243
SUNPHARMA,2025-10-28,1660.350125,1766.599692,1638.193916,1743.336093,54892143
SUNPHARMA,2025-10-29,1733.632718,1764.309312,1726.339520,1756.918155,49928407
SUNPHARMA,2025-10-30,1750.085705,1762.815100,1733.806855,1746.510243,48422184
SUNPHARMA,2025-10-31,1754.192614,1789.869297,1668.718909,1703.361797,96231315
SUNPHARMA,2025-11-03,1704.921866,1776.631493,1679.179003,1750.204895,148794590
SUNPHARMA,2025-11-04,1754.500490,1765.148406,1724.488055,1735.017732,49346207
SUNPHARMA,2025-11-05,1750.997493,1794.825606,1731.470837,1775.030936,128814454
SUNPHARMA,2025-11-06,1785.660940,1813.135256,1725.404893,1752.366945,93878592
SUNPHARMA,2025-11-07,1768.691610,1776.238541,1708.135521,1715.455295,123242258
SUNPHARMA,2025-11-10,1714.689439,1726.589331,1681.441313,1693.192013,88168165
SUNPHARMA,2025-11-11,1700.611283,1709.270139,1661.834468,1670.339190,78437406
SUNPHARMA,2025-11-12,1663.956263,1732.156840,1638.618449,1706.176125,125140696
SUNPHARMA,2025-11-13,1702.358918,1759.305219,1668.818055,1725.312119,133156121
SUNPHARMA,2025-11-14,1734.228902,1770.343265,1664.097350,1699.488259,102627006
SUNPHARMA,2025-11-17,1700.663659,1717.620081,1674.023758,1690.882659,67554754
SUNPHARMA,2025-11-18,1685.074327,1708.997583,1632.882754,1656.398901,87676891
SUNPHARMA,2025-11-19,1654.921173,1692.272259,1631.179778,1668.338382,18173483
SUNPHARMA,2025-11-20,1680.401000,1698.016721,1666.163946,1683.751282,98271876
SUNPHARMA,2025-11-21,1668.532114,1701.291575,1651.211831,1683.812671,129186200
SUNPHARMA,2025-11-24,1718.827967,1747.146295,1639.330735,1666.791747,37952381
SUNPHARMA,2025-11-25,1657.144498,1690.617023,1581.203339,1613.800360,78702671
SUNPHARMA,2025-11-26,1622.036487,1648.542041,1599.094375,1625.550229,83974526
SUNPHARMA,2025-11-27,1606.800357,1677.529596,1576.745929,1646.728334,112947164
SUNPHARMA,2025-11-28,1653.068495,1677.844701,1564.797391,1588.607453,70515645
SUNPHARMA,2025-12-01,1588.597697,1631.515817,1564.828859,1607.464689,46450789
SUNPHARMA,2025-12-02,1601.316323,1682.666588,1571.159537,1651.563521,4676923
SUNPHARMA,2025-12-03,1647.371091,1737.976261,1630.897767,1720.768975,67351358
SUNPHARMA,2025-12-04,1708.930451,1721.033466,1706.862248,1718.953133,38164972
SUNPHARMA,2025-12-05,1726.907087,1744.561033,1630.033903,1646.869636,15026728
SUNPHARMA,2025-12-08,1641.597079,1707.168973,1628.352517,1693.505608,77902047
SUNPHARMA,2025-12-09,1694.609786,1716.455668,1632.648419,1653.970401,69008389
SUNPHARMA,2025-12-10,1640.633352,1740.048470,1630.401858,1729.264247,6726081
SUNPHARMA,2025-12-11,1722.403594,1737.944002,1708.729221,1724.254931,55380596
SUNPHARMA,2025-12-12,1715.616443,1763.297862,1697.778110,1745.152425,61036220
SUNPHARMA,2025-12-15,1747.736808,1773.859163,1649.354634,1674.380579,140953355
SUNPHARMA,2025-12-16,1663.877334,1685.647356,1639.605464,1661.342318,104508545
SUNPHARMA,2025-12-17,1653.175696,1713.021010,1629.842742,1689.179891,6632809
SUNPHARMA,2025-12-18,1692.342346,1733.666568,1677.685036,1718.780280,66432129
SUNPHARMA,2025-12-19,1701.168122,1720.342403,1657.794470,1676.692884,119682249
SUNPHARMA,2025-12-22,1665.296543,1721.210599,1642.400894,1697.867147,62027299
SUNPHARMA,2025-12-23,1692.275496,1711.020580,1629.930492,1648.187216,90334676
SUNPHARMA,2025-12-24,1654.213215,1683.247951,1560.519074,1588.398633,51231808
SUNPHARMA,2025-12-25,1599.723691,1683.236667,1579.536558,1662.260375,9903537
SUNPHARMA,2025-12-26,1667.644458,1768.450503,1647.310379,1747.147026,140764262
SUNPHARMA,2025-12-29,1754.655215,1792.482155,1734.444561,1772.070901,117596667
SUNPHARMA,2025-12-30,1755.712445,1805.140742,1735.631807,1784.728241,100651207
SUNPHARMA,2025-12-31,1764.566509,1797.214920,1744.455131,1776.962262,89319667
SUNPHARMA,2026-01-01,1780.913600,1872.527391,1774.591627,1865.903717,129107067
SUNPHARMA,2026-01-02,1870.097933,1898.724679,1854.266220,1882.785557,92392544
SUNPHARMA,2026-01-05,1887.687578,1913.919024,1812.758919,1838.304130,2534262
SUNPHARMA,2026-01-06,1841.564563,1900.837988,1815.477637,1874.287521,33637087
SUNPHARMA,2026-01-07,1892.661430,1912.047437,1833.656246,1852.632246,113914904
SUNPHARMA,2026-01-08,1847.094176,1909.819697,1824.896538,1887.140795,72947870
SUNPHARMA,2026-01-09,1885.144797,1959.558129,1841.885831,1915.600292,48718543
SUNPHARMA,2026-01-12,1922.219188,1977.693168,1894.495688,1949.575123,36373988
SUNPHARMA,2026-01-13,1957.704953,1986.618117,1932.677917,1961.542028,67207892
SUNPHARMA,2026-01-14,1976.768670,1990.814940,1891.296586,1904.831695,49672256
SUNPHARMA,2026-01-15,1899.078342,1928.816373,1874.923345,1904.591255,21319690
SUNPHARMA,2026-01-16,1890.096596,2015.212673,1863.230650,1986.969766,49771146
SUNPHARMA,2026-01-19,1975.897189,1991.424170,1935.812390,1951.144862,72591579
SUNPHARMA,2026-01-20,1947.980454,2075.659121,1922.634970,2048.999266,50460246
SUNPHARMA,2026-01-21,2046.281871,2133.115142,2013.323466,2099.302757,78487477
SUNPHARMA,2026-01-22,2113.369957,2154.012516,2049.735514,2089.927243,82211744
SUNPHARMA,2026-01-23,2085.670099,2123.241220,2043.100929,2080.580364,3540401
SUNPHARMA,2026-01-26,2073.842748,2092.989502,1964.080517,1982.382867,120944308
SUNPHARMA,2026-01-27,1969.696667,2020.194141,1945.499302,1995.677605,39843163
SUNPHARMA,2026-01-28,1994.478068,2012.740429,1951.548385,1969.582794,78667695
SUNPHARMA,2026-01-29,1985.969214,2006.455913,1857.328081,1876.687461,82172767
SUNPHARMA,2026-01-30,1890.945873,1921.589330,1857.664006,1888.264002,63052756
SUNPHARMA,2026-02-02,1885.802109,1940.919748,1857.180657,1911.902167,51279204
SUNPHARMA,2026-02-03,1913.885603,2014.229862,1889.918081,1989.317706,112635344
SUNPHARMA,2026-02-04,1980.446061,2046.699953,1947.231546,2012.940467,81546569
SUNPHARMA,2026-02-05,2008.031876,2030.852230,1915.328799,1937.345839,143390683
SUNPHARMA,2026-02-06,1917.123967,1954.983566,1876.027378,1913.821765,64530684
SUNPHARMA,2026-02-09,1907.420883,1907.809633,1874.462856,1874.844968,104891520
SUNPHARMA,2026-02-10,1855.488717,1873.130765,1825.406923,1842.929558,99332776
SUNPHARMA,2026-02-11,1851.480124,1855.570160,1787.498176,1791.455614,61725142
SUNPHARMA,2026-02-12,1793.164890,1866.166264,1770.244968,1842.614288,19465000
SUNPHARMA,2026-02-13,1847.030529,1871.976894,1821.869101,1846.812522,99177836
SUNPHARMA,2026-02-16,1856.976832,1889.959148,1800.590782,1833.149901,54762396
SUNPHARMA,2026-02-17,1839.726577,1859.529098,1764.843437,1784.046629,35307622
SUNPHARMA,2026-02-18,1788.666296,1842.127244,1772.796657,1825.927016,134438025
SUNPHARMA,2026-02-19,1840.203235,1865.296745,1737.835082,1761.860286,97780580
SUNPHARMA,2026-02-20,1783.460924,1882.830003,1759.699708,1858.074701,142400935
SUNPHARMA,2026-02-23,1866.807165,1870.420584,1818.248951,1821.775206,95730534
SUNPHARMA,2026-02-24,1822.003140,1851.608893,1775.222941,1804.545017,16847688
SUNPHARMA,2026-02-25,1811.069646,1877.074949,1797.208641,1862.817890,83685224
SUNPHARMA,2026-02-26,1871.727306,1887.556437,1834.832718,1850.482180,128331894
SUNPHARMA,2026-02-27,1847.969075,1868.159213,1814.027041,1834.065271,106092655
SUNPHARMA,2026-03-02,1847.643210,1935.560817,1832.600714,1919.929803,101980474
SUNPHARMA,2026-03-03,1937.514695,1957.912464,1922.830852,1943.185642,47404635
SUNPHARMA,2026-03-04,1931.483724,1958.985155,1911.254500,1938.680555,128469445
SUNPHARMA,2026-03-05,1950.199367,1972.052643,1936.511049,1958.307415,51972877
SUNPHARMA,2026-03-06,1987.434044,2007.361206,1941.700139,1961.365926,48472835
SUNPHARMA,2026-03-09,1959.000421,1971.084540,1942.589949,1954.647215,5435478
SUNPHARMA,2026-03-10,1934.113325,2017.399612,1916.883358,1999.586381,149827103
SUNPHARMA,2026-03-11,2002.436251,2051.139054,1985.889665,2034.328932,98262546
SUNPHARMA,2026-03-12,2029.381078,2063.192044,1931.212134,1963.932682,60533781
SUNPHARMA,2026-03-13,1958.677563,1967.322233,1922.352917,1930.874879,48311788
SUNPHARMA,2026-03-16,1908.186118,2061.464553,1884.292734,2035.971107,121821491
SUNPHARMA,2026-03-17,1995.956044,2018.923185,1989.807588,2012.723079,29335139
SUNPHARMA,2026-03-18,2010.436179,2056.971774,1877.447691,1921.934742,126235331
SUNPHARMA,2026-03-19,1919.061987,2067.757680,1888.292917,2035.127683,142039446
SUNPHARMA,2026-03-20,2021.209692,2088.943074,2003.555744,2070.855503,103251977
SUNPHARMA,2026-03-23,2090.963886,2108.992349,2017.844973,2035.394310,3671917
SUNPHARMA,2026-03-24,2035.362099,2085.895425,1997.741994,2048.040973,6462639
SUNPHARMA,2026-03-25,2048.375148,2058.995378,1911.945014,1921.909556,46309711
SUNPHARMA,2026-03-26,1913.741055,1979.669770,1910.536080,1976.359926,4652112
SUNPHARMA,2026-03-27,1968.786699,2071.805369,1932.602631,2034.415124,139222279
SUNPHARMA,2026-03-30,2030.413236,2067.148174,1946.927193,1982.800709,54378165
SUNPHARMA,2026-03-31,1976.003537,2020.676457,1952.545773,1996.969796,81177043
SUNPHARMA,2026-04-01,2000.387074,2075.486183,1978.900314,2053.429676,63046369
SUNPHARMA,2026-04-02,2070.900438,2101.771453,1993.764769,2023.935679,92772531
SUNPHARMA,2026-04-03,2037.432229,2053.032034,1961.706332,1976.842224,42057602
SUNPHARMA,2026-04-06,1965.736400,1986.312128,1923.407226,1943.752848,120449978
SUNPHARMA,2026-04-07,1944.900574,1976.309979,1909.086272,1940.423372,121335535
SUNPHARMA,2026-04-08,1940.778332,1967.098914,1906.074578,1932.279906,30870914
SUNPHARMA,2026-04-09,1938.401350,1997.837439,1921.236981,1980.302043,101032764
SUNPHARMA,2026-04-10,1974.263638,2003.970363,1942.461837,1972.136556,73843591
SUNPHARMA,2026-04-13,1976.977667,2023.209044,1943.914762,1989.929533,115613473
SUNPHARMA,2026-04-14,1994.957939,2055.547509,1964.563466,2024.699898,125835174
SUNPHARMA,2026-04-15,2020.192181,2050.664632,1995.519788,2025.922258,30060336
SUNPHARMA,2026-04-16,2014.233158,2078.066933,1974.012593,2037.384087,30304742
SUNPHARMA,2026-04-17,2033.296008,2048.306475,1977.758476,1992.467534,42873777
SUNPHARMA,2026-04-20,2000.530168,2054.250635,1965.209400,2018.610644,121848677
SUNPHARMA,2026-04-21,2011.755871,2051.461529,1981.952148,2021.513253,147477424
SUNPHARMA,2026-04-22,2012.656283,2120.889789,1990.169148,2097.455207,139003095
SUNPHARMA,2026-04-23,2100.507296,2165.175634,2092.587185,2157.042354,59663521
SUNPHARMA,2026-04-24,2181.094648,2271.269016,2163.017960,2252.599702,145918608
SUNPHARMA,2026-04-27,2255.417519,2267.426770,2212.514762,2224.358636,30859910
SUNPHARMA,2026-04-28,2205.312460,2236.065501,2166.064201,2196.697100,54657124
SUNPHARMA,2026-04-29,2197.455013,2304.671881,2178.645660,2285.112217,147783916
SUNPHARMA,2026-04-30,2278.768190,2364.776392,2236.528686,2321.740351,99811607
SUNPHARMA,2026-05-01,2340.196305,2374.839916,2269.505947,2303.607914,59289083
SUNPHARMA,2026-05-04,2302.570230,2357.540167,2260.479819,2315.218548,135515342
SUNPHARMA,2026-05-05,2315.237123,2377.087372,2272.349926,2333.855293,107842189
SUNPHARMA,2026-05-06,2328.000759,2361.853124,2285.057450,2318.775670,99280549
SUNPHARMA,2026-05-07,2327.275916,2432.940801,2307.131359,2412.062345,123577680
SUNPHARMA,2026-05-08,2406.648805,2444.023282,2361.139310,2398.385461,64949859
SUNPHARMA,2026-05-11,2376.247086,2416.831851,2329.358601,2369.833832,121216378
SUNPHARMA,2026-05-12,2346.171895,2369.262120,2283.870215,2306.570699,92092021
SUNPHARMA,2026-05-13,2301.031198,2380.902246,2256.122074,2335.323834,9081713
SUNPHARMA,2026-05-14,2337.009993,2414.234502,2291.310391,2367.930263,31240310
SUNPHARMA,2026-05-15,2378.394391,2423.568724,2307.851121,2352.534277,140852875
SUNPHARMA,2026-05-18,2344.771578,2446.736735,2317.715329,2418.825975,2103493
SUNPHARMA,2026-05-19,2431.077385,2519.265530,2389.411650,2476.815892,27630838
SUNPHARMA,2026-05-20,2483.052543,2514.042155,2458.866881,2489.790860,135083503
SUNPHARMA,2026-05-21,2457.653922,2501.857134,2435.432829,2479.439070,6360520
SUNPHARMA,2026-05-22,2480.728062,2504.826007,2469.295490,2493.335334,110870983
SUNPHARMA,2026-05-25,2514.471806,2552.348506,2413.347720,2450.257123,114629402
SUNPHARMA,2026-05-26,2441.973193,2479.887806,2393.666464,2431.417183,113336774
SUNPHARMA,2026-05-27,2445.950612,2489.543547,2352.319268,2395.004211,127617989
SUNPHARMA,2026-05-28,2388.600386,2418.247272,2329.965183,2359.247750,129511135
SUNPHARMA,2026-05-29,2361.972504,2427.451817,2323.021660,2388.070595,91783581
SUNPHARMA,2026-06-01,2372.677775,2439.942781,2339.645351,2406.440315,105375469
SUNPHARMA,2026-06-02,2419.019505,2457.583034,2392.487544,2430.920542,105814135
SUNPHARMA,2026-06-03,2457.092674,2477.031301,2328.844924,2347.897462,32850876
SUNPHARMA,2026-06-04,2341.669884,2451.124451,2295.853935,2404.087275,50607681
SUNPHARMA,2026-06-05,2393.959874,2423.563260,2258.489151,2286.767004,47970317
SUNPHARMA,2026-06-08,2300.597151,2406.064331,2261.067602,2365.420961,19975408
SUNPHARMA,2026-06-09,2362.524305,2465.510784,2311.177765,2413.065787,48558108
SUNPHARMA,2026-06-10,2402.233618,2424.331465,2324.199622,2345.778142,141175526
SUNPHARMA,2026-06-11,2363.187952,2387.981460,2278.275340,2302.431418,11864920
SUNPHARMA,2026-06-12,2305.339197,2343.143846,2259.613739,2297.286331,91162076
SUNPHARMA,2026-06-15,2297.968865,2307.975256,2259.718637,2269.601504,56922919
SUNPHARMA,2026-06-16,2262.640496,2269.185161,2247.838633,2254.359345,34648922
SUNPHARMA,2026-06-17,2246.584922,2313.918904,2221.551385,2288.419211,148170870
SUNPHARMA,2026-06-18,2299.504266,2421.287583,2276.498100,2397.302957,113221919
SUNPHARMA,2026-06-19,2396.940095,2426.061503,2342.322247,2371.130078,116517722
SUNPHARMA,2026-06-22,2341.261074,2486.853276,2295.907366,2439.594699,82720676
SUNPHARMA,2026-06-23,2432.704071,2607.103234,2386.796167,2558.815465,66694722
SUNPHARMA,2026-06-24,2569.925990,2648.140067,2548.367909,2626.110674,26895478
SUNPHARMA,2026-06-25,2621.136590,2664.349313,2586.385148,2629.487159,72815401
SUNPHARMA,2026-06-26,2640.039079,2676.563646,2557.591644,2593.471962,47161986
SUNPHARMA,2026-06-29,2616.708566,2671.464557,2569.865044,2624.481879,17154887
SUNPHARMA,2026-06-30,2609.954906,2706.835062,2585.145177,2681.346697,87553540
SUNPHARMA,2026-07-01,2689.855494,2710.786814,2642.498937,2663.223015,59109971
SUNPHARMA,2026-07-02,2663.796270,2688.774246,2621.164279,2645.975150,108795094
SUNPHARMA,2026-07-03,2679.217700,2718.278802,2479.519938,2516.204420,139087121
SUNPHARMA,2026-07-06,2535.663819,2553.005908,2476.610418,2493.665267,80952129
SUNPHARMA,2026-07-07,2510.305153,2559.331506,2380.175838,2427.586696,23973782
SUNPHARMA,2026-07-08,2430.668153,2446.297306,2367.497079,2382.818560,47070458
SUNPHARMA,2026-07-09,2401.121715,2468.478239,2370.753840,2437.648397,28356434
SUNPHARMA,2026-07-10,2426.793903,2551.097249,2371.785795,2494.553241,97225367
SUNPHARMA,2026-07-13,2480.688567,2505.304311,2467.664839,2492.220042,76911140
SUNPHARMA,2026-07-14,2484.954536,2525.801446,2467.282709,2507.965973,19545459
SUNPHARMA,2026-07-15,2511.353052,2590.060834,2467.302577,2545.412932,11146944
SUNPHARMA,2026-07-16,2547.261057,2715.177619,2513.467456,2679.627953,75363669
SUNPHARMA,2026-07-17,2707.982002,2821.380703,2630.419631,2742.820484,91399131
SUNPHARMA,2026-07-20,2741.312833,2787.115404,2676.171225,2721.645184,13037799
SUNPHARMA,2026-07-21,2693.060932,2773.216296,2662.432160,2742.030582,87769968
SUNPHARMA,2026-07-22,2723.286746,2836.923881,2683.482216,2796.055734,61423407
SUNPHARMA,2026-07-23,2789.040908,2821.808022,2704.461465,2736.612623,21781013
SUNPHARMA,2026-07-24,2718.108372,2762.867519,2677.428815,2722.127807,87041150
SUNPHARMA,2026-07-27,2733.479553,2833.632181,2677.850600,2777.115200,9982701
SUNPHARMA,2026-07-28,2785.964447,2820.940621,2681.713932,2715.809350,33385280
SUNPHARMA,2026-07-29,2731.105822,2777.154219,2570.691284,2614.778316,18841797
SUNPHARMA,2026-07-30,2669.317707,2713.692316,2641.729104,2685.931996,7566268
SUNPHARMA,2026-07-31,2714.559229,2762.316764,2615.650069,2662.491573,19362114
SUNPHARMA,2026-08-03,2664.407781,2692.047159,2664.091569,2691.727705,17604871
SUNPHARMA,2026-08-04,2673.664972,2700.082656,2621.542606,2647.703775,59317759
SUNPHARMA,2026-08-05,2664.862753,2679.380156,2606.583827,2620.861524,43318567
SUNPHARMA,2026-08-06,2643.191089,2743.617907,2624.852762,2724.713978,122600304
SUNPHARMA,2026-08-07,2706.560827,2726.532802,2640.326286,2659.954347,114740688
SUNPHARMA,2026-08-10,2640.028681,2676.753606,2545.040705,2580.943710,12759453
SUNPHARMA,2026-08-11,2572.295026,2622.258967,2494.578783,2543.992990,68386388
SUNPHARMA,2026-08-12,2540.293153,2626.590804,2516.343333,2602.058660,108430310
SUNPHARMA,2026-08-13,2596.113816,2699.515869,2542.929874,2645.323812,100577873
SUNPHARMA,2026-08-14,2641.814762,2683.434267,2549.165923,2589.968637,42563961
SUNPHARMA,2026-08-17,2559.987258,2743.434448,2527.379356,2708.929392,66724795
SUNPHARMA,2026-08-18,2669.341916,2768.033261,2631.637923,2729.479831,30468907
SUNPHARMA,2026-08-19,2733.703257,2763.134366,2615.773600,2644.241562,117711706
SUNPHARMA,2026-08-20,2644.551950,2706.482042,2613.581372,2675.153091,19115507
SUNPHARMA,2026-08-21,2686.789309,2724.559450,2524.651221,2560.648103,48703689
SUNPHARMA,2026-08-24,2552.017807,2567.031328,2521.515530,2536.437391,6445490
SUNPHARMA,2026-08-25,2535.610611,2572.839250,2491.610855,2528.738597,110394914
SUNPHARMA,2026-08-26,2507.316641,2575.394018,2459.979786,2527.672848,49295453
SUNPHARMA,2026-08-27,2527.633669,2576.174704,2439.295484,2487.057286,111391533
SUNPHARMA,2026-08-28,2499.237062,2548.761925,2383.434879,2431.619839,4569108
SUNPHARMA,2026-08-31,2419.465143,2443.568077,2352.673883,2376.347273,117470555
SUNPHARMA,2026-09-01,2377.496488,2423.818284,2362.890026,2409.018165,12828177
SUNPHARMA,2026-09-02,2419.735211,2452.214896,2394.573641,2426.978012,100153359
SUNPHARMA,2026-09-03,2453.470420,2495.418929,2344.526870,2385.309998,27753415
SUNPHARMA,2026-09-04,2367.641003,2404.588913,2306.267601,2342.828300,28550411
SUNPHARMA,2026-09-07,2357.736110,2385.385528,2340.320909,2367.895287,133712553
SUNPHARMA,2026-09-08,2365.041449,2427.552664,2360.746819,2423.152511,93747936
SUNPHARMA,2026-09-09,2447.608590,2481.659970,2384.647223,2418.290730,144666842
SUNPHARMA,2026-09-10,2408.347034,2436.218940,2327.510296,2354.762061,47737796
SUNPHARMA,2026-09-11,2336.589994,2403.421241,2285.306419,2351.803753,86194389
SUNPHARMA,2026-09-14,2356.946740,2417.480688,2330.926458,2391.083543,15452239
SUNPHARMA,2026-09-15,2393.661402,2533.091863,2360.969424,2498.961722,75976872
SUNPHARMA,2026-09-16,2510.968378,2548.253938,2494.422964,2531.572756,97091646
SUNPHARMA,2026-09-17,2524.424101,2544.972032,2456.774810,2476.936206,55610617
SUNPHARMA,2026-09-18,2481.218554,2567.909980,2462.012070,2548.185125,32871674
SUNPHARMA,2026-09-21,2553.049398,2649.020237,2489.410092,2584.594611,62770475
SUNPHARMA,2026-09-22,2600.937313,2624.280357,2567.676490,2590.929718,50171172
SUNPHARMA,2026-09-23,2555.437224,2620.693017,2511.994944,2576.886108,76492353
CIPLA,2025-10-07,1509.425130,1534.133851,1500.648713,1525.265332,120620023
CIPLA,2025-10-08,1525.097025,1543.664350,1480.899651,1499.151096,20138814
CIPLA,2025-10-09,1499.971963,1526.068647,1423.859944,1449.071048,56752556
CIPLA,2025-10-10,1444.655463,1460.638434,1425.034282,1440.976552,102256497
CIPLA,2025-10-13,1439.805508,1456.942920,1366.103524,1382.559561,98474851
CIPLA,2025-10-14,1361.604694,1380.052882,1322.918786,1341.089009,15144365
CIPLA,2025-10-15,1340.290068,1388.243898,1316.144037,1363.676548,125477080
CIPLA,2025-10-16,1359.908827,1388.436136,1348.823547,1377.209827,113708512
CIPLA,2025-10-17,1383.957642,1398.424231,1346.703056,1360.928924,140006813
CIPLA,2025-10-20,1349.842521,1362.719304,1325.853228,1338.622982,88757080
CIPLA,2025-10-21,1337.497591,1421.518314,1316.921328,1399.980801,144531808
CIPLA,2025-10-22,1404.484069,1416.131358,1382.110662,1393.668257,115902900
CIPLA,2025-10-23,1380.139369,1420.693872,1366.165420,1406.453491,41372615
CIPLA,2025-10-24,1397.144672,1425.585184,1343.205036,1371.115697,84596516
CIPLA,2025-10-27,1358.684425,1407.714560,1341.939269,1390.576350,103736297
CIPLA,2025-10-28,1373.098840,1376.570718,1356.385883,1359.824196,56350776
CIPLA,2025-10-29,1375.307719,1381.519342,1369.292775,1375.503541,118199821
CIPLA,2025-10-30,1369.215925,1385.477093,1330.679663,1346.673107,17665136
CIPLA,2025-10-31,1348.074574,1373.480736,1329.998218,1355.307395,93286379
CIPLA,2025-11-03,1354.317241,1367.646310,1335.246728,1348.518729,118827258
CIPLA,2025-11-04,1357.773424,1364.657673,1310.032026,1316.708064,130068566
CIPLA,2025-11-05,1331.981499,1348.419861,1313.539024,1329.952343,44314680
CIPLA,2025-11-06,1326.245201,1347.370601,1303.582137,1324.682647,148463051
CIPLA,2025-11-07,1329.116994,1408.962815,1308.481272,1387.421858,98051431
CIPLA,2025-11-10,1386.402879,1428.167651,1364.221582,1405.677969,135532459
CIPLA,2025-11-11,1389.199577,1462.200313,1369.218446,1441.467403,142733993
CIPLA,2025-11-12,1449.482875,1475.439845,1397.690084,1423.175955,91436641
CIPLA,2025-11-13,1416.191297,1453.994759,1389.832092,1427.426437,54120774
CIPLA,2025-11-14,1417.341661,1458.055068,1393.854262,1434.286862,22380637
CIPLA,2025-11-17,1448.028048,1472.801823,1409.841273,1434.381575,133007085
CIPLA,2025-11-18,1435.241262,1510.728604,1426.531714,1501.616268,28261382
CIPLA,2025-11-19,1485.573892,1508.611224,1441.977011,1464.690497,53361006
CIPLA,2025-11-20,1453.670253,1474.748307,1422.252832,1443.178761,117630272
CIPLA,2025-11-21,1437.652254,1509.054526,1418.327528,1489.039065,105988742
CIPLA,2025-11-24,1487.611927,1548.512573,1462.547606,1522.854461,141851259
CIPLA,2025-11-25,1531.062743,1585.762542,1515.734527,1570.044065,91796635
CIPLA,2025-11-26,1567.769986,1581.401008,1523.056361,1536.414764,22451171
CIPLA,2025-11-27,1533.181549,1546.209090,1514.371631,1527.349618,59309929
CIPLA,2025-11-28,1527.602104,1536.885773,1471.306946,1480.303166,38356741
CIPLA,2025-12-01,1488.541249,1496.772466,1443.425680,1451.451803,126565777
CIPLA,2025-12-02,1444.703254,1462.634433,1375.080191,1392.361724,117770033
CIPLA,2025-12-03,1400.353930,1416.461446,1378.743151,1394.786629,91322324
CIPLA,2025-12-04,1406.515078,1421.554251,1355.029416,1369.674673,31314361
CIPLA,2025-12-05,1379.854296,1395.270337,1344.702250,1359.895305,120052895
CIPLA,2025-12-08,1351.510648,1432.172065,1320.217326,1399.761526,7398916
CIPLA,2025-12-09,1389.505139,1492.981834,1367.208761,1469.403388,70467884
CIPLA,2025-12-10,1461.599335,1533.141727,1433.441240,1504.163621,98997619
CIPLA,2025-12-11,1503.709449,1529.433645,1487.135859,1512.760299,80581701
CIPLA,2025-12-12,1515.532598,1534.244365,1506.685885,1525.340400,142259577
CIPLA,2025-12-15,1529.221997,1562.191462,1484.577813,1517.290029,77676197
CIPLA,2025-12-16,1519.898257,1531.084095,1451.341028,1462.101504,36177194
CIPLA,2025-12-17,1457.812070,1517.275475,1430.215823,1489.087193,35311438
CIPLA,2025-12-18,1485.159549,1514.133921,1472.491477,1501.327936,127202525
CIPLA,2025-12-19,1501.348154,1540.355129,1469.761280,1508.615360,87673014
CIPLA,2025-12-22,1504.093830,1526.788698,1466.688979,1489.158492,50077845
CIPLA,2025-12-23,1483.823781,1505.892889,1467.309269,1489.317237,116668728
CIPLA,2025-12-24,1505.157801,1591.450270,1490.064877,1575.650482,56899058
CIPLA,2025-12-25,1569.909899,1593.586538,1546.040135,1569.713816,50594120
CIPLA,2025-12-26,1588.931081,1606.148767,1536.524957,1553.357163,66833374
CIPLA,2025-12-29,1544.704688,1623.068073,1499.694366,1577.113410,119640619
CIPLA,2025-12-30,1587.305844,1605.027640,1526.063011,1543.293421,129526592
CIPLA,2025-12-31,1546.607300,1594.135136,1526.028792,1573.202760,48930344
CIPLA,2026-01-01,1581.583141,1603.887923,1528.882613,1550.752597,49051702
CIPLA,2026-01-02,1565.780489,1588.942791,1503.226076,1525.796907,7875925
CIPLA,2026-01-05,1535.567856,1542.611453,1470.927876,1477.706062,63396577
CIPLA,2026-01-06,1472.684550,1485.687930,1416.249525,1428.866000,54634173
CIPLA,2026-01-07,1434.155189,1464.483552,1374.767543,1404.468108,93002242
CIPLA,2026-01-08,1400.231119,1423.222809,1358.872184,1381.557250,43657494
CIPLA,2026-01-09,1388.484749,1418.030420,1345.570450,1374.825464,72940551
CIPLA,2026-01-12,1368.556079,1439.729227,1356.968604,1427.641480,18107595
CIPLA,2026-01-13,1434.665773,1447.127550,1367.072310,1379.051007,51862692
CIPLA,2026-01-14,1375.489740,1437.423918,1359.629852,1421.038833,128338435
CIPLA,2026-01-15,1415.470195,1460.998224,1399.541175,1444.739818,32178495
CIPLA,2026-01-16,1431.993843,1462.288639,1419.193183,1449.332984,55414648
CIPLA,2026-01-19,1445.731313,1474.542790,1390.851705,1419.133117,17426568
CIPLA,2026-01-20,1426.282072,1451.382184,1407.423512,1432.442174,82723319
CIPLA,2026-01-21,1419.862763,1457.634367,1410.023831,1447.603207,125506965
CIPLA,2026-01-22,1458.974127,1480.556675,1419.239689,1440.549686,131617385
CIPLA,2026-01-23,1437.628349,1466.611328,1429.363140,1458.227689,50992988
CIPLA,2026-01-26,1444.766793,1478.125691,1428.930080,1462.098992,137159271
CIPLA,2026-01-27,1455.026976,1467.490336,1429.637873,1441.989559,135155675
CIPLA,2026-01-28,1425.628112,1447.720364,1401.319798,1423.377169,47048826
CIPLA,2026-01-29,1429.913631,1475.462380,1419.909509,1465.211305,50045578
CIPLA,2026-01-30,1467.759850,1475.864513,1447.204172,1455.239701,37919055
CIPLA,2026-02-02,1446.531049,1492.572114,1435.174480,1480.945362,105025428
CIPLA,2026-02-03,1482.668173,1490.892032,1472.262390,1480.474079,144716030
CIPLA,2026-02-04,1491.034381,1524.779406,1461.754607,1495.413636,131676717
CIPLA,2026-02-05,1503.914598,1521.775481,1453.388099,1470.856374,115366684
CIPLA,2026-02-06,1475.229204,1492.094454,1413.046564,1429.387741,127771269
CIPLA,2026-02-09,1432.108872,1452.330618,1392.644743,1412.590890,108728893
CIPLA,2026-02-10,1419.955586,1453.440642,1411.734768,1445.074398,30197778
CIPLA,2026-02-11,1447.823795,1486.331017,1428.349428,1466.604042,127123717
CIPLA,2026-02-12,1459.611512,1517.533248,1441.899759,1499.339415,17973182
CIPLA,2026-02-13,1475.679576,1532.204531,1452.817623,1508.829010,99227448
CIPLA,2026-02-16,1525.617236,1545.011248,1504.545942,1523.918358,16063357
CIPLA,2026-02-17,1532.987709,1567.159039,1523.738019,1557.759881,94483030
CIPLA,2026-02-18,1550.361464,1568.237268,1538.140979,1555.972554,108725696
CIPLA,2026-02-19,1580.117924,1625.399597,1560.399392,1605.365990,42682233
CIPLA,2026-02-20,1618.692365,1647.400365,1527.789715,1555.374758,79034110
CIPLA,2026-02-23,1558.812223,1583.669248,1499.114893,1523.407348,120414098
CIPLA,2026-02-24,1539.588728,1557.713836,1499.164869,1517.024333,52215517
CIPLA,2026-02-25,1523.892071,1542.609176,1430.291746,1448.077666,90854959
CIPLA,2026-02-26,1457.189936,1515.864984,1440.263888,1498.459567,35912563
CIPLA,2026-02-27,1512.117813,1514.263756,1500.517722,1502.650229,55726303
CIPLA,2026-03-02,1509.190486,1537.056226,1501.421312,1529.184127,148784150
CIPLA,2026-03-03,1541.886295,1562.232715,1505.030706,1525.156362,25185955
CIPLA,2026-03-04,1531.460735,1538.461871,1480.249267,1487.047366,3994808
CIPLA,2026-03-05,1488.012120,1524.125580,1466.379767,1502.285721,117093550
CIPLA,2026-03-06,1505.843266,1519.878576,1477.156879,1491.054347,112681070
CIPLA,2026-03-09,1494.462436,1523.830323,1474.349094,1503.594083,18973288
CIPLA,2026-03-10,1495.677133,1523.780202,1489.059700,1517.068127,132442400
CIPLA,2026-03-11,1526.629460,1561.905805,1428.181680,1461.963773,104087682
CIPLA,2026-03-12,1460.282403,1469.790566,1452.378185,1461.877713,23496805
CIPLA,2026-03-13,1453.147687,1512.297003,1447.561991,1506.506205,148116598
CIPLA,2026-03-16,1506.237866,1513.639861,1487.004440,1494.348005,87834214
CIPLA,2026-03-17,1492.295107,1559.778216,1484.112195,1551.271908,93588078
CIPLA,2026-03-18,1552.346346,1584.509142,1535.030192,1567.029203,102005374
CIPLA,2026-03-19,1563.165730,1570.944864,1551.699816,1559.460511,101501805
CIPLA,2026-03-20,1554.304660,1574.916916,1513.328926,1533.667505,58971709
CIPLA,2026-03-23,1530.709544,1551.701173,1494.187201,1514.962886,146487901
CIPLA,2026-03-24,1532.642399,1540.505798,1469.381644,1476.959355,149388002
CIPLA,2026-03-25,1487.857479,1501.775013,1417.937488,1431.326225,2298206
CIPLA,2026-03-26,1426.780809,1441.164966,1387.439501,1401.569489,39562175
CIPLA,2026-03-27,1408.237679,1415.951532,1404.994690,1412.698271,7004360
CIPLA,2026-03-30,1420.231178,1434.383422,1391.888160,1405.897574,38329207
CIPLA,2026-03-31,1412.404362,1438.484603,1370.252315,1396.030205,52011997
CIPLA,2026-04-01,1377.387359,1393.801078,1330.858926,1346.909453,9967293
CIPLA,2026-04-02,1343.537625,1357.658915,1293.042935,1306.777860,88752603
CIPLA,2026-04-03,1317.015021,1332.068482,1268.882445,1283.553441,115849150
CIPLA,2026-04-06,1289.216478,1307.467047,1277.967630,1296.157635,58337336
CIPLA,2026-04-07,1301.256191,1331.601268,1300.897882,1331.234703,12278743
CIPLA,2026-04-08,1342.985055,1359.362998,1301.830447,1317.902503,122250252
CIPLA,2026-04-09,1317.961222,1346.206701,1278.175427,1306.168167,107993339
CIPLA,2026-04-10,1298.095466,1324.654722,1267.270769,1293.740931,113410222
CIPLA,2026-04-13,1283.482913,1306.463100,1267.646835,1290.539949,101018388
CIPLA,2026-04-14,1303.713635,1317.349334,1276.986630,1290.483959,124353817
CIPLA,2026-04-15,1297.922659,1327.542926,1223.228176,1251.795768,87696840
CIPLA,2026-04-16,1247.042564,1292.988348,1231.751619,1277.326073,87238343
CIPLA,2026-04-17,1271.991979,1283.131412,1266.544625,1277.659786,43644696
CIPLA,2026-04-20,1278.402051,1324.182733,1254.110125,1299.490096,129797267
CIPLA,2026-04-21,1303.778069,1317.004211,1285.516290,1298.690824,75624800
CIPLA,2026-04-22,1292.318517,1302.071396,1288.196179,1297.931154,95157753
CIPLA,2026-04-23,1300.206125,1327.876017,1284.026483,1311.555149,18710524
CIPLA,2026-04-24,1297.506158,1316.284352,1277.881581,1296.647346,54324603
CIPLA,2026-04-27,1283.011797,1309.200613,1232.354578,1258.033539,40499213
CIPLA,2026-04-28,1263.859568,1280.378992,1189.036850,1204.784122,130971770
CIPLA,2026-04-29,1194.695791,1245.773924,1190.388539,1241.298653,59279517
CIPLA,2026-04-30,1236.000397,1303.238886,1219.951296,1286.533626,124189427
CIPLA,2026-05-01,1275.079627,1307.504914,1236.998703,1269.276414,70978318
CIPLA,2026-05-04,1256.291754,1292.577050,1235.053550,1271.088697,39468644
CIPLA,2026-05-05,1275.044364,1277.367817,1251.128283,1253.412318,60738450
CIPLA,2026-05-06,1241.913450,1246.010980,1222.663801,1226.711174,48959807
CIPLA,2026-05-07,1229.571016,1254.092701,1163.335325,1187.008167,52125960
CIPLA,2026-05-08,1201.571133,1207.954556,1171.644972,1177.902655,10863103
CIPLA,2026-05-11,1177.209347,1238.857492,1164.609009,1225.737727,2664596
CIPLA,2026-05-12,1228.741746,1272.309759,1205.408381,1248.599306,71876784
CIPLA,2026-05-13,1254.151949,1268.774409,1220.313486,1234.709260,106642678
CIPLA,2026-05-14,1229.003979,1251.566617,1182.981223,1205.105114,43197562
CIPLA,2026-05-15,1198.185510,1233.259730,1185.326323,1220.164658,56871591
CIPLA,2026-05-18,1222.817286,1240.701532,1163.553043,1180.823105,25027070
CIPLA,2026-05-19,1182.254032,1197.461969,1136.621990,1151.433467,102953629
CIPLA,2026-05-20,1149.095868,1159.965696,1134.910224,1145.748388,131720685
CIPLA,2026-05-21,1154.598924,1164.202029,1144.127166,1153.722986,90388574
CIPLA,2026-05-22,1159.838631,1172.669324,1134.685521,1147.378372,61378007
CIPLA,2026-05-25,1157.365721,1200.808155,1141.971196,1185.045453,53007904
CIPLA,2026-05-26,1185.931190,1201.446267,1159.071530,1174.436223,104224102
CIPLA,2026-05-27,1168.365221,1183.124986,1146.733649,1161.405492,89411110
CIPLA,2026-05-28,1159.488925,1194.272232,1146.121123,1180.660344,31973279
CIPLA,2026-05-29,1184.936348,1224.953346,1166.860814,1206.548137,19645067
CIPLA,2026-06-01,1209.997670,1244.873326,1194.495934,1229.126523,104549353
CIPLA,2026-06-02,1230.227109,1301.845335,1210.926529,1281.736641,103241388
CIPLA,2026-06-03,1275.164950,1299.426827,1264.750687,1288.900386,134513883
CIPLA,2026-06-04,1285.786732,1294.820245,1253.629846,1262.499753,120940762
CIPLA,2026-06-05,1265.495781,1277.273750,1201.688502,1212.977685,91873415
CIPLA,2026-06-08,1210.402600,1224.428347,1203.867239,1217.852760,28872692
CIPLA,2026-06-09,1217.646489,1224.139012,1188.991028,1195.364744,94261525
CIPLA,2026-06-10,1191.538781,1222.231207,1168.085889,1198.638571,84609399
CIPLA,2026-06-11,1197.213890,1199.570140,1193.135593,1195.488447,117174413
CIPLA,2026-06-12,1192.280308,1213.758577,1148.736134,1169.809606,138890721
CIPLA,2026-06-15,1171.377156,1179.347841,1129.288731,1137.025671,88715328
CIPLA,2026-06-16,1132.376692,1170.569293,1123.487873,1161.452239,37236470
CIPLA,2026-06-17,1149.587772,1203.449384,1134.245290,1187.599594,133664238
CIPLA,2026-06-18,1189.694832,1217.154378,1176.496405,1203.799474,101615608
CIPLA,2026-06-19,1200.634528,1212.480797,1188.508291,1200.351770,110367305
CIPLA,2026-06-22,1191.225793,1233.147689,1178.974085,1220.593931,66911310
CIPLA,2026-06-23,1227.917289,1252.828702,1202.031182,1226.922411,78193722
CIPLA,2026-06-24,1224.590687,1238.850173,1197.922149,1212.035437,1243650
CIPLA,2026-06-25,1208.924803,1231.131068,1190.135360,1212.289333,33434777
CIPLA,2026-06-26,1219.669045,1260.462818,1199.004497,1239.462907,100661441
CIPLA,2026-06-29,1242.815336,1261.317830,1195.623528,1213.692453,25097663
CIPLA,2026-06-30,1216.847064,1236.025823,1185.656779,1204.643193,48862399
CIPLA,2026-07-01,1208.998143,1221.375804,1198.690732,1211.050892,129341497
CIPLA,2026-07-02,1214.964080,1231.923323,1192.103221,1208.978920,47289652
CIPLA,2026-07-03,1205.023056,1248.691713,1193.097837,1236.455432,26116466
CIPLA,2026-07-06,1226.673956,1251.234418,1212.626530,1237.067964,121265262
CIPLA,2026-07-07,1240.565300,1262.163311,1226.711049,1248.223535,139857681
CIPLA,2026-07-08,1256.847534,1274.217452,1243.568900,1260.896045,2329768
CIPLA,2026-07-09,1258.797442,1263.645959,1232.631040,1237.397130,66493538
CIPLA,2026-07-10,1231.825290,1268.395300,1212.527766,1248.831363,13775902
CIPLA,2026-07-13,1249.157557,1266.496619,1214.281059,1231.373264,145413321
CIPLA,2026-07-14,1230.607029,1237.360436,1198.600750,1205.214808,83790869
CIPLA,2026-07-15,1218.337768,1233.179583,1199.131292,1213.919280,54653198
CIPLA,2026-07-16,1222.300481,1240.562701,1191.639854,1209.714021,3649545
CIPLA,2026-07-17,1210.256289,1263.894395,1191.070830,1244.171302,45814675
CIPLA,2026-07-20,1240.416576,1291.281769,1229.113389,1279.621332,62934802
CIPLA,2026-07-21,1278.972664,1300.070880,1267.748256,1288.760572,52752027
CIPLA,2026-07-22,1293.327208,1332.308221,1275.164235,1313.856936,116284992
CIPLA,2026-07-23,1307.330558,1316.863978,1270.484840,1279.817628,69441510
CIPLA,2026-07-24,1291.926919,1317.666989,1238.000650,1263.167727,19047435
CIPLA,2026-07-27,1259.456130,1266.129803,1240.827087,1247.437073,36122193
CIPLA,2026-07-28,1249.697282,1298.490339,1233.167434,1281.539313,33068493
CIPLA,2026-07-29,1279.809634,1281.989981,1237.901498,1240.014047,53993718
CIPLA,2026-07-30,1240.341759,1245.120954,1238.572992,1243.347901,85910265
CIPLA,2026-07-31,1249.136016,1284.498797,1227.724253,1262.851926,101462172
CIPLA,2026-08-03,1263.042481,1303.835069,1225.698280,1266.391837,143429367
CIPLA,2026-08-04,1257.496631,1271.719466,1239.909269,1254.093614,100541679
CIPLA,2026-08-05,1248.807941,1292.818710,1226.796278,1270.426004,133394635
CIPLA,2026-08-06,1259.629296,1287.652958,1212.939592,1240.538531,17894383
CIPLA,2026-08-07,1238.483235,1255.137388,1209.899193,1226.390735,149223238
CIPLA,2026-08-10,1221.829172,1249.142774,1208.899237,1236.062219,38362826
CIPLA,2026-08-11,1229.144027,1276.837104,1216.911712,1264.255365,40735873
CIPLA,2026-08-12,1249.392056,1263.118355,1211.621419,1225.080622,90846112
CIPLA,2026-08-13,1219.178783,1244.817965,1204.241206,1229.750856,77241371
CIPLA,2026-08-14,1237.675695,1257.437159,1186.777900,1206.034157,137965620
CIPLA,2026-08-17,1215.562660,1238.947093,1201.200247,1224.479325,12296628
CIPLA,2026-08-18,1227.042658,1242.778047,1201.366514,1216.972769,131736204
CIPLA,2026-08-19,1210.182417,1226.396621,1145.820184,1161.380533,125179849
CIPLA,2026-08-20,1156.299287,1165.955471,1155.263058,1164.911524,73546381
CIPLA,2026-08-21,1166.392472,1192.602083,1145.882143,1171.993267,26708616
CIPLA,2026-08-24,1169.580711,1230.607117,1158.423345,1218.978515,101904543
CIPLA,2026-08-25,1222.974186,1236.511479,1177.955794,1191.140716,65957215
CIPLA,2026-08-26,1191.849925,1216.637795,1173.671047,1198.359627,56102654
CIPLA,2026-08-27,1205.961176,1214.272234,1160.415392,1168.468061,69099144
CIPLA,2026-08-28,1157.218007,1172.838752,1135.805041,1151.346530,122732096
CIPLA,2026-08-31,1154.162285,1170.479916,1129.040421,1145.231792,9245646
CIPLA,2026-09-01,1133.680204,1145.367128,1118.492036,1130.142491,146586006
CIPLA,2026-09-02,1137.834697,1155.042163,1117.660601,1134.822513,129684736
CIPLA,2026-09-03,1138.847583,1156.864867,1123.530791,1141.512238,109344699
CIPLA,2026-09-04,1145.620650,1168.658620,1116.437812,1139.349675,9385273
CIPLA,2026-09-07,1140.175366,1152.547308,1130.036985,1142.389242,92577237
CIPLA,2026-09-08,1149.148362,1161.838462,1132.993382,1145.644792,143009987
CIPLA,2026-09-09,1146.622277,1165.605967,1134.524944,1153.436738,68338052
CIPLA,2026-09-10,1151.273655,1163.393741,1140.818052,1152.923157,126718959
CIPLA,2026-09-11,1148.040640,1188.594998,1146.820161,1187.332747,46947000
CIPLA,2026-09-14,1191.197581,1195.741230,1151.361641,1155.770157,46761916
CIPLA,2026-09-15,1148.167243,1161.167632,1110.476959,1123.194590,143681758
CIPLA,2026-09-16,1137.467425,1155.479425,1107.790586,1125.614899,3794624
CIPLA,2026-09-17,1131.868876,1143.524077,1107.852371,1119.378960,33397109
CIPLA,2026-09-18,1124.814153,1171.108859,1115.475146,1161.465547,22823200
CIPLA,2026-09-21,1164.644829,1173.100186,1126.538953,1134.777471,77910122
CIPLA,2026-09-22,1140.258364,1174.038207,1127.867046,1161.416956,11555822
CIPLA,2026-09-23,1150.439312,1160.091619,1128.187792,1137.733496,77399419
